Организация;;;;;;Начальный остаток;Приход;Расход;Конечный остаток
Склад;;;;;;Количество;Количество;Количество;Количество
Источник финансирования;;;;;;;;;
Номенклатура;;;;;Ед. изм.;;;;
Серия номенклатуры, Партия;;;;;;;;;
Регистратор;;;;;;;;;
АРЦСМП И МК ГБУЗ РА;;;;;;782 105,000;1 561 537,000;1 507 971,000;835 671,000
Склад аптеки;;;;;;782 105,000;1 561 537,000;1 507 971,000;835 671,000
Госзадание (4);;;;;;18 190,000;;18 160,000;30,000
Анаприлин табл. 10 мг, бл. 10, пач. картон. 5;;;;;шт;18150,00;;18 150,000;
431120 до 15.12.24, <партии не учитываются>;;;;;;14 250,000;;14 250,000;
Отпуск в отделение 0000-000005 от 09.01.2024 11:47:30;;;;;;14 250,000;;500,000;13 750,000
Отпуск в отделение 0000-000052 от 12.02.2024 10:08:46;;;;;;13 750,000;;500,000;13 250,000
Отпуск в отделение 0000-000060 от 19.02.2024 11:14:10;;;;;;13 250,000;;500,000;12 750,000
Отпуск в отделение 0000-000076 от 01.03.2024 10:38:57;;;;;;12 750,000;;500,000;12 250,000
Отпуск в отделение 0000-000084 от 06.03.2024 9:46:40;;;;;;12 250,000;;500,000;11 750,000
Отпуск в отделение 0000-000108 от 21.03.2024 8:15:48;;;;;;11 750,000;;500,000;11 250,000
Отпуск в отделение 0000-000116 от 25.03.2024 11:39:14;;;;;;11 250,000;;300,000;10 950,000
Отпуск в отделение 0000-000119 от 27.03.2024 10:43:22;;;;;;10 950,000;;500,000;10 450,000
Отпуск в отделение 0000-000121 от 01.04.2024 10:10:51;;;;;;10 450,000;;500,000;9 950,000
Отпуск в отделение 0000-000127 от 02.04.2024 15:48:04;;;;;;9 950,000;;300,000;9 650,000
Отпуск в отделение 0000-000150 от 12.04.2024 9:48:40;;;;;;9 650,000;;500,000;9 150,000
Отпуск в отделение 0000-000183 от 06.05.2024 9:17:42;;;;;;9 150,000;;250,000;8 900,000
Отпуск в отделение 0000-000184 от 06.05.2024 10:38:18;;;;;;8 900,000;;500,000;8 400,000
Отпуск в отделение 0000-000202 от 20.05.2024 9:36:32;;;;;;8 400,000;;300,000;8 100,000
Отпуск в отделение 0000-000231 от 03.06.2024 13:15:43;;;;;;8 100,000;;500,000;7 600,000
Отпуск в отделение 0000-000237 от 10.06.2024 9:49:51;;;;;;7 600,000;;500,000;7 100,000
Отпуск в отделение 0000-000245 от 18.06.2024 10:51:43;;;;;;7 100,000;;500,000;6 600,000
Отпуск в отделение 0000-000294 от 17.07.2024 10:55:10;;;;;;6 600,000;;300,000;6 300,000
Отпуск в отделение 0000-000296 от 17.07.2024 11:41:19;;;;;;6 300,000;;500,000;5 800,000
Отпуск в отделение 0000-000309 от 29.07.2024 10:50:02;;;;;;5 800,000;;500,000;5 300,000
Отпуск в отделение 0000-000316 от 05.08.2024 11:01:37;;;;;;5 300,000;;250,000;5 050,000
Отпуск в отделение 0000-000335 от 14.08.2024 10:08:22;;;;;;5 050,000;;500,000;4 550,000
Отпуск в отделение 0000-000340 от 19.08.2024 9:06:52;;;;;;4 550,000;;300,000;4 250,000
Отпуск в отделение 0000-000346 от 22.08.2024 11:21:57;;;;;;4 250,000;;100,000;4 150,000
Отпуск в отделение 0000-000354 от 26.08.2024 10:26:30;;;;;;4 150,000;;250,000;3 900,000
Отпуск в отделение 0000-000365 от 05.09.2024 13:17:07;;;;;;3 900,000;;500,000;3 400,000
Отпуск в отделение 0000-000372 от 11.09.2024 10:22:00;;;;;;3 400,000;;500,000;2 900,000
Отпуск в отделение 0000-000445 от 06.11.2024 10:42:12;;;;;;2 900,000;;500,000;2 400,000
Отпуск в отделение 0000-000454 от 11.11.2024 10:54:33;;;;;;2 400,000;;300,000;2 100,000
Отпуск в отделение 0000-000462 от 18.11.2024 10:23:59;;;;;;2 100,000;;300,000;1 800,000
Отпуск в отделение 0000-000465 от 20.11.2024 9:29:48;;;;;;1 800,000;;200,000;1 600,000
Отпуск в отделение 0000-000499 от 09.12.2024 10:48:28;;;;;;1 600,000;;200,000;1 400,000
Отпуск в отделение 0000-000502 от 10.12.2024 11:09:59;;;;;;1 400,000;;500,000;900,000
Отпуск в отделение 0000-000507 от 13.12.2024 13:28:27;;;;;;900,000;;200,000;700,000
Отпуск в отделение 0000-000513 от 18.12.2024 9:09:40;;;;;;700,000;;250,000;450,000
Отпуск в отделение 0000-000520 от 24.12.2024 10:56:12;;;;;;450,000;;450,000;
80121 до 01.02.25, <партии не учитываются>;;;;;;3 900,000;;3 900,000;
Отпуск в отделение 0000-000022 от 22.01.2024 8:59:29;;;;;;3 900,000;;400,000;3 500,000
Отпуск в отделение 0000-000175 от 26.04.2024 10:21:39;;;;;;3 500,000;;250,000;3 250,000
Отпуск в отделение 0000-000257 от 21.06.2024 10:04:02;;;;;;3 250,000;;500,000;2 750,000
Отпуск в отделение 0000-000276 от 05.07.2024 11:22:28;;;;;;2 750,000;;500,000;2 250,000
Отпуск в отделение 0000-000402 от 08.10.2024 9:37:04;;;;;;2 250,000;;250,000;2 000,000
Отпуск в отделение 0000-000415 от 16.10.2024 10:47:19;;;;;;2 000,000;;500,000;1 500,000
Отпуск в отделение 0000-000420 от 21.10.2024 10:57:24;;;;;;1 500,000;;200,000;1 300,000
Отпуск в отделение 0000-000430 от 25.10.2024 9:45:24;;;;;;1 300,000;;500,000;800,000
Отпуск в отделение 0000-000520 от 24.12.2024 10:56:12;;;;;;800,000;;50,000;750,000
Отпуск в отделение 0000-000527 от 26.12.2024 8:58:42;;;;;;750,000;;500,000;250,000
Отпуск в отделение 0000-000531 от 27.12.2024 13:33:59;;;;;;250,000;;250,000;
Ардуан, лиоф. д/р-ра для в/в введ. 4 мг, фл. 10 мг, пач. картон. 25;;;;;фл. 10 мг;25,00;;;25,000
A25072A до 01.05.25, <партии не учитываются>;;;;;;25,000;;;25,000
Ипратерол, р-р д/ингал. 0.25 мг/мл + 0.5 мг/мл, фл. 20 мл, неро 2022;;;;;фл. 20 см3;10,00;;10,000;
100522 до 31.05.24, <партии не учитываются>;;;;;;10,000;;10,000;
Отпуск в отделение 0000-000119 от 27.03.2024 10:43:22;;;;;;10,000;;4,000;6,000
Отпуск в отделение 0000-000136 от 08.04.2024 10:40:04;;;;;;6,000;;6,000;
Пинцет одноразовый стерильный;;;;;шт;5,000;;;5,000
<серии не учитываются>, <партии не учитываются>;;;;;;5,000;;;5,000
ОМС(7);;;;;;753 415,000;1 561 060,000;1 478 834,000;835 641,000
Адреналин-СОЛОфарм, р-р д/ин. 1 мг/мл, 1 мл, N 5 Гротекс ООО;;;;;амп. 1 мл;235,00;;235,000;
010223 до 31.01.26, <партии не учитываются>;;;;;;235,000;;235,000;
Отпуск в отделение 0000-000019 от 17.01.2024 10:01:43;;;;;;235,000;;50,000;185,000
Отпуск в отделение 0000-000022 от 22.01.2024 8:59:29;;;;;;185,000;;50,000;135,000
Отпуск в отделение 0000-000055 от 14.02.2024 13:28:17;;;;;;135,000;;50,000;85,000
Отпуск в отделение 0000-000062 от 20.02.2024 14:30:18;;;;;;85,000;;85,000;
Адреналин-СОЛОфарм, р-р д/ин. 1 мг/мл, амп. 1 мл, пач. картон. 01.23;;;;;амп. 1 мл;305,00;;305,000;
071122 до 31.10.25, <партии не учитываются>;;;;;;305,000;;305,000;
Отпуск в отделение 0000-000062 от 20.02.2024 14:30:18;;;;;;305,000;;15,000;290,000
Отпуск в отделение 0000-000078 от 04.03.2024 9:12:23;;;;;;290,000;;50,000;240,000
Отпуск в отделение 0000-000082 от 04.03.2024 10:17:59;;;;;;240,000;;100,000;140,000
Отпуск в отделение 0000-000114 от 25.03.2024 11:21:13;;;;;;140,000;;50,000;90,000
Отпуск в отделение 0000-000136 от 08.04.2024 10:40:04;;;;;;90,000;;50,000;40,000
Отпуск в отделение 0000-000175 от 26.04.2024 10:21:39;;;;;;40,000;;40,000;
Адреналин, р-р д/ин. 1 мг/мл, с нож. амп., 1 мл, N 5 Московский эндокринный завод ФГУП;;;;;амп. 1 мл;;1 500,000;1 370,000;130,000
181022 до 31.10.25, <партии не учитываются>;;;;;;;1 000,000;1 000,000;
Поступление товаров 0000-000015 от 03.04.2024 8:40:27;;;;;;;1 000,000;;1 000,000
Отпуск в отделение 0000-000175 от 26.04.2024 10:21:39;;;;;;1 000,000;;10,000;990,000
Отпуск в отделение 0000-000192 от 08.05.2024 10:45:30;;;;;;990,000;;50,000;940,000
Отпуск в отделение 0000-000220 от 27.05.2024 10:15:42;;;;;;940,000;;50,000;890,000
Отпуск в отделение 0000-000285 от 15.07.2024 9:35:52;;;;;;890,000;;50,000;840,000
Отпуск в отделение 0000-000300 от 22.07.2024 8:24:55;;;;;;840,000;;100,000;740,000
Отпуск в отделение 0000-000302 от 22.07.2024 13:07:35;;;;;;740,000;;50,000;690,000
Отпуск в отделение 0000-000303 от 22.07.2024 13:50:37;;;;;;690,000;;50,000;640,000
Отпуск в отделение 0000-000304 от 24.07.2024 11:20:51;;;;;;640,000;;100,000;540,000
Отпуск в отделение 0000-000312 от 31.07.2024 15:02:02;;;;;;540,000;;100,000;440,000
Отпуск в отделение 0000-000314 от 02.08.2024 14:51:50;;;;;;440,000;;30,000;410,000
Отпуск в отделение 0000-000323 от 07.08.2024 13:27:34;;;;;;410,000;;100,000;310,000
Отпуск в отделение 0000-000328 от 12.08.2024 11:39:14;;;;;;310,000;;50,000;260,000
Отпуск в отделение 0000-000340 от 19.08.2024 9:06:52;;;;;;260,000;;50,000;210,000
Отпуск в отделение 0000-000382 от 19.09.2024 8:21:45;;;;;;210,000;;50,000;160,000
Отпуск в отделение 0000-000385 от 20.09.2024 11:17:32;;;;;;160,000;;50,000;110,000
Отпуск в отделение 0000-000400 от 04.10.2024 10:35:07;;;;;;110,000;;50,000;60,000
Отпуск в отделение 0000-000407 от 10.10.2024 10:54:04;;;;;;60,000;;30,000;30,000
Отпуск в отделение 0000-000422 от 21.10.2024 11:42:29;;;;;;30,000;;30,000;
90924 до 31.08.27, <партии не учитываются>;;;;;;;500,000;370,000;130,000
Поступление товаров 0000-000087 от 05.11.2024 16:15:10;;;;;;;500,000;;500,000
Отпуск в отделение 0000-000448 от 08.11.2024 11:03:12;;;;;;500,000;;50,000;450,000
Отпуск в отделение 0000-000487 от 03.12.2024 11:22:36;;;;;;450,000;;30,000;420,000
Отпуск в отделение 0000-000495 от 06.12.2024 11:07:16;;;;;;420,000;;50,000;370,000
Отпуск в отделение 0000-000499 от 09.12.2024 10:48:28;;;;;;370,000;;30,000;340,000
Отпуск в отделение 0000-000507 от 13.12.2024 13:28:27;;;;;;340,000;;30,000;310,000
Отпуск в отделение 0000-000513 от 18.12.2024 9:09:40;;;;;;310,000;;100,000;210,000
Отпуск в отделение 0000-000520 от 24.12.2024 10:56:12;;;;;;210,000;;50,000;160,000
Отпуск в отделение 0000-000527 от 26.12.2024 8:58:42;;;;;;160,000;;30,000;130,000
Азитромицин, капс. 500 мг, бл. 3, пач. картон. 1;;;;;шт;;24,000;24,000;
170924 до 30.09.27, <партии не учитываются>;;;;;;;24,000;24,000;
Поступление товаров 0000-000086 от 15.10.2024 10:47:52;;;;;;;24,000;;24,000
Отпуск в отделение 0000-000431 от 28.10.2024 9:36:38;;;;;;24,000;;24,000;
Аминазин, р-р для в/в и в/м введ. 25 мг/мл, 2 мл, N 10 Новосибхимфарм АО;;;;;амп. 2 мл;250,00;700,000;950,000;
70322 до 28.02.25, <партии не учитываются>;;;;;;170,000;;170,000;
Отпуск в отделение 0000-000082 от 04.03.2024 10:17:59;;;;;;170,000;;50,000;120,000
Отпуск в отделение 0000-000108 от 21.03.2024 8:15:48;;;;;;120,000;;50,000;70,000
Отпуск в отделение 0000-000114 от 25.03.2024 11:21:13;;;;;;70,000;;30,000;40,000
Отпуск в отделение 0000-000122 от 01.04.2024 11:08:23;;;;;;40,000;;10,000;30,000
Отпуск в отделение 0000-000123 от 01.04.2024 11:09:54;;;;;;30,000;;10,000;20,000
Отпуск в отделение 0000-000150 от 12.04.2024 9:48:40;;;;;;20,000;;20,000;
80723 до 31.07.26, <партии не учитываются>;;;;;;;700,000;700,000;
Поступление товаров 0000-000027 от 18.04.2024 9:29:23;;;;;;;700,000;;700,000
Отпуск в отделение 0000-000181 от 03.05.2024 13:17:20;;;;;;700,000;;100,000;600,000
Отпуск в отделение 0000-000202 от 20.05.2024 9:36:32;;;;;;600,000;;50,000;550,000
Отпуск в отделение 0000-000214 от 23.05.2024 13:10:14;;;;;;550,000;;30,000;520,000
Отпуск в отделение 0000-000245 от 18.06.2024 10:51:43;;;;;;520,000;;50,000;470,000
Отпуск в отделение 0000-000257 от 21.06.2024 10:04:02;;;;;;470,000;;50,000;420,000
Отпуск в отделение 0000-000293 от 17.07.2024 9:59:13;;;;;;420,000;;50,000;370,000
Отпуск в отделение 0000-000351 от 26.08.2024 9:57:40;;;;;;370,000;;50,000;320,000
Отпуск в отделение 0000-000365 от 05.09.2024 13:17:07;;;;;;320,000;;50,000;270,000
Отпуск в отделение 0000-000397 от 02.10.2024 9:56:50;;;;;;270,000;;50,000;220,000
Отпуск в отделение 0000-000402 от 08.10.2024 9:37:04;;;;;;220,000;;50,000;170,000
Отпуск в отделение 0000-000448 от 08.11.2024 11:03:12;;;;;;170,000;;40,000;130,000
Отпуск в отделение 0000-000479 от 28.11.2024 10:45:08;;;;;;130,000;;50,000;80,000
Отпуск в отделение 0000-000511 от 17.12.2024 14:38:17;;;;;;80,000;;50,000;30,000
Отпуск в отделение 0000-000531 от 27.12.2024 13:33:59;;;;;;30,000;;30,000;
90322 до 28.02.25, <партии не учитываются>;;;;;;80,000;;80,000;
Отпуск в отделение 0000-000040 от 05.02.2024 10:54:32;;;;;;80,000;;50,000;30,000
Отпуск в отделение 0000-000063 от 21.02.2024 9:44:05;;;;;;30,000;;30,000;
Амиодарон, конц. д/р-ра для в/в введ. 50 мг/мл, амп., 3 мл, N 10 Борис.06.24;;;;;амп. 3 мл;670,00;1 800,000;1 650,000;820,000
050424 до 30.04.26, <партии не учитываются>;;;;;;;1 800,000;980,000;820,000
Поступление товаров 0000-000053 от 01.07.2024 8:50:53;;;;;;;1 800,000;;1 800,000
Отпуск в отделение 0000-000276 от 05.07.2024 11:22:28;;;;;;1 800,000;;50,000;1 750,000
Отпуск в отделение 0000-000294 от 17.07.2024 10:55:10;;;;;;1 750,000;;50,000;1 700,000
Отпуск в отделение 0000-000314 от 02.08.2024 14:51:50;;;;;;1 700,000;;40,000;1 660,000
Отпуск в отделение 0000-000316 от 05.08.2024 11:01:37;;;;;;1 660,000;;50,000;1 610,000
Отпуск в отделение 0000-000328 от 12.08.2024 11:39:14;;;;;;1 610,000;;50,000;1 560,000
Отпуск в отделение 0000-000345 от 20.08.2024 8:27:18;;;;;;1 560,000;;10,000;1 550,000
Отпуск в отделение 0000-000360 от 02.09.2024 9:34:07;;;;;;1 550,000;;50,000;1 500,000
Отпуск в отделение 0000-000365 от 05.09.2024 13:17:07;;;;;;1 500,000;;50,000;1 450,000
Отпуск в отделение 0000-000382 от 19.09.2024 8:21:45;;;;;;1 450,000;;30,000;1 420,000
Отпуск в отделение 0000-000395 от 01.10.2024 10:34:02;;;;;;1 420,000;;50,000;1 370,000
Отпуск в отделение 0000-000407 от 10.10.2024 10:54:04;;;;;;1 370,000;;50,000;1 320,000
Отпуск в отделение 0000-000430 от 25.10.2024 9:45:24;;;;;;1 320,000;;40,000;1 280,000
Отпуск в отделение 0000-000444 от 06.11.2024 8:43:10;;;;;;1 280,000;;50,000;1 230,000
Отпуск в отделение 0000-000462 от 18.11.2024 10:23:59;;;;;;1 230,000;;50,000;1 180,000
Отпуск в отделение 0000-000467 от 20.11.2024 10:53:40;;;;;;1 180,000;;30,000;1 150,000
Отпуск в отделение 0000-000483 от 02.12.2024 9:12:54;;;;;;1 150,000;;40,000;1 110,000
Отпуск в отделение 0000-000495 от 06.12.2024 11:07:16;;;;;;1 110,000;;40,000;1 070,000
Отпуск в отделение 0000-000499 от 09.12.2024 10:48:28;;;;;;1 070,000;;40,000;1 030,000
Отпуск в отделение 0000-000513 от 18.12.2024 9:09:40;;;;;;1 030,000;;50,000;980,000
Отпуск в отделение 0000-000531 от 27.12.2024 13:33:59;;;;;;980,000;;160,000;820,000
050823 до 31.08.25, <партии не учитываются>;;;;;;670,000;;670,000;
Отпуск в отделение 0000-000017 от 16.01.2024 15:20:56;;;;;;670,000;;50,000;620,000
Отпуск в отделение 0000-000028 от 26.01.2024 9:59:46;;;;;;620,000;;50,000;570,000
Отпуск в отделение 0000-000044 от 07.02.2024 10:46:01;;;;;;570,000;;50,000;520,000
Отпуск в отделение 0000-000052 от 12.02.2024 10:08:46;;;;;;520,000;;50,000;470,000
Отпуск в отделение 0000-000063 от 21.02.2024 9:44:05;;;;;;470,000;;30,000;440,000
Отпуск в отделение 0000-000073 от 26.02.2024 10:35:14;;;;;;440,000;;50,000;390,000
Отпуск в отделение 0000-000084 от 06.03.2024 9:46:40;;;;;;390,000;;50,000;340,000
Отпуск в отделение 0000-000119 от 27.03.2024 10:43:22;;;;;;340,000;;40,000;300,000
Отпуск в отделение 0000-000184 от 06.05.2024 10:38:18;;;;;;300,000;;80,000;220,000
Отпуск в отделение 0000-000190 от 07.05.2024 11:06:49;;;;;;220,000;;50,000;170,000
Отпуск в отделение 0000-000202 от 20.05.2024 9:36:32;;;;;;170,000;;50,000;120,000
Отпуск в отделение 0000-000214 от 23.05.2024 13:10:14;;;;;;120,000;;40,000;80,000
Отпуск в отделение 0000-000220 от 27.05.2024 10:15:42;;;;;;80,000;;50,000;30,000
Отпуск в отделение 0000-000249 от 19.06.2024 10:24:16;;;;;;30,000;;30,000;
Аммиак, р-р д/наружн. прим. и ингал. 10 %, фл. 40 мл САМАРАМЕДПРОМ;;;;;фл. 40 см3;245,000;200,000;351,000;94,000
220323 до 01.04.25, <партии не учитываются>;;;;;;245,000;;245,000;
Отпуск в отделение 0000-000022 от 22.01.2024 8:59:29;;;;;;245,000;;10,000;235,000
Отпуск в отделение 0000-000044 от 07.02.2024 10:46:01;;;;;;235,000;;10,000;225,000
Отпуск в отделение 0000-000084 от 06.03.2024 9:46:40;;;;;;225,000;;10,000;215,000
Отпуск в отделение 0000-000124 от 01.04.2024 11:13:36;;;;;;215,000;;20,000;195,000
Отпуск в отделение 0000-000127 от 02.04.2024 15:48:04;;;;;;195,000;;10,000;185,000
Отпуск в отделение 0000-000175 от 26.04.2024 10:21:39;;;;;;185,000;;20,000;165,000
Отпуск в отделение 0000-000183 от 06.05.2024 9:17:42;;;;;;165,000;;20,000;145,000
Отпуск в отделение 0000-000192 от 08.05.2024 10:45:30;;;;;;145,000;;10,000;135,000
Отпуск в отделение 0000-000224 от 29.05.2024 10:48:28;;;;;;135,000;;20,000;115,000
Отпуск в отделение 0000-000259 от 24.06.2024 11:19:16;;;;;;115,000;;6,000;109,000
Отпуск в отделение 0000-000285 от 15.07.2024 9:35:52;;;;;;109,000;;10,000;99,000
Отпуск в отделение 0000-000294 от 17.07.2024 10:55:10;;;;;;99,000;;20,000;79,000
Отпуск в отделение 0000-000314 от 02.08.2024 14:51:50;;;;;;79,000;;10,000;69,000
Отпуск в отделение 0000-000331 от 12.08.2024 14:45:46;;;;;;69,000;;10,000;59,000
Отпуск в отделение 0000-000364 от 02.09.2024 13:22:32;;;;;;59,000;;10,000;49,000
Отпуск в отделение 0000-000377 от 16.09.2024 10:13:06;;;;;;49,000;;10,000;39,000
Отпуск в отделение 0000-000380 от 18.09.2024 9:46:46;;;;;;39,000;;20,000;19,000
Отпуск в отделение 0000-000382 от 19.09.2024 8:21:45;;;;;;19,000;;10,000;9,000
Отпуск в отделение 0000-000388 от 23.09.2024 11:04:17;;;;;;9,000;;5,000;4,000
Отпуск в отделение 0000-000415 от 16.10.2024 10:47:19;;;;;;4,000;;4,000;
320324 до 31.03.26, <партии не учитываются>;;;;;;;200,000;106,000;94,000
Поступление товаров 0000-000084 от 23.09.2024 8:05:35;;;;;;;200,000;;200,000
Отпуск в отделение 0000-000415 от 16.10.2024 10:47:19;;;;;;200,000;;6,000;194,000
Отпуск в отделение 0000-000422 от 21.10.2024 11:42:29;;;;;;194,000;;10,000;184,000
Отпуск в отделение 0000-000452 от 11.11.2024 10:25:38;;;;;;184,000;;10,000;174,000
Отпуск в отделение 0000-000462 от 18.11.2024 10:23:59;;;;;;174,000;;10,000;164,000
Отпуск в отделение 0000-000492 от 04.12.2024 15:36:06;;;;;;164,000;;10,000;154,000
Отпуск в отделение 0000-000495 от 06.12.2024 11:07:16;;;;;;154,000;;10,000;144,000
Отпуск в отделение 0000-000520 от 24.12.2024 10:56:12;;;;;;144,000;;20,000;124,000
Отпуск в отделение 0000-000531 от 27.12.2024 13:33:59;;;;;;124,000;;30,000;94,000
Анальгин, р-р для в/в и в/м введ. 500 мг/мл, амп. 2 мл, пач. картон. 10 Арм.Биоф.03.25;;;;;амп. 2 мл;2400,00;2 000,000;4 400,000;
270523 до 31.05.26, <партии не учитываются>;;;;;;250,000;;250,000;
Отпуск в отделение 0000-000016 от 16.01.2024 14:55:26;;;;;;250,000;;250,000;
330522 до 01.06.25, <партии не учитываются>;;;;;;1 900,000;;1 900,000;
Отпуск в отделение 0000-000001 от 04.01.2024 11:06:55;;;;;;1 900,000;;400,000;1 500,000
Отпуск в отделение 0000-000003 от 09.01.2024 10:35:56;;;;;;1 500,000;;300,000;1 200,000
Отпуск в отделение 0000-000005 от 09.01.2024 11:47:30;;;;;;1 200,000;;300,000;900,000
Отпуск в отделение 0000-000008 от 12.01.2024 10:36:41;;;;;;900,000;;200,000;700,000
Отпуск в отделение 0000-000010 от 12.01.2024 13:33:24;;;;;;700,000;;100,000;600,000
Отпуск в отделение 0000-000012 от 15.01.2024 11:14:02;;;;;;600,000;;200,000;400,000
Отпуск в отделение 0000-000016 от 16.01.2024 14:55:26;;;;;;400,000;;20,000;380,000
Отпуск в отделение 0000-000019 от 17.01.2024 10:01:43;;;;;;380,000;;170,000;210,000
Отпуск в отделение 0000-000025 от 22.01.2024 10:27:48;;;;;;210,000;;100,000;110,000
Отпуск в отделение 0000-000027 от 26.01.2024 9:36:12;;;;;;110,000;;100,000;10,000
Отпуск в отделение 0000-000033 от 30.01.2024 15:51:59;;;;;;10,000;;10,000;
441023 до 31.10.26, <партии не учитываются>;;;;;;;1 600,000;1 600,000;
Поступление товаров 0000-000001 от 30.01.2024 15:38:40;;;;;;;1 600,000;;1 600,000
Отпуск в отделение 0000-000033 от 30.01.2024 15:51:59;;;;;;1 600,000;;90,000;1 510,000
Отпуск в отделение 0000-000034 от 30.01.2024 16:05:40;;;;;;1 510,000;;500,000;1 010,000
Отпуск в отделение 0000-000035 от 31.01.2024 8:23:42;;;;;;1 010,000;;400,000;610,000
Отпуск в отделение 0000-000043 от 07.02.2024 10:00:03;;;;;;610,000;;250,000;360,000
Отпуск в отделение 0000-000044 от 07.02.2024 10:46:01;;;;;;360,000;;100,000;260,000
Отпуск в отделение 0000-000047 от 07.02.2024 13:06:21;;;;;;260,000;;100,000;160,000
Отпуск в отделение 0000-000050 от 09.02.2024 10:15:35;;;;;;160,000;;160,000;
481023 до 31.10.26, <партии не учитываются>;;;;;;;400,000;400,000;
Поступление товаров 0000-000001 от 30.01.2024 15:38:40;;;;;;;400,000;;400,000
Отпуск в отделение 0000-000033 от 30.01.2024 15:51:59;;;;;;400,000;;400,000;
550922 до 01.10.25, <партии не учитываются>;;;;;;250,000;;250,000;
Отпуск в отделение 0000-000015 от 16.01.2024 14:31:19;;;;;;250,000;;240,000;10,000
Отпуск в отделение 0000-000016 от 16.01.2024 14:55:26;;;;;;10,000;;10,000;
Анальгин, р-р для в/в и в/м введ. 500 мг/мл, амп. 2 мл, пач. картон. 10 Дальхим 02.24;;;;;амп. 2 мл;;32 000,000;25 200,000;6 800,000
220523 до 31.05.26, <партии не учитываются>;;;;;;;28 420,000;21 620,000;6 800,000
Поступление товаров 0000-000003 от 20.02.2024 14:25:32;;;;;;;4 420,000;;4 420,000
Отпуск в отделение 0000-000073 от 26.02.2024 10:35:14;;;;;;4 420,000;;150,000;4 270,000
Отпуск в отделение 0000-000078 от 04.03.2024 9:12:23;;;;;;4 270,000;;650,000;3 620,000
Отпуск в отделение 0000-000121 от 01.04.2024 10:10:51;;;;;;3 620,000;;20,000;3 600,000
Отпуск в отделение 0000-000124 от 01.04.2024 11:13:36;;;;;;3 600,000;;200,000;3 400,000
Отпуск в отделение 0000-000129 от 02.04.2024 16:09:31;;;;;;3 400,000;;100,000;3 300,000
Отпуск в отделение 0000-000136 от 08.04.2024 10:40:04;;;;;;3 300,000;;50,000;3 250,000
Отпуск в отделение 0000-000150 от 12.04.2024 9:48:40;;;;;;3 250,000;;100,000;3 150,000
Отпуск в отделение 0000-000153 от 15.04.2024 9:19:31;;;;;;3 150,000;;300,000;2 850,000
Отпуск в отделение 0000-000159 от 17.04.2024 9:05:57;;;;;;2 850,000;;200,000;2 650,000
Отпуск в отделение 0000-000161 от 17.04.2024 10:12:19;;;;;;2 650,000;;100,000;2 550,000
Отпуск в отделение 0000-000163 от 19.04.2024 9:15:21;;;;;;2 550,000;;200,000;2 350,000
Отпуск в отделение 0000-000165 от 22.04.2024 10:49:17;;;;;;2 350,000;;150,000;2 200,000
Отпуск в отделение 0000-000175 от 26.04.2024 10:21:39;;;;;;2 200,000;;100,000;2 100,000
Отпуск в отделение 0000-000179 от 03.05.2024 9:39:57;;;;;;2 100,000;;50,000;2 050,000
Отпуск в отделение 0000-000181 от 03.05.2024 13:17:20;;;;;;2 050,000;;200,000;1 850,000
Поступление товаров 0000-000029 от 03.05.2024 14:25:44;;;;;;1 850,000;8 000,000;;9 850,000
Отпуск в отделение 0000-000183 от 06.05.2024 9:17:42;;;;;;9 850,000;;500,000;9 350,000
Отпуск в отделение 0000-000184 от 06.05.2024 10:38:18;;;;;;9 350,000;;100,000;9 250,000
Отпуск в отделение 0000-000188 от 06.05.2024 11:41:10;;;;;;9 250,000;;200,000;9 050,000
Отпуск в отделение 0000-000190 от 07.05.2024 11:06:49;;;;;;9 050,000;;350,000;8 700,000
Отпуск в отделение 0000-000192 от 08.05.2024 10:45:30;;;;;;8 700,000;;100,000;8 600,000
Отпуск в отделение 0000-000197 от 15.05.2024 11:42:38;;;;;;8 600,000;;200,000;8 400,000
Отпуск в отделение 0000-000202 от 20.05.2024 9:36:32;;;;;;8 400,000;;500,000;7 900,000
Отпуск в отделение 0000-000214 от 23.05.2024 13:10:14;;;;;;7 900,000;;200,000;7 700,000
Отпуск в отделение 0000-000218 от 24.05.2024 10:49:45;;;;;;7 700,000;;100,000;7 600,000
Отпуск в отделение 0000-000220 от 27.05.2024 10:15:42;;;;;;7 600,000;;200,000;7 400,000
Отпуск в отделение 0000-000224 от 29.05.2024 10:48:28;;;;;;7 400,000;;150,000;7 250,000
Отпуск в отделение 0000-000227 от 03.06.2024 9:38:13;;;;;;7 250,000;;400,000;6 850,000
Отпуск в отделение 0000-000231 от 03.06.2024 13:15:43;;;;;;6 850,000;;200,000;6 650,000
Отпуск в отделение 0000-000233 от 04.06.2024 14:07:33;;;;;;6 650,000;;100,000;6 550,000
Отпуск в отделение 0000-000242 от 10.06.2024 11:05:29;;;;;;6 550,000;;200,000;6 350,000
Отпуск в отделение 0000-000243 от 14.06.2024 11:14:03;;;;;;6 350,000;;100,000;6 250,000
Отпуск в отделение 0000-000245 от 18.06.2024 10:51:43;;;;;;6 250,000;;200,000;6 050,000
Отпуск в отделение 0000-000249 от 19.06.2024 10:24:16;;;;;;6 050,000;;200,000;5 850,000
Отпуск в отделение 0000-000251 от 20.06.2024 9:03:18;;;;;;5 850,000;;250,000;5 600,000
Отпуск в отделение 0000-000259 от 24.06.2024 11:19:16;;;;;;5 600,000;;100,000;5 500,000
Отпуск в отделение 0000-000265 от 27.06.2024 10:15:05;;;;;;5 500,000;;100,000;5 400,000
Отпуск в отделение 0000-000267 от 01.07.2024 9:04:14;;;;;;5 400,000;;300,000;5 100,000
Отпуск в отделение 0000-000271 от 03.07.2024 9:32:38;;;;;;5 100,000;;100,000;5 000,000
Отпуск в отделение 0000-000275 от 05.07.2024 10:53:58;;;;;;5 000,000;;200,000;4 800,000
Отпуск в отделение 0000-000276 от 05.07.2024 11:22:28;;;;;;4 800,000;;250,000;4 550,000
Отпуск в отделение 0000-000279 от 08.07.2024 10:11:33;;;;;;4 550,000;;200,000;4 350,000
Отпуск в отделение 0000-000281 от 10.07.2024 10:13:12;;;;;;4 350,000;;200,000;4 150,000
Отпуск в отделение 0000-000283 от 12.07.2024 10:53:59;;;;;;4 150,000;;100,000;4 050,000
Отпуск в отделение 0000-000288 от 15.07.2024 10:19:45;;;;;;4 050,000;;300,000;3 750,000
Отпуск в отделение 0000-000293 от 17.07.2024 9:59:13;;;;;;3 750,000;;300,000;3 450,000
Отпуск в отделение 0000-000302 от 22.07.2024 13:07:35;;;;;;3 450,000;;250,000;3 200,000
Отпуск в отделение 0000-000303 от 22.07.2024 13:50:37;;;;;;3 200,000;;200,000;3 000,000
Отпуск в отделение 0000-000306 от 26.07.2024 9:58:17;;;;;;3 000,000;;200,000;2 800,000
Отпуск в отделение 0000-000314 от 02.08.2024 14:51:50;;;;;;2 800,000;;100,000;2 700,000
Отпуск в отделение 0000-000316 от 05.08.2024 11:01:37;;;;;;2 700,000;;500,000;2 200,000
Поступление товаров 0000-000068 от 07.08.2024 10:06:19;;;;;;2 200,000;8 000,000;;10 200,000
Отпуск в отделение 0000-000321 от 07.08.2024 11:08:47;;;;;;10 200,000;;200,000;10 000,000
Отпуск в отделение 0000-000323 от 07.08.2024 13:27:34;;;;;;10 000,000;;200,000;9 800,000
Отпуск в отделение 0000-000326 от 09.08.2024 11:03:19;;;;;;9 800,000;;100,000;9 700,000
Отпуск в отделение 0000-000328 от 12.08.2024 11:39:14;;;;;;9 700,000;;200,000;9 500,000
Отпуск в отделение 0000-000335 от 14.08.2024 10:08:22;;;;;;9 500,000;;100,000;9 400,000
Отпуск в отделение 0000-000340 от 19.08.2024 9:06:52;;;;;;9 400,000;;500,000;8 900,000
Отпуск в отделение 0000-000344 от 19.08.2024 10:12:36;;;;;;8 900,000;;200,000;8 700,000
Отпуск в отделение 0000-000346 от 22.08.2024 11:21:57;;;;;;8 700,000;;200,000;8 500,000
Отпуск в отделение 0000-000349 от 23.08.2024 11:12:30;;;;;;8 500,000;;100,000;8 400,000
Отпуск в отделение 0000-000351 от 26.08.2024 9:57:40;;;;;;8 400,000;;100,000;8 300,000
Отпуск в отделение 0000-000356 от 28.08.2024 10:51:39;;;;;;8 300,000;;300,000;8 000,000
Отпуск в отделение 0000-000358 от 29.08.2024 11:37:01;;;;;;8 000,000;;100,000;7 900,000
Отпуск в отделение 0000-000360 от 02.09.2024 9:34:07;;;;;;7 900,000;;300,000;7 600,000
Отпуск в отделение 0000-000365 от 05.09.2024 13:17:07;;;;;;7 600,000;;150,000;7 450,000
Отпуск в отделение 0000-000370 от 09.09.2024 10:15:29;;;;;;7 450,000;;200,000;7 250,000
Отпуск в отделение 0000-000372 от 11.09.2024 10:22:00;;;;;;7 250,000;;100,000;7 150,000
Отпуск в отделение 0000-000377 от 16.09.2024 10:13:06;;;;;;7 150,000;;300,000;6 850,000
Отпуск в отделение 0000-000380 от 18.09.2024 9:46:46;;;;;;6 850,000;;200,000;6 650,000
Отпуск в отделение 0000-000382 от 19.09.2024 8:21:45;;;;;;6 650,000;;200,000;6 450,000
Отпуск в отделение 0000-000388 от 23.09.2024 11:04:17;;;;;;6 450,000;;200,000;6 250,000
Отпуск в отделение 0000-000392 от 27.09.2024 10:45:06;;;;;;6 250,000;;400,000;5 850,000
Отпуск в отделение 0000-000398 от 02.10.2024 10:58:02;;;;;;5 850,000;;100,000;5 750,000
Отпуск в отделение 0000-000400 от 04.10.2024 10:35:07;;;;;;5 750,000;;100,000;5 650,000
Отпуск в отделение 0000-000402 от 08.10.2024 9:37:04;;;;;;5 650,000;;500,000;5 150,000
Отпуск в отделение 0000-000407 от 10.10.2024 10:54:04;;;;;;5 150,000;;250,000;4 900,000
Отпуск в отделение 0000-000411 от 14.10.2024 10:47:19;;;;;;4 900,000;;100,000;4 800,000
Отпуск в отделение 0000-000413 от 14.10.2024 11:10:06;;;;;;4 800,000;;100,000;4 700,000
Отпуск в отделение 0000-000417 от 18.10.2024 11:13:47;;;;;;4 700,000;;100,000;4 600,000
Отпуск в отделение 0000-000420 от 21.10.2024 10:57:24;;;;;;4 600,000;;200,000;4 400,000
Отпуск в отделение 0000-000424 от 23.10.2024 10:24:22;;;;;;4 400,000;;200,000;4 200,000
Отпуск в отделение 0000-000426 от 23.10.2024 10:47:42;;;;;;4 200,000;;100,000;4 100,000
Отпуск в отделение 0000-000430 от 25.10.2024 9:45:24;;;;;;4 100,000;;100,000;4 000,000
Отпуск в отделение 0000-000433 от 28.10.2024 10:31:12;;;;;;4 000,000;;200,000;3 800,000
Отпуск в отделение 0000-000436 от 01.11.2024 13:39:05;;;;;;3 800,000;;200,000;3 600,000
Отпуск в отделение 0000-000440 от 05.11.2024 9:29:38;;;;;;3 600,000;;300,000;3 300,000
Отпуск в отделение 0000-000444 от 06.11.2024 8:43:10;;;;;;3 300,000;;250,000;3 050,000
Поступление товаров 0000-000091 от 08.11.2024 11:48:58;;;;;;3 050,000;8 000,000;;11 050,000
Отпуск в отделение 0000-000452 от 11.11.2024 10:25:38;;;;;;11 050,000;;50,000;11 000,000
Отпуск в отделение 0000-000454 от 11.11.2024 10:54:33;;;;;;11 000,000;;100,000;10 900,000
Отпуск в отделение 0000-000456 от 13.11.2024 10:55:45;;;;;;10 900,000;;200,000;10 700,000
Отпуск в отделение 0000-000460 от 18.11.2024 10:02:14;;;;;;10 700,000;;100,000;10 600,000
Отпуск в отделение 0000-000462 от 18.11.2024 10:23:59;;;;;;10 600,000;;200,000;10 400,000
Отпуск в отделение 0000-000465 от 20.11.2024 9:29:48;;;;;;10 400,000;;100,000;10 300,000
Отпуск в отделение 0000-000471 от 22.11.2024 10:29:58;;;;;;10 300,000;;200,000;10 100,000
Отпуск в отделение 0000-000473 от 25.11.2024 9:50:22;;;;;;10 100,000;;150,000;9 950,000
Отпуск в отделение 0000-000483 от 02.12.2024 9:12:54;;;;;;9 950,000;;200,000;9 750,000
Отпуск в отделение 0000-000487 от 03.12.2024 11:22:36;;;;;;9 750,000;;100,000;9 650,000
Отпуск в отделение 0000-000492 от 04.12.2024 15:36:06;;;;;;9 650,000;;200,000;9 450,000
Отпуск в отделение 0000-000495 от 06.12.2024 11:07:16;;;;;;9 450,000;;100,000;9 350,000
Отпуск в отделение 0000-000499 от 09.12.2024 10:48:28;;;;;;9 350,000;;100,000;9 250,000
Отпуск в отделение 0000-000502 от 10.12.2024 11:09:59;;;;;;9 250,000;;100,000;9 150,000
Отпуск в отделение 0000-000507 от 13.12.2024 13:28:27;;;;;;9 150,000;;300,000;8 850,000
Отпуск в отделение 0000-000510 от 17.12.2024 14:03:59;;;;;;8 850,000;;200,000;8 650,000
Отпуск в отделение 0000-000511 от 17.12.2024 14:38:17;;;;;;8 650,000;;300,000;8 350,000
Отпуск в отделение 0000-000518 от 23.12.2024 13:51:58;;;;;;8 350,000;;300,000;8 050,000
Отпуск в отделение 0000-000520 от 24.12.2024 10:56:12;;;;;;8 050,000;;100,000;7 950,000
Отпуск в отделение 0000-000521 от 24.12.2024 13:18:00;;;;;;7 950,000;;500,000;7 450,000
Отпуск в отделение 0000-000522 от 24.12.2024 15:26:22;;;;;;7 450,000;;150,000;7 300,000
Отпуск в отделение 0000-000531 от 27.12.2024 13:33:59;;;;;;7 300,000;;500,000;6 800,000
941222 до 31.12.25, <партии не учитываются>;;;;;;;3 580,000;3 580,000;
Поступление товаров 0000-000002 от 14.02.2024 13:24:09;;;;;;;3 580,000;;3 580,000
Отпуск в отделение 0000-000058 от 16.02.2024 10:39:07;;;;;;3 580,000;;300,000;3 280,000
Отпуск в отделение 0000-000060 от 19.02.2024 11:14:10;;;;;;3 280,000;;500,000;2 780,000
Отпуск в отделение 0000-000062 от 20.02.2024 14:30:18;;;;;;2 780,000;;250,000;2 530,000
Отпуск в отделение 0000-000066 от 21.02.2024 10:30:11;;;;;;2 530,000;;300,000;2 230,000
Отпуск в отделение 0000-000076 от 01.03.2024 10:38:57;;;;;;2 230,000;;200,000;2 030,000
Отпуск в отделение 0000-000082 от 04.03.2024 10:17:59;;;;;;2 030,000;;200,000;1 830,000
Отпуск в отделение 0000-000085 от 06.03.2024 10:08:58;;;;;;1 830,000;;300,000;1 530,000
Отпуск в отделение 0000-000089 от 11.03.2024 10:19:11;;;;;;1 530,000;;100,000;1 430,000
Отпуск в отделение 0000-000092 от 11.03.2024 10:50:43;;;;;;1 430,000;;200,000;1 230,000
Отпуск в отделение 0000-000104 от 18.03.2024 8:53:59;;;;;;1 230,000;;200,000;1 030,000
Отпуск в отделение 0000-000107 от 20.03.2024 10:25:12;;;;;;1 030,000;;200,000;830,000
Отпуск в отделение 0000-000108 от 21.03.2024 8:15:48;;;;;;830,000;;100,000;730,000
Отпуск в отделение 0000-000112 от 22.03.2024 13:16:04;;;;;;730,000;;100,000;630,000
Отпуск в отделение 0000-000116 от 25.03.2024 11:39:14;;;;;;630,000;;150,000;480,000
Отпуск в отделение 0000-000119 от 27.03.2024 10:43:22;;;;;;480,000;;200,000;280,000
Отпуск в отделение 0000-000121 от 01.04.2024 10:10:51;;;;;;280,000;;280,000;
Аскорбиновая кислота, р-р для в/в и в/м введ. 50 мг/мл, амп. 2 мл, Дальхимфарм 01.23;;;;;амп. 2 мл;990,00;1 000,000;1 740,000;250,000
1220624 до 30.06.26, <партии не учитываются>;;;;;;;1 000,000;750,000;250,000
Поступление товаров 0000-000083 от 06.09.2024 15:51:52;;;;;;;1 000,000;;1 000,000
Отпуск в отделение 0000-000368 от 09.09.2024 9:52:34;;;;;;1 000,000;;50,000;950,000
Отпуск в отделение 0000-000372 от 11.09.2024 10:22:00;;;;;;950,000;;100,000;850,000
Отпуск в отделение 0000-000402 от 08.10.2024 9:37:04;;;;;;850,000;;50,000;800,000
Отпуск в отделение 0000-000407 от 10.10.2024 10:54:04;;;;;;800,000;;50,000;750,000
Отпуск в отделение 0000-000422 от 21.10.2024 11:42:29;;;;;;750,000;;50,000;700,000
Отпуск в отделение 0000-000454 от 11.11.2024 10:54:33;;;;;;700,000;;100,000;600,000
Отпуск в отделение 0000-000479 от 28.11.2024 10:45:08;;;;;;600,000;;50,000;550,000
Отпуск в отделение 0000-000516 от 20.12.2024 11:23:13;;;;;;550,000;;50,000;500,000
Отпуск в отделение 0000-000522 от 24.12.2024 15:26:22;;;;;;500,000;;50,000;450,000
Отпуск в отделение 0000-000531 от 27.12.2024 13:33:59;;;;;;450,000;;200,000;250,000
860623 до 30.06.25, <партии не учитываются>;;;;;;990,000;;990,000;
Отпуск в отделение 0000-000022 от 22.01.2024 8:59:29;;;;;;990,000;;50,000;940,000
Отпуск в отделение 0000-000037 от 02.02.2024 11:11:51;;;;;;940,000;;50,000;890,000
Отпуск в отделение 0000-000052 от 12.02.2024 10:08:46;;;;;;890,000;;100,000;790,000
Отпуск в отделение 0000-000065 от 21.02.2024 10:19:40;;;;;;790,000;;10,000;780,000
Отпуск в отделение 0000-000078 от 04.03.2024 9:12:23;;;;;;780,000;;50,000;730,000
Отпуск в отделение 0000-000085 от 06.03.2024 10:08:58;;;;;;730,000;;100,000;630,000
Отпуск в отделение 0000-000202 от 20.05.2024 9:36:32;;;;;;630,000;;50,000;580,000
Отпуск в отделение 0000-000213 от 22.05.2024 9:22:30;;;;;;580,000;;100,000;480,000
Отпуск в отделение 0000-000214 от 23.05.2024 13:10:14;;;;;;480,000;;50,000;430,000
Отпуск в отделение 0000-000251 от 20.06.2024 9:03:18;;;;;;430,000;;50,000;380,000
Отпуск в отделение 0000-000259 от 24.06.2024 11:19:16;;;;;;380,000;;50,000;330,000
Отпуск в отделение 0000-000276 от 05.07.2024 11:22:28;;;;;;330,000;;100,000;230,000
Отпуск в отделение 0000-000285 от 15.07.2024 9:35:52;;;;;;230,000;;50,000;180,000
Отпуск в отделение 0000-000294 от 17.07.2024 10:55:10;;;;;;180,000;;50,000;130,000
Отпуск в отделение 0000-000316 от 05.08.2024 11:01:37;;;;;;130,000;;50,000;80,000
Отпуск в отделение 0000-000335 от 14.08.2024 10:08:22;;;;;;80,000;;80,000;
Аспаркам-L, р-р для в/в введ. 45.2 мг/мл+40 мг/мл, амп. 10 мл, пач. картон. 04.2025;;;;;амп. 10 мл;620,00;1 000,000;1 560,000;60,000
180423 до 01.05.25, <партии не учитываются>;;;;;;620,000;;620,000;
Отпуск в отделение 0000-000028 от 26.01.2024 9:59:46;;;;;;620,000;;50,000;570,000
Отпуск в отделение 0000-000044 от 07.02.2024 10:46:01;;;;;;570,000;;50,000;520,000
Отпуск в отделение 0000-000073 от 26.02.2024 10:35:14;;;;;;520,000;;30,000;490,000
Отпуск в отделение 0000-000084 от 06.03.2024 9:46:40;;;;;;490,000;;50,000;440,000
Отпуск в отделение 0000-000104 от 18.03.2024 8:53:59;;;;;;440,000;;50,000;390,000
Отпуск в отделение 0000-000114 от 25.03.2024 11:21:13;;;;;;390,000;;50,000;340,000
Отпуск в отделение 0000-000116 от 25.03.2024 11:39:14;;;;;;340,000;;30,000;310,000
Отпуск в отделение 0000-000161 от 17.04.2024 10:12:19;;;;;;310,000;;50,000;260,000
Отпуск в отделение 0000-000175 от 26.04.2024 10:21:39;;;;;;260,000;;50,000;210,000
Отпуск в отделение 0000-000190 от 07.05.2024 11:06:49;;;;;;210,000;;50,000;160,000
Отпуск в отделение 0000-000205 от 20.05.2024 13:40:22;;;;;;160,000;;50,000;110,000
Отпуск в отделение 0000-000227 от 03.06.2024 9:38:13;;;;;;110,000;;50,000;60,000
Отпуск в отделение 0000-000251 от 20.06.2024 9:03:18;;;;;;60,000;;60,000;
361123 до 01.12.25, <партии не учитываются>;;;;;;;1 000,000;940,000;60,000
Поступление товаров 0000-000058 от 24.07.2024 9:36:48;;;;;;;1 000,000;;1 000,000
Отпуск в отделение 0000-000304 от 24.07.2024 11:20:51;;;;;;1 000,000;;100,000;900,000
Отпуск в отделение 0000-000328 от 12.08.2024 11:39:14;;;;;;900,000;;50,000;850,000
Отпуск в отделение 0000-000331 от 12.08.2024 14:45:46;;;;;;850,000;;50,000;800,000
Отпуск в отделение 0000-000340 от 19.08.2024 9:06:52;;;;;;800,000;;50,000;750,000
Отпуск в отделение 0000-000365 от 05.09.2024 13:17:07;;;;;;750,000;;50,000;700,000
Отпуск в отделение 0000-000385 от 20.09.2024 11:17:32;;;;;;700,000;;50,000;650,000
Отпуск в отделение 0000-000407 от 10.10.2024 10:54:04;;;;;;650,000;;30,000;620,000
Отпуск в отделение 0000-000409 от 11.10.2024 11:13:14;;;;;;620,000;;50,000;570,000
Отпуск в отделение 0000-000420 от 21.10.2024 10:57:24;;;;;;570,000;;50,000;520,000
Отпуск в отделение 0000-000452 от 11.11.2024 10:25:38;;;;;;520,000;;50,000;470,000
Отпуск в отделение 0000-000454 от 11.11.2024 10:54:33;;;;;;470,000;;30,000;440,000
Отпуск в отделение 0000-000495 от 06.12.2024 11:07:16;;;;;;440,000;;50,000;390,000
Отпуск в отделение 0000-000507 от 13.12.2024 13:28:27;;;;;;390,000;;50,000;340,000
Отпуск в отделение 0000-000513 от 18.12.2024 9:09:40;;;;;;340,000;;50,000;290,000
Отпуск в отделение 0000-000518 от 23.12.2024 13:51:58;;;;;;290,000;;30,000;260,000
Отпуск в отделение 0000-000531 от 27.12.2024 13:33:59;;;;;;260,000;;200,000;60,000
Атропин, р-р д/ин. 1 мг/мл, амп. 1 мл, кор. 10 склад 11.23;;;;;амп. 1 мл;;1 000,000;630,000;370,000
531023 до 31.10.28, <партии не учитываются>;;;;;;;1 000,000;630,000;370,000
Поступление товаров 0000-000027 от 18.04.2024 9:29:23;;;;;;;1 000,000;;1 000,000
Отпуск в отделение 0000-000163 от 19.04.2024 9:15:21;;;;;;1 000,000;;50,000;950,000
Отпуск в отделение 0000-000202 от 20.05.2024 9:36:32;;;;;;950,000;;50,000;900,000
Отпуск в отделение 0000-000214 от 23.05.2024 13:10:14;;;;;;900,000;;50,000;850,000
Отпуск в отделение 0000-000243 от 14.06.2024 11:14:03;;;;;;850,000;;30,000;820,000
Отпуск в отделение 0000-000259 от 24.06.2024 11:19:16;;;;;;820,000;;20,000;800,000
Отпуск в отделение 0000-000276 от 05.07.2024 11:22:28;;;;;;800,000;;30,000;770,000
Отпуск в отделение 0000-000281 от 10.07.2024 10:13:12;;;;;;770,000;;50,000;720,000
Отпуск в отделение 0000-000293 от 17.07.2024 9:59:13;;;;;;720,000;;50,000;670,000
Отпуск в отделение 0000-000316 от 05.08.2024 11:01:37;;;;;;670,000;;50,000;620,000
Отпуск в отделение 0000-000354 от 26.08.2024 10:26:30;;;;;;620,000;;50,000;570,000
Отпуск в отделение 0000-000368 от 09.09.2024 9:52:34;;;;;;570,000;;50,000;520,000
Отпуск в отделение 0000-000424 от 23.10.2024 10:24:22;;;;;;520,000;;50,000;470,000
Отпуск в отделение 0000-000462 от 18.11.2024 10:23:59;;;;;;470,000;;50,000;420,000
Отпуск в отделение 0000-000513 от 18.12.2024 9:09:40;;;;;;420,000;;50,000;370,000
Ацесоль, р-р д/инф., бан. 200 мл, ящ. картон 28 12.23;;;;;бан. 200 см3;64,000;;56,000;8,000
080723 до 31.07.26, <партии не учитываются>;;;;;;64,000;;56,000;8,000
Отпуск в отделение 0000-000119 от 27.03.2024 10:43:22;;;;;;64,000;;28,000;36,000
Отпуск в отделение 0000-000531 от 27.12.2024 13:33:59;;;;;;36,000;;28,000;8,000
Ацетилсалициловая кислота-УБФ, табл. 500 мг, бл. 10, пач. картон. 2 Уралбиофарм;;;;;шт;1700,00;;1 700,000;
120122 до 01.02.26, <партии не учитываются>;;;;;;1 700,000;;1 700,000;
Отпуск в отделение 0000-000017 от 16.01.2024 15:20:56;;;;;;1 700,000;;100,000;1 600,000
Отпуск в отделение 0000-000022 от 22.01.2024 8:59:29;;;;;;1 600,000;;200,000;1 400,000
Отпуск в отделение 0000-000066 от 21.02.2024 10:30:11;;;;;;1 400,000;;100,000;1 300,000
Отпуск в отделение 0000-000085 от 06.03.2024 10:08:58;;;;;;1 300,000;;200,000;1 100,000
Отпуск в отделение 0000-000116 от 25.03.2024 11:39:14;;;;;;1 100,000;;100,000;1 000,000
Отпуск в отделение 0000-000119 от 27.03.2024 10:43:22;;;;;;1 000,000;;100,000;900,000
Отпуск в отделение 0000-000121 от 01.04.2024 10:10:51;;;;;;900,000;;100,000;800,000
Отпуск в отделение 0000-000181 от 03.05.2024 13:17:20;;;;;;800,000;;100,000;700,000
Отпуск в отделение 0000-000183 от 06.05.2024 9:17:42;;;;;;700,000;;200,000;500,000
Отпуск в отделение 0000-000192 от 08.05.2024 10:45:30;;;;;;500,000;;100,000;400,000
Отпуск в отделение 0000-000227 от 03.06.2024 9:38:13;;;;;;400,000;;200,000;200,000
Отпуск в отделение 0000-000265 от 27.06.2024 10:15:05;;;;;;200,000;;100,000;100,000
Отпуск в отделение 0000-000276 от 05.07.2024 11:22:28;;;;;;100,000;;100,000;
Ацетилсалициловая кислота, табл. 500 мг, бл. 10, пач. картон. 2 Озон 04.24;;;;;шт;;5 400,000;2 440,000;2 960,000
240923 до 31.08.26, <партии не учитываются>;;;;;;;4 760,000;1 800,000;2 960,000
Поступление товаров 0000-000021 от 09.04.2024 9:41:50;;;;;;;1 560,000;;1 560,000
Поступление товаров 0000-000024 от 12.04.2024 14:30:19;;;;;;1 560,000;3 200,000;;4 760,000
Отпуск в отделение 0000-000283 от 12.07.2024 10:53:59;;;;;;4 760,000;;60,000;4 700,000
Отпуск в отделение 0000-000288 от 15.07.2024 10:19:45;;;;;;4 700,000;;200,000;4 500,000
Отпуск в отделение 0000-000309 от 29.07.2024 10:50:02;;;;;;4 500,000;;100,000;4 400,000
Отпуск в отделение 0000-000335 от 14.08.2024 10:08:22;;;;;;4 400,000;;100,000;4 300,000
Отпуск в отделение 0000-000340 от 19.08.2024 9:06:52;;;;;;4 300,000;;200,000;4 100,000
Отпуск в отделение 0000-000377 от 16.09.2024 10:13:06;;;;;;4 100,000;;100,000;4 000,000
Отпуск в отделение 0000-000382 от 19.09.2024 8:21:45;;;;;;4 000,000;;100,000;3 900,000
Отпуск в отделение 0000-000392 от 27.09.2024 10:45:06;;;;;;3 900,000;;100,000;3 800,000
Отпуск в отделение 0000-000402 от 08.10.2024 9:37:04;;;;;;3 800,000;;100,000;3 700,000
Отпуск в отделение 0000-000420 от 21.10.2024 10:57:24;;;;;;3 700,000;;100,000;3 600,000
Отпуск в отделение 0000-000467 от 20.11.2024 10:53:40;;;;;;3 600,000;;40,000;3 560,000
Отпуск в отделение 0000-000502 от 10.12.2024 11:09:59;;;;;;3 560,000;;100,000;3 460,000
Отпуск в отделение 0000-000507 от 13.12.2024 13:28:27;;;;;;3 460,000;;200,000;3 260,000
Отпуск в отделение 0000-000516 от 20.12.2024 11:23:13;;;;;;3 260,000;;60,000;3 200,000
Отпуск в отделение 0000-000522 от 24.12.2024 15:26:22;;;;;;3 200,000;;40,000;3 160,000
Отпуск в отделение 0000-000531 от 27.12.2024 13:33:59;;;;;;3 160,000;;200,000;2 960,000
250923 до 31.08.26, <партии не учитываются>;;;;;;;640,000;640,000;
Поступление товаров 0000-000024 от 12.04.2024 14:30:19;;;;;;;640,000;;640,000
Отпуск в отделение 0000-000276 от 05.07.2024 11:22:28;;;;;;640,000;;100,000;540,000
Отпуск в отделение 0000-000346 от 22.08.2024 11:21:57;;;;;;540,000;;40,000;500,000
Отпуск в отделение 0000-000349 от 23.08.2024 11:12:30;;;;;;500,000;;20,000;480,000
Отпуск в отделение 0000-000354 от 26.08.2024 10:26:30;;;;;;480,000;;100,000;380,000
Отпуск в отделение 0000-000407 от 10.10.2024 10:54:04;;;;;;380,000;;100,000;280,000
Отпуск в отделение 0000-000430 от 25.10.2024 9:45:24;;;;;;280,000;;60,000;220,000
Отпуск в отделение 0000-000449 от 08.11.2024 11:17:40;;;;;;220,000;;60,000;160,000
Отпуск в отделение 0000-000462 от 18.11.2024 10:23:59;;;;;;160,000;;100,000;60,000
Отпуск в отделение 0000-000467 от 20.11.2024 10:53:40;;;;;;60,000;;60,000;
Беродуал Н, аэроз. д/ингал. доз. 20 мкг + 50 мкг/доза, балл. 200, пач. картон. 1  10.2024;;;;;пач. картон. 200;;1,000;1,000;
401914 до 28.02.27, <партии не учитываются>;;;;;;;1,000;1,000;
Поступление товаров 0000-000086 от 15.10.2024 10:47:52;;;;;;;1,000;;1,000
Отпуск в отделение 0000-000431 от 28.10.2024 9:36:38;;;;;;1,000;;1,000;
Бинты н/ст 7*14;;;;;шт;1 950,000;12 000,000;10 325,000;3 625,000
<серии не учитываются>, <партии не учитываются>;;;;;;1 950,000;12 000,000;10 325,000;3 625,000
Отпуск в отделение 0000-000006 от 09.01.2024 14:00:02;;;;;;1 950,000;;75,000;1 875,000
Отпуск в отделение 0000-000018 от 16.01.2024 16:04:21;;;;;;1 875,000;;125,000;1 750,000
Отпуск в отделение 0000-000024 от 22.01.2024 10:24:53;;;;;;1 750,000;;100,000;1 650,000
Отпуск в отделение 0000-000026 от 22.01.2024 13:50:00;;;;;;1 650,000;;100,000;1 550,000
Отпуск в отделение 0000-000041 от 05.02.2024 13:36:06;;;;;;1 550,000;;100,000;1 450,000
Отпуск в отделение 0000-000054 от 12.02.2024 16:36:56;;;;;;1 450,000;;100,000;1 350,000
Отпуск в отделение 0000-000057 от 16.02.2024 10:36:29;;;;;;1 350,000;;100,000;1 250,000
Отпуск в отделение 0000-000068 от 21.02.2024 11:05:17;;;;;;1 250,000;;200,000;1 050,000
Отпуск в отделение 0000-000070 от 26.02.2024 9:53:14;;;;;;1 050,000;;100,000;950,000
Отпуск в отделение 0000-000074 от 27.02.2024 15:25:48;;;;;;950,000;;100,000;850,000
Отпуск в отделение 0000-000087 от 06.03.2024 11:21:47;;;;;;850,000;;200,000;650,000
Отпуск в отделение 0000-000102 от 15.03.2024 13:01:09;;;;;;650,000;;100,000;550,000
Отпуск в отделение 0000-000105 от 18.03.2024 11:18:10;;;;;;550,000;;50,000;500,000
Отпуск в отделение 0000-000109 от 22.03.2024 10:41:58;;;;;;500,000;;50,000;450,000
Отпуск в отделение 0000-000113 от 22.03.2024 13:53:49;;;;;;450,000;;100,000;350,000
Отпуск в отделение 0000-000115 от 25.03.2024 11:35:29;;;;;;350,000;;50,000;300,000
Поступление товаров 0000-000011 от 25.03.2024 13:26:43;;;;;;300,000;3 000,000;;3 300,000
Отпуск в отделение 0000-000118 от 27.03.2024 10:39:35;;;;;;3 300,000;;200,000;3 100,000
Отпуск в отделение 0000-000125 от 01.04.2024 11:38:11;;;;;;3 100,000;;100,000;3 000,000
Отпуск в отделение 0000-000132 от 03.04.2024 11:32:30;;;;;;3 000,000;;50,000;2 950,000
Отпуск в отделение 0000-000138 от 08.04.2024 11:11:51;;;;;;2 950,000;;50,000;2 900,000
Отпуск в отделение 0000-000149 от 12.04.2024 9:45:11;;;;;;2 900,000;;100,000;2 800,000
Отпуск в отделение 0000-000158 от 17.04.2024 8:59:05;;;;;;2 800,000;;50,000;2 750,000
Отпуск в отделение 0000-000160 от 17.04.2024 10:08:58;;;;;;2 750,000;;100,000;2 650,000
Отпуск в отделение 0000-000164 от 22.04.2024 10:44:01;;;;;;2 650,000;;100,000;2 550,000
Отпуск в отделение 0000-000166 от 23.04.2024 10:16:06;;;;;;2 550,000;;100,000;2 450,000
Отпуск в отделение 0000-000176 от 26.04.2024 11:07:57;;;;;;2 450,000;;100,000;2 350,000
Отпуск в отделение 0000-000180 от 03.05.2024 10:38:33;;;;;;2 350,000;;100,000;2 250,000
Отпуск в отделение 0000-000186 от 06.05.2024 11:37:37;;;;;;2 250,000;;100,000;2 150,000
Отпуск в отделение 0000-000187 от 06.05.2024 11:39:06;;;;;;2 150,000;;100,000;2 050,000
Отпуск в отделение 0000-000191 от 08.05.2024 10:41:16;;;;;;2 050,000;;100,000;1 950,000
Отпуск в отделение 0000-000195 от 15.05.2024 11:39:36;;;;;;1 950,000;;100,000;1 850,000
Отпуск в отделение 0000-000206 от 20.05.2024 15:28:22;;;;;;1 850,000;;100,000;1 750,000
Отпуск в отделение 0000-000212 от 22.05.2024 9:20:34;;;;;;1 750,000;;100,000;1 650,000
Отпуск в отделение 0000-000215 от 23.05.2024 15:23:32;;;;;;1 650,000;;50,000;1 600,000
Отпуск в отделение 0000-000222 от 27.05.2024 13:07:59;;;;;;1 600,000;;100,000;1 500,000
Отпуск в отделение 0000-000226 от 29.05.2024 16:25:47;;;;;;1 500,000;;100,000;1 400,000
Отпуск в отделение 0000-000229 от 03.06.2024 11:46:51;;;;;;1 400,000;;100,000;1 300,000
Поступление товаров 0000-000040 от 03.06.2024 14:07:20;;;;;;1 300,000;3 000,000;;4 300,000
Отпуск в отделение 0000-000232 от 03.06.2024 16:00:39;;;;;;4 300,000;;100,000;4 200,000
Отпуск в отделение 0000-000234 от 04.06.2024 14:48:25;;;;;;4 200,000;;100,000;4 100,000
Отпуск в отделение 0000-000241 от 10.06.2024 11:01:56;;;;;;4 100,000;;100,000;4 000,000
Отпуск в отделение 0000-000246 от 18.06.2024 13:11:46;;;;;;4 000,000;;50,000;3 950,000
Отпуск в отделение 0000-000247 от 18.06.2024 13:13:21;;;;;;3 950,000;;100,000;3 850,000
Отпуск в отделение 0000-000253 от 20.06.2024 10:44:25;;;;;;3 850,000;;50,000;3 800,000
Отпуск в отделение 0000-000256 от 21.06.2024 9:57:09;;;;;;3 800,000;;100,000;3 700,000
Отпуск в отделение 0000-000258 от 24.06.2024 11:11:48;;;;;;3 700,000;;50,000;3 650,000
Отпуск в отделение 0000-000264 от 27.06.2024 10:03:54;;;;;;3 650,000;;100,000;3 550,000
Отпуск в отделение 0000-000269 от 01.07.2024 9:49:29;;;;;;3 550,000;;100,000;3 450,000
Отпуск в отделение 0000-000274 от 05.07.2024 10:46:09;;;;;;3 450,000;;100,000;3 350,000
Отпуск в отделение 0000-000277 от 05.07.2024 13:30:21;;;;;;3 350,000;;100,000;3 250,000
Отпуск в отделение 0000-000278 от 08.07.2024 10:06:57;;;;;;3 250,000;;150,000;3 100,000
Отпуск в отделение 0000-000284 от 12.07.2024 11:21:40;;;;;;3 100,000;;100,000;3 000,000
Отпуск в отделение 0000-000287 от 15.07.2024 10:08:21;;;;;;3 000,000;;50,000;2 950,000
Отпуск в отделение 0000-000297 от 17.07.2024 15:45:02;;;;;;2 950,000;;100,000;2 850,000
Отпуск в отделение 0000-000298 от 19.07.2024 10:58:05;;;;;;2 850,000;;100,000;2 750,000
Отпуск в отделение 0000-000301 от 22.07.2024 13:03:08;;;;;;2 750,000;;50,000;2 700,000
Отпуск в отделение 0000-000310 от 29.07.2024 11:47:29;;;;;;2 700,000;;100,000;2 600,000
Отпуск в отделение 0000-000315 от 02.08.2024 16:48:46;;;;;;2 600,000;;100,000;2 500,000
Отпуск в отделение 0000-000319 от 05.08.2024 13:43:28;;;;;;2 500,000;;125,000;2 375,000
Поступление товаров 0000-000065 от 05.08.2024 13:48:50;;;;;;2 375,000;3 000,000;;5 375,000
Отпуск в отделение 0000-000325 от 09.08.2024 11:01:03;;;;;;5 375,000;;50,000;5 325,000
Отпуск в отделение 0000-000327 от 12.08.2024 11:34:32;;;;;;5 325,000;;100,000;5 225,000
Отпуск в отделение 0000-000330 от 12.08.2024 14:40:56;;;;;;5 225,000;;100,000;5 125,000
Отпуск в отделение 0000-000342 от 19.08.2024 10:09:23;;;;;;5 125,000;;100,000;5 025,000
Отпуск в отделение 0000-000347 от 22.08.2024 11:55:08;;;;;;5 025,000;;150,000;4 875,000
Отпуск в отделение 0000-000348 от 23.08.2024 11:09:52;;;;;;4 875,000;;100,000;4 775,000
Отпуск в отделение 0000-000352 от 26.08.2024 10:20:59;;;;;;4 775,000;;100,000;4 675,000
Отпуск в отделение 0000-000353 от 26.08.2024 10:23:25;;;;;;4 675,000;;50,000;4 625,000
Отпуск в отделение 0000-000363 от 02.09.2024 13:21:00;;;;;;4 625,000;;100,000;4 525,000
Отпуск в отделение 0000-000366 от 05.09.2024 15:31:33;;;;;;4 525,000;;75,000;4 450,000
Отпуск в отделение 0000-000367 от 09.09.2024 9:48:15;;;;;;4 450,000;;100,000;4 350,000
Отпуск в отделение 0000-000369 от 09.09.2024 10:11:46;;;;;;4 350,000;;150,000;4 200,000
Отпуск в отделение 0000-000374 от 11.09.2024 11:18:03;;;;;;4 200,000;;200,000;4 000,000
Отпуск в отделение 0000-000378 от 16.09.2024 10:35:31;;;;;;4 000,000;;50,000;3 950,000
Отпуск в отделение 0000-000381 от 19.09.2024 8:02:17;;;;;;3 950,000;;100,000;3 850,000
Отпуск в отделение 0000-000391 от 27.09.2024 10:32:23;;;;;;3 850,000;;200,000;3 650,000
Отпуск в отделение 0000-000399 от 04.10.2024 10:29:22;;;;;;3 650,000;;100,000;3 550,000
Отпуск в отделение 0000-000401 от 08.10.2024 9:27:41;;;;;;3 550,000;;75,000;3 475,000
Отпуск в отделение 0000-000406 от 09.10.2024 10:42:08;;;;;;3 475,000;;100,000;3 375,000
Отпуск в отделение 0000-000412 от 14.10.2024 11:06:02;;;;;;3 375,000;;150,000;3 225,000
Отпуск в отделение 0000-000414 от 16.10.2024 9:22:50;;;;;;3 225,000;;100,000;3 125,000
Отпуск в отделение 0000-000416 от 18.10.2024 11:09:16;;;;;;3 125,000;;200,000;2 925,000
Отпуск в отделение 0000-000419 от 21.10.2024 10:25:34;;;;;;2 925,000;;50,000;2 875,000
Отпуск в отделение 0000-000437 от 01.11.2024 15:42:28;;;;;;2 875,000;;100,000;2 775,000
Отпуск в отделение 0000-000442 от 05.11.2024 11:29:30;;;;;;2 775,000;;50,000;2 725,000
Отпуск в отделение 0000-000446 от 06.11.2024 11:30:40;;;;;;2 725,000;;100,000;2 625,000
Отпуск в отделение 0000-000447 от 06.11.2024 11:33:57;;;;;;2 625,000;;100,000;2 525,000
Отпуск в отделение 0000-000455 от 11.11.2024 13:26:22;;;;;;2 525,000;;75,000;2 450,000
Отпуск в отделение 0000-000458 от 15.11.2024 10:55:52;;;;;;2 450,000;;100,000;2 350,000
Отпуск в отделение 0000-000461 от 18.11.2024 10:15:17;;;;;;2 350,000;;100,000;2 250,000
Отпуск в отделение 0000-000464 от 18.11.2024 11:55:07;;;;;;2 250,000;;100,000;2 150,000
Отпуск в отделение 0000-000466 от 20.11.2024 10:50:41;;;;;;2 150,000;;75,000;2 075,000
Поступление товаров 0000-000098 от 20.11.2024 13:14:48;;;;;;2 075,000;3 000,000;;5 075,000
Отпуск в отделение 0000-000472 от 25.11.2024 9:48:13;;;;;;5 075,000;;100,000;4 975,000
Отпуск в отделение 0000-000474 от 25.11.2024 10:24:36;;;;;;4 975,000;;50,000;4 925,000
Отпуск в отделение 0000-000481 от 28.11.2024 14:14:02;;;;;;4 925,000;;100,000;4 825,000
Отпуск в отделение 0000-000497 от 06.12.2024 14:02:09;;;;;;4 825,000;;100,000;4 725,000
Отпуск в отделение 0000-000504 от 10.12.2024 14:11:47;;;;;;4 725,000;;100,000;4 625,000
Отпуск в отделение 0000-000509 от 16.12.2024 9:44:18;;;;;;4 625,000;;50,000;4 575,000
Отпуск в отделение 0000-000512 от 17.12.2024 15:51:56;;;;;;4 575,000;;100,000;4 475,000
Отпуск в отделение 0000-000514 от 18.12.2024 9:55:17;;;;;;4 475,000;;100,000;4 375,000
Отпуск в отделение 0000-000515 от 20.12.2024 11:21:08;;;;;;4 375,000;;100,000;4 275,000
Отпуск в отделение 0000-000519 от 23.12.2024 15:19:50;;;;;;4 275,000;;100,000;4 175,000
Отпуск в отделение 0000-000524 от 25.12.2024 11:16:41;;;;;;4 175,000;;100,000;4 075,000
Отпуск в отделение 0000-000526 от 25.12.2024 16:38:01;;;;;;4 075,000;;400,000;3 675,000
Отпуск в отделение 0000-000528 от 26.12.2024 16:32:39;;;;;;3 675,000;;50,000;3 625,000
Бисопролол, табл. п.п.о. 10 мг, бл. 25, пач. картон. 2;;;;;шт;;150,000;150,000;
171023 до 30.09.26, <партии не учитываются>;;;;;;;150,000;150,000;
Поступление товаров 0000-000086 от 15.10.2024 10:47:52;;;;;;;150,000;;150,000
Отпуск в отделение 0000-000431 от 28.10.2024 9:36:38;;;;;;150,000;;150,000;
Бифрадуал, р-р д/ингал. 0.25 мг/мл + 0.5 мг/мл, фл. 20 мл, пач. картон. 1;;;;;фл. 20 см3;20,00;;20,000;
010323 до 31.03.26, <партии не учитываются>;;;;;;20,000;;20,000;
Отпуск в отделение 0000-000202 от 20.05.2024 9:36:32;;;;;;20,000;;11,000;9,000
Отпуск в отделение 0000-000213 от 22.05.2024 9:22:30;;;;;;9,000;;3,000;6,000
Отпуск в отделение 0000-000231 от 03.06.2024 13:15:43;;;;;;6,000;;5,000;1,000
Отпуск в отделение 0000-000335 от 14.08.2024 10:08:22;;;;;;1,000;;1,000;
Бриллиантовый зеленый, р-р д/наружн. прим. 1 %, фл. 10 мл;;;;;фл. 10 см3;;10,000;10,000;
380724 до 31.07.26, <партии не учитываются>;;;;;;;10,000;10,000;
Поступление товаров 0000-000086 от 15.10.2024 10:47:52;;;;;;;10,000;;10,000
Отпуск в отделение 0000-000431 от 28.10.2024 9:36:38;;;;;;10,000;;10,000;
Буденит Стери-Неб, сусп. д/ингал. доз. 0.5 мг/мл, амп. 2 мл, пач. картон. 20 04.23;;;;;амп. 2 мл;60,00;;60,000;
13042 до 30.09.24, <партии не учитываются>;;;;;;60,000;;60,000;
Отпуск в отделение 0000-000044 от 07.02.2024 10:46:01;;;;;;60,000;;40,000;20,000
Отпуск в отделение 0000-000071 от 26.02.2024 9:55:59;;;;;;20,000;;20,000;
Валсартан, табл. п.п.о. 80 мг, бл. 30, пач. картон. 1   10.2024;;;;;шт;;30,000;30,000;
020524 до 30.04.27, <партии не учитываются>;;;;;;;30,000;30,000;
Поступление товаров 0000-000086 от 15.10.2024 10:47:52;;;;;;;30,000;;30,000
Отпуск в отделение 0000-000431 от 28.10.2024 9:36:38;;;;;;30,000;;30,000;
Верапамил, р-р для в/в введ. 2.5 мг/мл, амп. 2 мл, пач. картон. 10 12.23;;;;;амп. 2 мл;600,00;10,000;210,000;400,000
10124 до 31.01.26, <партии не учитываются>;;;;;;;10,000;10,000;
Поступление товаров 0000-000086 от 15.10.2024 10:47:52;;;;;;;10,000;;10,000
Отпуск в отделение 0000-000431 от 28.10.2024 9:36:38;;;;;;10,000;;10,000;
30623 до 01.07.25, <партии не учитываются>;;;;;;600,000;;200,000;400,000
Отпуск в отделение 0000-000016 от 16.01.2024 14:55:26;;;;;;600,000;;50,000;550,000
Отпуск в отделение 0000-000382 от 19.09.2024 8:21:45;;;;;;550,000;;50,000;500,000
Отпуск в отделение 0000-000495 от 06.12.2024 11:07:16;;;;;;500,000;;50,000;450,000
Отпуск в отделение 0000-000507 от 13.12.2024 13:28:27;;;;;;450,000;;50,000;400,000
Вода для инъекций, растворит. д/приг. лек. форм д/ин., амп. 2 мл, пач. картон. 10;;;;;амп. 2 мл;;20,000;20,000;
80724 до 30.06.28, <партии не учитываются>;;;;;;;20,000;20,000;
Поступление товаров 0000-000086 от 15.10.2024 10:47:52;;;;;;;20,000;;20,000
Отпуск в отделение 0000-000431 от 28.10.2024 9:36:38;;;;;;20,000;;20,000;
Галоперидол Велфарм, р-р для в/в и в/м введ. 5 мг/мл, амп. 1 мл, пач. картон. 10  10.2024;;;;;амп. 1 мл;;10,000;10,000;
40624 до 01.06.27, <партии не учитываются>;;;;;;;10,000;10,000;
Поступление товаров 0000-000086 от 15.10.2024 10:47:52;;;;;;;10,000;;10,000
Отпуск в отделение 0000-000431 от 28.10.2024 9:36:38;;;;;;10,000;;10,000;
Гепарин, р-р для в/в и п/к введ. 5 000 МЕ/мл, 5 мл, N 5 Белмедпрепараты РУП 06.24г.;;;;;фл. 5 мл;;1 500,000;565,000;935,000
1981022 до 31.10.26, <партии не учитываются>;;;;;;;1 500,000;565,000;935,000
Поступление товаров 0000-000051 от 24.06.2024 10:50:43;;;;;;;750,000;;750,000
Поступление товаров 0000-000069 от 07.08.2024 10:12:56;;;;;;750,000;750,000;;1 500,000
Отпуск в отделение 0000-000365 от 05.09.2024 13:17:07;;;;;;1 500,000;;35,000;1 465,000
Отпуск в отделение 0000-000372 от 11.09.2024 10:22:00;;;;;;1 465,000;;50,000;1 415,000
Отпуск в отделение 0000-000377 от 16.09.2024 10:13:06;;;;;;1 415,000;;50,000;1 365,000
Отпуск в отделение 0000-000433 от 28.10.2024 10:31:12;;;;;;1 365,000;;30,000;1 335,000
Отпуск в отделение 0000-000445 от 06.11.2024 10:42:12;;;;;;1 335,000;;50,000;1 285,000
Отпуск в отделение 0000-000462 от 18.11.2024 10:23:59;;;;;;1 285,000;;50,000;1 235,000
Отпуск в отделение 0000-000465 от 20.11.2024 9:29:48;;;;;;1 235,000;;20,000;1 215,000
Отпуск в отделение 0000-000495 от 06.12.2024 11:07:16;;;;;;1 215,000;;50,000;1 165,000
Отпуск в отделение 0000-000499 от 09.12.2024 10:48:28;;;;;;1 165,000;;30,000;1 135,000
Отпуск в отделение 0000-000531 от 27.12.2024 13:33:59;;;;;;1 135,000;;200,000;935,000
Гепарин, р-р для в/в и п/к введ. 5000 МЕ/мл, фл. 5 мл, пач. картон. 5 2022 Армав.ф-ка;;;;;фл. 5 мл;900,00;;900,000;
100122 до 01.02.26, <партии не учитываются>;;;;;;500,000;;500,000;
Отпуск в отделение 0000-000126 от 02.04.2024 15:21:09;;;;;;500,000;;30,000;470,000
Отпуск в отделение 0000-000136 от 08.04.2024 10:40:04;;;;;;470,000;;20,000;450,000
Отпуск в отделение 0000-000181 от 03.05.2024 13:17:20;;;;;;450,000;;50,000;400,000
Отпуск в отделение 0000-000220 от 27.05.2024 10:15:42;;;;;;400,000;;50,000;350,000
Отпуск в отделение 0000-000242 от 10.06.2024 11:05:29;;;;;;350,000;;20,000;330,000
Отпуск в отделение 0000-000259 от 24.06.2024 11:19:16;;;;;;330,000;;30,000;300,000
Отпуск в отделение 0000-000265 от 27.06.2024 10:15:05;;;;;;300,000;;50,000;250,000
Отпуск в отделение 0000-000267 от 01.07.2024 9:04:14;;;;;;250,000;;50,000;200,000
Отпуск в отделение 0000-000293 от 17.07.2024 9:59:13;;;;;;200,000;;50,000;150,000
Отпуск в отделение 0000-000299 от 19.07.2024 11:00:13;;;;;;150,000;;25,000;125,000
Отпуск в отделение 0000-000326 от 09.08.2024 11:03:19;;;;;;125,000;;30,000;95,000
Отпуск в отделение 0000-000354 от 26.08.2024 10:26:30;;;;;;95,000;;30,000;65,000
Отпуск в отделение 0000-000364 от 02.09.2024 13:22:32;;;;;;65,000;;50,000;15,000
Отпуск в отделение 0000-000365 от 05.09.2024 13:17:07;;;;;;15,000;;15,000;
481221 до 01.01.26, <партии не учитываются>;;;;;;400,000;;400,000;
Отпуск в отделение 0000-000008 от 12.01.2024 10:36:41;;;;;;400,000;;50,000;350,000
Отпуск в отделение 0000-000028 от 26.01.2024 9:59:46;;;;;;350,000;;50,000;300,000
Отпуск в отделение 0000-000058 от 16.02.2024 10:39:07;;;;;;300,000;;50,000;250,000
Отпуск в отделение 0000-000084 от 06.03.2024 9:46:40;;;;;;250,000;;50,000;200,000
Отпуск в отделение 0000-000089 от 11.03.2024 10:19:11;;;;;;200,000;;30,000;170,000
Отпуск в отделение 0000-000104 от 18.03.2024 8:53:59;;;;;;170,000;;50,000;120,000
Отпуск в отделение 0000-000108 от 21.03.2024 8:15:48;;;;;;120,000;;50,000;70,000
Отпуск в отделение 0000-000119 от 27.03.2024 10:43:22;;;;;;70,000;;50,000;20,000
Отпуск в отделение 0000-000126 от 02.04.2024 15:21:09;;;;;;20,000;;20,000;
Гидроксиэтилкрахмал 130/0.4, р-р д/инф. 6 %, бан. 500 мл, пач. картон. 1 02.25;;;;;бан. 500 см3;32,000;;32,000;
60423 до 30.04.25, <партии не учитываются>;;;;;;32,000;;32,000;
Отпуск в отделение 0000-000044 от 07.02.2024 10:46:01;;;;;;32,000;;15,000;17,000
Отпуск в отделение 0000-000181 от 03.05.2024 13:17:20;;;;;;17,000;;7,000;10,000
Отпуск в отделение 0000-000183 от 06.05.2024 9:17:42;;;;;;10,000;;10,000;
Глюкоза-Э, р-р д/инф. 5 %, бан. 200 мл, пач. картон. 28 Эском 05.24;;;;;бан. 200 см3;56,000;476,000;532,000;
070423 до 30.04.26, <партии не учитываются>;;;;;;56,000;;56,000;
Отпуск в отделение 0000-000022 от 22.01.2024 8:59:29;;;;;;56,000;;28,000;28,000
Отпуск в отделение 0000-000047 от 07.02.2024 13:06:21;;;;;;28,000;;28,000;
301023 до 31.10.26, <партии не учитываются>;;;;;;;476,000;476,000;
Поступление товаров 0000-000037 от 20.05.2024 16:11:44;;;;;;;476,000;;476,000
Отпуск в отделение 0000-000209 от 21.05.2024 8:06:35;;;;;;476,000;;112,000;364,000
Отпуск в отделение 0000-000210 от 21.05.2024 11:34:29;;;;;;364,000;;28,000;336,000
Отпуск в отделение 0000-000214 от 23.05.2024 13:10:14;;;;;;336,000;;28,000;308,000
Отпуск в отделение 0000-000237 от 10.06.2024 9:49:51;;;;;;308,000;;10,000;298,000
Отпуск в отделение 0000-000242 от 10.06.2024 11:05:29;;;;;;298,000;;18,000;280,000
Отпуск в отделение 0000-000245 от 18.06.2024 10:51:43;;;;;;280,000;;28,000;252,000
Отпуск в отделение 0000-000275 от 05.07.2024 10:53:58;;;;;;252,000;;28,000;224,000
Отпуск в отделение 0000-000292 от 17.07.2024 9:21:34;;;;;;224,000;;56,000;168,000
Отпуск в отделение 0000-000351 от 26.08.2024 9:57:40;;;;;;168,000;;28,000;140,000
Отпуск в отделение 0000-000360 от 02.09.2024 9:34:07;;;;;;140,000;;28,000;112,000
Отпуск в отделение 0000-000370 от 09.09.2024 10:15:29;;;;;;112,000;;10,000;102,000
Отпуск в отделение 0000-000402 от 08.10.2024 9:37:04;;;;;;102,000;;28,000;74,000
Отпуск в отделение 0000-000443 от 06.11.2024 8:28:34;;;;;;74,000;;28,000;46,000
Отпуск в отделение 0000-000452 от 11.11.2024 10:25:38;;;;;;46,000;;28,000;18,000
Отпуск в отделение 0000-000507 от 13.12.2024 13:28:27;;;;;;18,000;;10,000;8,000
Отпуск в отделение 0000-000513 от 18.12.2024 9:09:40;;;;;;8,000;;8,000;
Глюкоза, р-р д/инф. 10 %, фл. 200 мл, кор. 40 склад 24;;;;;фл. 200 см3;;160,000;160,000;
A23041407 до 13.04.26, <партии не учитываются>;;;;;;;120,000;120,000;
Поступление товаров 0000-000037 от 20.05.2024 16:11:44;;;;;;;120,000;;120,000
Отпуск в отделение 0000-000209 от 21.05.2024 8:06:35;;;;;;120,000;;120,000;
A23041410 до 14.04.26, <партии не учитываются>;;;;;;;40,000;40,000;
Поступление товаров 0000-000037 от 20.05.2024 16:11:44;;;;;;;40,000;;40,000
Отпуск в отделение 0000-000209 от 21.05.2024 8:06:35;;;;;;40,000;;40,000;
Глюкоза, р-р для в/в введ. 40 %, амп. 10 мл, пач. картон. 10 Арм.12.23;;;;;амп. 10 мл;2000,00;;1 430,000;570,000
111023 до 31.10.28, <партии не учитываются>;;;;;;2 000,000;;1 430,000;570,000
Отпуск в отделение 0000-000129 от 02.04.2024 16:09:31;;;;;;2 000,000;;40,000;1 960,000
Отпуск в отделение 0000-000159 от 17.04.2024 9:05:57;;;;;;1 960,000;;50,000;1 910,000
Отпуск в отделение 0000-000168 от 23.04.2024 10:22:26;;;;;;1 910,000;;50,000;1 860,000
Отпуск в отделение 0000-000202 от 20.05.2024 9:36:32;;;;;;1 860,000;;50,000;1 810,000
Отпуск в отделение 0000-000205 от 20.05.2024 13:40:22;;;;;;1 810,000;;50,000;1 760,000
Отпуск в отделение 0000-000224 от 29.05.2024 10:48:28;;;;;;1 760,000;;50,000;1 710,000
Отпуск в отделение 0000-000237 от 10.06.2024 9:49:51;;;;;;1 710,000;;40,000;1 670,000
Отпуск в отделение 0000-000245 от 18.06.2024 10:51:43;;;;;;1 670,000;;50,000;1 620,000
Отпуск в отделение 0000-000251 от 20.06.2024 9:03:18;;;;;;1 620,000;;100,000;1 520,000
Отпуск в отделение 0000-000270 от 01.07.2024 9:53:08;;;;;;1 520,000;;50,000;1 470,000
Отпуск в отделение 0000-000299 от 19.07.2024 11:00:13;;;;;;1 470,000;;50,000;1 420,000
Отпуск в отделение 0000-000316 от 05.08.2024 11:01:37;;;;;;1 420,000;;50,000;1 370,000
Отпуск в отделение 0000-000321 от 07.08.2024 11:08:47;;;;;;1 370,000;;30,000;1 340,000
Отпуск в отделение 0000-000331 от 12.08.2024 14:45:46;;;;;;1 340,000;;50,000;1 290,000
Отпуск в отделение 0000-000365 от 05.09.2024 13:17:07;;;;;;1 290,000;;50,000;1 240,000
Отпуск в отделение 0000-000388 от 23.09.2024 11:04:17;;;;;;1 240,000;;30,000;1 210,000
Отпуск в отделение 0000-000397 от 02.10.2024 9:56:50;;;;;;1 210,000;;50,000;1 160,000
Отпуск в отделение 0000-000402 от 08.10.2024 9:37:04;;;;;;1 160,000;;50,000;1 110,000
Отпуск в отделение 0000-000407 от 10.10.2024 10:54:04;;;;;;1 110,000;;30,000;1 080,000
Отпуск в отделение 0000-000430 от 25.10.2024 9:45:24;;;;;;1 080,000;;50,000;1 030,000
Отпуск в отделение 0000-000483 от 02.12.2024 9:12:54;;;;;;1 030,000;;50,000;980,000
Отпуск в отделение 0000-000492 от 04.12.2024 15:36:06;;;;;;980,000;;30,000;950,000
Отпуск в отделение 0000-000495 от 06.12.2024 11:07:16;;;;;;950,000;;100,000;850,000
Отпуск в отделение 0000-000499 от 09.12.2024 10:48:28;;;;;;850,000;;30,000;820,000
Отпуск в отделение 0000-000513 от 18.12.2024 9:09:40;;;;;;820,000;;50,000;770,000
Отпуск в отделение 0000-000531 от 27.12.2024 13:33:59;;;;;;770,000;;200,000;570,000
Глюкоза, р-р для в/в введ. 400 мг/мл, амп. 10 мл, пач. картон. 10 Фармасинтез 04.23;;;;;амп. 10 мл;410,00;;410,000;
160622 до 30.06.25, <партии не учитываются>;;;;;;410,000;;410,000;
Отпуск в отделение 0000-000012 от 15.01.2024 11:14:02;;;;;;410,000;;50,000;360,000
Отпуск в отделение 0000-000022 от 22.01.2024 8:59:29;;;;;;360,000;;50,000;310,000
Отпуск в отделение 0000-000037 от 02.02.2024 11:11:51;;;;;;310,000;;50,000;260,000
Отпуск в отделение 0000-000052 от 12.02.2024 10:08:46;;;;;;260,000;;50,000;210,000
Отпуск в отделение 0000-000089 от 11.03.2024 10:19:11;;;;;;210,000;;50,000;160,000
Отпуск в отделение 0000-000104 от 18.03.2024 8:53:59;;;;;;160,000;;50,000;110,000
Отпуск в отделение 0000-000108 от 21.03.2024 8:15:48;;;;;;110,000;;50,000;60,000
Отпуск в отделение 0000-000124 от 01.04.2024 11:13:36;;;;;;60,000;;50,000;10,000
Отпуск в отделение 0000-000129 от 02.04.2024 16:09:31;;;;;;10,000;;10,000;
Дексаметазон, р-р д/ин. 4 мг/мл, амп. 1 мл, пач. картон. 25 09.23;;;;;амп. 1 мл;33425,00;;5 975,000;27 450,000
2111121 до 30.11.25, <партии не учитываются>;;;;;;33 375,000;;5 925,000;27 450,000
Отпуск в отделение 0000-000163 от 19.04.2024 9:15:21;;;;;;33 375,000;;250,000;33 125,000
Отпуск в отделение 0000-000165 от 22.04.2024 10:49:17;;;;;;33 125,000;;150,000;32 975,000
Отпуск в отделение 0000-000175 от 26.04.2024 10:21:39;;;;;;32 975,000;;100,000;32 875,000
Отпуск в отделение 0000-000267 от 01.07.2024 9:04:14;;;;;;32 875,000;;500,000;32 375,000
Отпуск в отделение 0000-000288 от 15.07.2024 10:19:45;;;;;;32 375,000;;250,000;32 125,000
Отпуск в отделение 0000-000344 от 19.08.2024 10:12:36;;;;;;32 125,000;;250,000;31 875,000
Отпуск в отделение 0000-000346 от 22.08.2024 11:21:57;;;;;;31 875,000;;75,000;31 800,000
Отпуск в отделение 0000-000349 от 23.08.2024 11:12:30;;;;;;31 800,000;;50,000;31 750,000
Отпуск в отделение 0000-000354 от 26.08.2024 10:26:30;;;;;;31 750,000;;150,000;31 600,000
Отпуск в отделение 0000-000356 от 28.08.2024 10:51:39;;;;;;31 600,000;;250,000;31 350,000
Отпуск в отделение 0000-000360 от 02.09.2024 9:34:07;;;;;;31 350,000;;600,000;30 750,000
Отпуск в отделение 0000-000365 от 05.09.2024 13:17:07;;;;;;30 750,000;;150,000;30 600,000
Отпуск в отделение 0000-000368 от 09.09.2024 9:52:34;;;;;;30 600,000;;250,000;30 350,000
Отпуск в отделение 0000-000370 от 09.09.2024 10:15:29;;;;;;30 350,000;;100,000;30 250,000
Отпуск в отделение 0000-000372 от 11.09.2024 10:22:00;;;;;;30 250,000;;100,000;30 150,000
Отпуск в отделение 0000-000382 от 19.09.2024 8:21:45;;;;;;30 150,000;;200,000;29 950,000
Отпуск в отделение 0000-000388 от 23.09.2024 11:04:17;;;;;;29 950,000;;150,000;29 800,000
Отпуск в отделение 0000-000392 от 27.09.2024 10:45:06;;;;;;29 800,000;;250,000;29 550,000
Отпуск в отделение 0000-000400 от 04.10.2024 10:35:07;;;;;;29 550,000;;100,000;29 450,000
Отпуск в отделение 0000-000402 от 08.10.2024 9:37:04;;;;;;29 450,000;;500,000;28 950,000
Отпуск в отделение 0000-000407 от 10.10.2024 10:54:04;;;;;;28 950,000;;250,000;28 700,000
Отпуск в отделение 0000-000409 от 11.10.2024 11:13:14;;;;;;28 700,000;;200,000;28 500,000
Отпуск в отделение 0000-000413 от 14.10.2024 11:10:06;;;;;;28 500,000;;150,000;28 350,000
Отпуск в отделение 0000-000415 от 16.10.2024 10:47:19;;;;;;28 350,000;;100,000;28 250,000
Отпуск в отделение 0000-000417 от 18.10.2024 11:13:47;;;;;;28 250,000;;200,000;28 050,000
Отпуск в отделение 0000-000420 от 21.10.2024 10:57:24;;;;;;28 050,000;;200,000;27 850,000
Отпуск в отделение 0000-000426 от 23.10.2024 10:47:42;;;;;;27 850,000;;100,000;27 750,000
Отпуск в отделение 0000-000430 от 25.10.2024 9:45:24;;;;;;27 750,000;;100,000;27 650,000
Отпуск в отделение 0000-000433 от 28.10.2024 10:31:12;;;;;;27 650,000;;200,000;27 450,000
2121121 до 30.11.25, <партии не учитываются>;;;;;;50,000;;50,000;
Отпуск в отделение 0000-000131 от 03.04.2024 10:07:36;;;;;;50,000;;50,000;
Дексаметазон, р-р д/ин. 4 мг/мл, амп. 2 мл, пач. картон. 25 Эллара 22;;;;;амп. 2 мл;2925,00;;;2 925,000
1031121 до 30.11.25, <партии не учитываются>;;;;;;2 925,000;;;2 925,000
Дексаметазон, р-р д/ин. 4 мг/мл, с нож. амп., 1 мл, N 25 Эллара ООО07.23;;;;;амп. темн. стекл. с этикетк. 1 мл;31825,00;;22 525,000;9 300,000
2111121 до 30.11.25, <партии не учитываются>;;;;;;17 350,000;;17 350,000;
Отпуск в отделение 0000-000001 от 04.01.2024 11:06:55;;;;;;17 350,000;;400,000;16 950,000
Отпуск в отделение 0000-000002 от 04.01.2024 11:26:34;;;;;;16 950,000;;200,000;16 750,000
Отпуск в отделение 0000-000005 от 09.01.2024 11:47:30;;;;;;16 750,000;;100,000;16 650,000
Отпуск в отделение 0000-000010 от 12.01.2024 13:33:24;;;;;;16 650,000;;100,000;16 550,000
Отпуск в отделение 0000-000014 от 16.01.2024 14:13:09;;;;;;16 550,000;;500,000;16 050,000
Отпуск в отделение 0000-000015 от 16.01.2024 14:31:19;;;;;;16 050,000;;600,000;15 450,000
Отпуск в отделение 0000-000025 от 22.01.2024 10:27:48;;;;;;15 450,000;;150,000;15 300,000
Отпуск в отделение 0000-000028 от 26.01.2024 9:59:46;;;;;;15 300,000;;50,000;15 250,000
Отпуск в отделение 0000-000037 от 02.02.2024 11:11:51;;;;;;15 250,000;;100,000;15 150,000
Отпуск в отделение 0000-000040 от 05.02.2024 10:54:32;;;;;;15 150,000;;600,000;14 550,000
Отпуск в отделение 0000-000043 от 07.02.2024 10:00:03;;;;;;14 550,000;;150,000;14 400,000
Отпуск в отделение 0000-000044 от 07.02.2024 10:46:01;;;;;;14 400,000;;300,000;14 100,000
Отпуск в отделение 0000-000047 от 07.02.2024 13:06:21;;;;;;14 100,000;;100,000;14 000,000
Отпуск в отделение 0000-000052 от 12.02.2024 10:08:46;;;;;;14 000,000;;200,000;13 800,000
Отпуск в отделение 0000-000058 от 16.02.2024 10:39:07;;;;;;13 800,000;;200,000;13 600,000
Отпуск в отделение 0000-000062 от 20.02.2024 14:30:18;;;;;;13 600,000;;300,000;13 300,000
Отпуск в отделение 0000-000066 от 21.02.2024 10:30:11;;;;;;13 300,000;;250,000;13 050,000
Отпуск в отделение 0000-000069 от 22.02.2024 10:15:37;;;;;;13 050,000;;250,000;12 800,000
Отпуск в отделение 0000-000078 от 04.03.2024 9:12:23;;;;;;12 800,000;;600,000;12 200,000
Отпуск в отделение 0000-000082 от 04.03.2024 10:17:59;;;;;;12 200,000;;250,000;11 950,000
Отпуск в отделение 0000-000084 от 06.03.2024 9:46:40;;;;;;11 950,000;;100,000;11 850,000
Отпуск в отделение 0000-000085 от 06.03.2024 10:08:58;;;;;;11 850,000;;500,000;11 350,000
Отпуск в отделение 0000-000089 от 11.03.2024 10:19:11;;;;;;11 350,000;;200,000;11 150,000
Отпуск в отделение 0000-000103 от 15.03.2024 13:03:19;;;;;;11 150,000;;100,000;11 050,000
Отпуск в отделение 0000-000104 от 18.03.2024 8:53:59;;;;;;11 050,000;;200,000;10 850,000
Отпуск в отделение 0000-000107 от 20.03.2024 10:25:12;;;;;;10 850,000;;250,000;10 600,000
Отпуск в отделение 0000-000108 от 21.03.2024 8:15:48;;;;;;10 600,000;;150,000;10 450,000
Отпуск в отделение 0000-000112 от 22.03.2024 13:16:04;;;;;;10 450,000;;150,000;10 300,000
Отпуск в отделение 0000-000116 от 25.03.2024 11:39:14;;;;;;10 300,000;;100,000;10 200,000
Отпуск в отделение 0000-000119 от 27.03.2024 10:43:22;;;;;;10 200,000;;100,000;10 100,000
Отпуск в отделение 0000-000121 от 01.04.2024 10:10:51;;;;;;10 100,000;;500,000;9 600,000
Отпуск в отделение 0000-000129 от 02.04.2024 16:09:31;;;;;;9 600,000;;200,000;9 400,000
Отпуск в отделение 0000-000131 от 03.04.2024 10:07:36;;;;;;9 400,000;;50,000;9 350,000
Отпуск в отделение 0000-000136 от 08.04.2024 10:40:04;;;;;;9 350,000;;100,000;9 250,000
Отпуск в отделение 0000-000140 от 09.04.2024 11:08:04;;;;;;9 250,000;;100,000;9 150,000
Отпуск в отделение 0000-000150 от 12.04.2024 9:48:40;;;;;;9 150,000;;100,000;9 050,000
Отпуск в отделение 0000-000153 от 15.04.2024 9:19:31;;;;;;9 050,000;;300,000;8 750,000
Отпуск в отделение 0000-000159 от 17.04.2024 9:05:57;;;;;;8 750,000;;300,000;8 450,000
Отпуск в отделение 0000-000179 от 03.05.2024 9:39:57;;;;;;8 450,000;;50,000;8 400,000
Отпуск в отделение 0000-000181 от 03.05.2024 13:17:20;;;;;;8 400,000;;100,000;8 300,000
Отпуск в отделение 0000-000183 от 06.05.2024 9:17:42;;;;;;8 300,000;;150,000;8 150,000
Отпуск в отделение 0000-000184 от 06.05.2024 10:38:18;;;;;;8 150,000;;200,000;7 950,000
Отпуск в отделение 0000-000188 от 06.05.2024 11:41:10;;;;;;7 950,000;;100,000;7 850,000
Отпуск в отделение 0000-000190 от 07.05.2024 11:06:49;;;;;;7 850,000;;450,000;7 400,000
Отпуск в отделение 0000-000192 от 08.05.2024 10:45:30;;;;;;7 400,000;;50,000;7 350,000
Отпуск в отделение 0000-000197 от 15.05.2024 11:42:38;;;;;;7 350,000;;250,000;7 100,000
Отпуск в отделение 0000-000202 от 20.05.2024 9:36:32;;;;;;7 100,000;;600,000;6 500,000
Отпуск в отделение 0000-000204 от 20.05.2024 13:23:39;;;;;;6 500,000;;200,000;6 300,000
Отпуск в отделение 0000-000214 от 23.05.2024 13:10:14;;;;;;6 300,000;;250,000;6 050,000
Отпуск в отделение 0000-000217 от 24.05.2024 10:03:37;;;;;;6 050,000;;100,000;5 950,000
Отпуск в отделение 0000-000220 от 27.05.2024 10:15:42;;;;;;5 950,000;;100,000;5 850,000
Отпуск в отделение 0000-000224 от 29.05.2024 10:48:28;;;;;;5 850,000;;200,000;5 650,000
Отпуск в отделение 0000-000227 от 03.06.2024 9:38:13;;;;;;5 650,000;;500,000;5 150,000
Отпуск в отделение 0000-000233 от 04.06.2024 14:07:33;;;;;;5 150,000;;100,000;5 050,000
Отпуск в отделение 0000-000237 от 10.06.2024 9:49:51;;;;;;5 050,000;;100,000;4 950,000
Отпуск в отделение 0000-000242 от 10.06.2024 11:05:29;;;;;;4 950,000;;150,000;4 800,000
Отпуск в отделение 0000-000243 от 14.06.2024 11:14:03;;;;;;4 800,000;;100,000;4 700,000
Отпуск в отделение 0000-000248 от 18.06.2024 13:15:26;;;;;;4 700,000;;100,000;4 600,000
Отпуск в отделение 0000-000251 от 20.06.2024 9:03:18;;;;;;4 600,000;;375,000;4 225,000
Отпуск в отделение 0000-000257 от 21.06.2024 10:04:02;;;;;;4 225,000;;200,000;4 025,000
Отпуск в отделение 0000-000259 от 24.06.2024 11:19:16;;;;;;4 025,000;;100,000;3 925,000
Отпуск в отделение 0000-000265 от 27.06.2024 10:15:05;;;;;;3 925,000;;100,000;3 825,000
Отпуск в отделение 0000-000275 от 05.07.2024 10:53:58;;;;;;3 825,000;;100,000;3 725,000
Отпуск в отделение 0000-000276 от 05.07.2024 11:22:28;;;;;;3 725,000;;300,000;3 425,000
Отпуск в отделение 0000-000279 от 08.07.2024 10:11:33;;;;;;3 425,000;;100,000;3 325,000
Отпуск в отделение 0000-000281 от 10.07.2024 10:13:12;;;;;;3 325,000;;200,000;3 125,000
Отпуск в отделение 0000-000283 от 12.07.2024 10:53:59;;;;;;3 125,000;;50,000;3 075,000
Отпуск в отделение 0000-000293 от 17.07.2024 9:59:13;;;;;;3 075,000;;500,000;2 575,000
Отпуск в отделение 0000-000299 от 19.07.2024 11:00:13;;;;;;2 575,000;;50,000;2 525,000
Отпуск в отделение 0000-000302 от 22.07.2024 13:07:35;;;;;;2 525,000;;300,000;2 225,000
Отпуск в отделение 0000-000303 от 22.07.2024 13:50:37;;;;;;2 225,000;;200,000;2 025,000
Отпуск в отделение 0000-000306 от 26.07.2024 9:58:17;;;;;;2 025,000;;100,000;1 925,000
Отпуск в отделение 0000-000314 от 02.08.2024 14:51:50;;;;;;1 925,000;;200,000;1 725,000
Отпуск в отделение 0000-000316 от 05.08.2024 11:01:37;;;;;;1 725,000;;800,000;925,000
Отпуск в отделение 0000-000321 от 07.08.2024 11:08:47;;;;;;925,000;;150,000;775,000
Отпуск в отделение 0000-000323 от 07.08.2024 13:27:34;;;;;;775,000;;250,000;525,000
Отпуск в отделение 0000-000326 от 09.08.2024 11:03:19;;;;;;525,000;;50,000;475,000
Отпуск в отделение 0000-000328 от 12.08.2024 11:39:14;;;;;;475,000;;200,000;275,000
Отпуск в отделение 0000-000340 от 19.08.2024 9:06:52;;;;;;275,000;;275,000;
2121121 до 30.11.25, <партии не учитываются>;;;;;;14 475,000;;5 175,000;9 300,000
Отпуск в отделение 0000-000340 от 19.08.2024 9:06:52;;;;;;14 475,000;;25,000;14 450,000
Отпуск в отделение 0000-000436 от 01.11.2024 13:39:05;;;;;;14 450,000;;250,000;14 200,000
Отпуск в отделение 0000-000440 от 05.11.2024 9:29:38;;;;;;14 200,000;;250,000;13 950,000
Отпуск в отделение 0000-000444 от 06.11.2024 8:43:10;;;;;;13 950,000;;250,000;13 700,000
Отпуск в отделение 0000-000454 от 11.11.2024 10:54:33;;;;;;13 700,000;;150,000;13 550,000
Отпуск в отделение 0000-000457 от 15.11.2024 10:16:51;;;;;;13 550,000;;100,000;13 450,000
Отпуск в отделение 0000-000460 от 18.11.2024 10:02:14;;;;;;13 450,000;;200,000;13 250,000
Отпуск в отделение 0000-000462 от 18.11.2024 10:23:59;;;;;;13 250,000;;250,000;13 000,000
Отпуск в отделение 0000-000465 от 20.11.2024 9:29:48;;;;;;13 000,000;;250,000;12 750,000
Отпуск в отделение 0000-000473 от 25.11.2024 9:50:22;;;;;;12 750,000;;150,000;12 600,000
Отпуск в отделение 0000-000479 от 28.11.2024 10:45:08;;;;;;12 600,000;;100,000;12 500,000
Отпуск в отделение 0000-000483 от 02.12.2024 9:12:54;;;;;;12 500,000;;250,000;12 250,000
Отпуск в отделение 0000-000487 от 03.12.2024 11:22:36;;;;;;12 250,000;;50,000;12 200,000
Отпуск в отделение 0000-000492 от 04.12.2024 15:36:06;;;;;;12 200,000;;200,000;12 000,000
Отпуск в отделение 0000-000495 от 06.12.2024 11:07:16;;;;;;12 000,000;;100,000;11 900,000
Отпуск в отделение 0000-000499 от 09.12.2024 10:48:28;;;;;;11 900,000;;100,000;11 800,000
Отпуск в отделение 0000-000502 от 10.12.2024 11:09:59;;;;;;11 800,000;;150,000;11 650,000
Отпуск в отделение 0000-000507 от 13.12.2024 13:28:27;;;;;;11 650,000;;300,000;11 350,000
Отпуск в отделение 0000-000510 от 17.12.2024 14:03:59;;;;;;11 350,000;;200,000;11 150,000
Отпуск в отделение 0000-000511 от 17.12.2024 14:38:17;;;;;;11 150,000;;250,000;10 900,000
Отпуск в отделение 0000-000516 от 20.12.2024 11:23:13;;;;;;10 900,000;;100,000;10 800,000
Отпуск в отделение 0000-000518 от 23.12.2024 13:51:58;;;;;;10 800,000;;300,000;10 500,000
Отпуск в отделение 0000-000520 от 24.12.2024 10:56:12;;;;;;10 500,000;;100,000;10 400,000
Отпуск в отделение 0000-000521 от 24.12.2024 13:18:00;;;;;;10 400,000;;350,000;10 050,000
Отпуск в отделение 0000-000522 от 24.12.2024 15:26:22;;;;;;10 050,000;;250,000;9 800,000
Отпуск в отделение 0000-000531 от 27.12.2024 13:33:59;;;;;;9 800,000;;500,000;9 300,000
Димедрол р-р 10 мг/мл, амп. 1 см3 (мл), картон. пач. 10 Борис 06.24;;;;;амп. 1 мл;900,00;12 000,000;900,000;12 000,000
220323 до 31.03.27, <партии не учитываются>;;;;;;900,000;;900,000;
Отпуск в отделение 0000-000001 от 04.01.2024 11:06:55;;;;;;900,000;;250,000;650,000
Отпуск в отделение 0000-000005 от 09.01.2024 11:47:30;;;;;;650,000;;200,000;450,000
Отпуск в отделение 0000-000010 от 12.01.2024 13:33:24;;;;;;450,000;;50,000;400,000
Отпуск в отделение 0000-000017 от 16.01.2024 15:20:56;;;;;;400,000;;400,000;
530524 до 31.05.28, <партии не учитываются>;;;;;;;12 000,000;;12 000,000
Поступление товаров 0000-000050 от 24.06.2024 10:39:39;;;;;;;12 000,000;;12 000,000
Димедрол, р-р для в/в и в/м введ. 10 мг/мл, амп. 1 мл, пач. картон. 10 Вел.12,23;;;;;амп. 1 мл;10000,00;;9 700,000;300,000
60323 до 01.03.28, <партии не учитываются>;;;;;;10 000,000;;9 700,000;300,000
Отпуск в отделение 0000-000022 от 22.01.2024 8:59:29;;;;;;10 000,000;;200,000;9 800,000
Отпуск в отделение 0000-000025 от 22.01.2024 10:27:48;;;;;;9 800,000;;100,000;9 700,000
Отпуск в отделение 0000-000037 от 02.02.2024 11:11:51;;;;;;9 700,000;;50,000;9 650,000
Отпуск в отделение 0000-000040 от 05.02.2024 10:54:32;;;;;;9 650,000;;400,000;9 250,000
Отпуск в отделение 0000-000043 от 07.02.2024 10:00:03;;;;;;9 250,000;;100,000;9 150,000
Отпуск в отделение 0000-000044 от 07.02.2024 10:46:01;;;;;;9 150,000;;50,000;9 100,000
Отпуск в отделение 0000-000047 от 07.02.2024 13:06:21;;;;;;9 100,000;;100,000;9 000,000
Отпуск в отделение 0000-000060 от 19.02.2024 11:14:10;;;;;;9 000,000;;100,000;8 900,000
Отпуск в отделение 0000-000062 от 20.02.2024 14:30:18;;;;;;8 900,000;;200,000;8 700,000
Отпуск в отделение 0000-000071 от 26.02.2024 9:55:59;;;;;;8 700,000;;100,000;8 600,000
Отпуск в отделение 0000-000078 от 04.03.2024 9:12:23;;;;;;8 600,000;;350,000;8 250,000
Отпуск в отделение 0000-000092 от 11.03.2024 10:50:43;;;;;;8 250,000;;100,000;8 150,000
Отпуск в отделение 0000-000108 от 21.03.2024 8:15:48;;;;;;8 150,000;;200,000;7 950,000
Отпуск в отделение 0000-000116 от 25.03.2024 11:39:14;;;;;;7 950,000;;100,000;7 850,000
Отпуск в отделение 0000-000121 от 01.04.2024 10:10:51;;;;;;7 850,000;;250,000;7 600,000
Отпуск в отделение 0000-000129 от 02.04.2024 16:09:31;;;;;;7 600,000;;100,000;7 500,000
Отпуск в отделение 0000-000150 от 12.04.2024 9:48:40;;;;;;7 500,000;;100,000;7 400,000
Отпуск в отделение 0000-000153 от 15.04.2024 9:19:31;;;;;;7 400,000;;250,000;7 150,000
Отпуск в отделение 0000-000159 от 17.04.2024 9:05:57;;;;;;7 150,000;;150,000;7 000,000
Отпуск в отделение 0000-000165 от 22.04.2024 10:49:17;;;;;;7 000,000;;100,000;6 900,000
Отпуск в отделение 0000-000175 от 26.04.2024 10:21:39;;;;;;6 900,000;;100,000;6 800,000
Отпуск в отделение 0000-000183 от 06.05.2024 9:17:42;;;;;;6 800,000;;200,000;6 600,000
Отпуск в отделение 0000-000184 от 06.05.2024 10:38:18;;;;;;6 600,000;;100,000;6 500,000
Отпуск в отделение 0000-000190 от 07.05.2024 11:06:49;;;;;;6 500,000;;200,000;6 300,000
Отпуск в отделение 0000-000202 от 20.05.2024 9:36:32;;;;;;6 300,000;;150,000;6 150,000
Отпуск в отделение 0000-000214 от 23.05.2024 13:10:14;;;;;;6 150,000;;100,000;6 050,000
Отпуск в отделение 0000-000218 от 24.05.2024 10:49:45;;;;;;6 050,000;;100,000;5 950,000
Отпуск в отделение 0000-000220 от 27.05.2024 10:15:42;;;;;;5 950,000;;100,000;5 850,000
Отпуск в отделение 0000-000227 от 03.06.2024 9:38:13;;;;;;5 850,000;;300,000;5 550,000
Отпуск в отделение 0000-000233 от 04.06.2024 14:07:33;;;;;;5 550,000;;150,000;5 400,000
Отпуск в отделение 0000-000243 от 14.06.2024 11:14:03;;;;;;5 400,000;;100,000;5 300,000
Отпуск в отделение 0000-000251 от 20.06.2024 9:03:18;;;;;;5 300,000;;150,000;5 150,000
Отпуск в отделение 0000-000259 от 24.06.2024 11:19:16;;;;;;5 150,000;;100,000;5 050,000
Отпуск в отделение 0000-000275 от 05.07.2024 10:53:58;;;;;;5 050,000;;100,000;4 950,000
Отпуск в отделение 0000-000293 от 17.07.2024 9:59:13;;;;;;4 950,000;;200,000;4 750,000
Отпуск в отделение 0000-000302 от 22.07.2024 13:07:35;;;;;;4 750,000;;200,000;4 550,000
Отпуск в отделение 0000-000314 от 02.08.2024 14:51:50;;;;;;4 550,000;;50,000;4 500,000
Отпуск в отделение 0000-000316 от 05.08.2024 11:01:37;;;;;;4 500,000;;350,000;4 150,000
Отпуск в отделение 0000-000321 от 07.08.2024 11:08:47;;;;;;4 150,000;;100,000;4 050,000
Отпуск в отделение 0000-000326 от 09.08.2024 11:03:19;;;;;;4 050,000;;100,000;3 950,000
Отпуск в отделение 0000-000340 от 19.08.2024 9:06:52;;;;;;3 950,000;;300,000;3 650,000
Отпуск в отделение 0000-000346 от 22.08.2024 11:21:57;;;;;;3 650,000;;200,000;3 450,000
Отпуск в отделение 0000-000356 от 28.08.2024 10:51:39;;;;;;3 450,000;;100,000;3 350,000
Отпуск в отделение 0000-000382 от 19.09.2024 8:21:45;;;;;;3 350,000;;100,000;3 250,000
Отпуск в отделение 0000-000388 от 23.09.2024 11:04:17;;;;;;3 250,000;;100,000;3 150,000
Отпуск в отделение 0000-000392 от 27.09.2024 10:45:06;;;;;;3 150,000;;200,000;2 950,000
Отпуск в отделение 0000-000398 от 02.10.2024 10:58:02;;;;;;2 950,000;;100,000;2 850,000
Отпуск в отделение 0000-000402 от 08.10.2024 9:37:04;;;;;;2 850,000;;250,000;2 600,000
Отпуск в отделение 0000-000407 от 10.10.2024 10:54:04;;;;;;2 600,000;;100,000;2 500,000
Отпуск в отделение 0000-000413 от 14.10.2024 11:10:06;;;;;;2 500,000;;100,000;2 400,000
Отпуск в отделение 0000-000420 от 21.10.2024 10:57:24;;;;;;2 400,000;;200,000;2 200,000
Отпуск в отделение 0000-000440 от 05.11.2024 9:29:38;;;;;;2 200,000;;200,000;2 000,000
Отпуск в отделение 0000-000444 от 06.11.2024 8:43:10;;;;;;2 000,000;;100,000;1 900,000
Отпуск в отделение 0000-000454 от 11.11.2024 10:54:33;;;;;;1 900,000;;100,000;1 800,000
Отпуск в отделение 0000-000457 от 15.11.2024 10:16:51;;;;;;1 800,000;;100,000;1 700,000
Отпуск в отделение 0000-000462 от 18.11.2024 10:23:59;;;;;;1 700,000;;200,000;1 500,000
Отпуск в отделение 0000-000465 от 20.11.2024 9:29:48;;;;;;1 500,000;;200,000;1 300,000
Отпуск в отделение 0000-000502 от 10.12.2024 11:09:59;;;;;;1 300,000;;100,000;1 200,000
Отпуск в отделение 0000-000507 от 13.12.2024 13:28:27;;;;;;1 200,000;;300,000;900,000
Отпуск в отделение 0000-000511 от 17.12.2024 14:38:17;;;;;;900,000;;300,000;600,000
Отпуск в отделение 0000-000518 от 23.12.2024 13:51:58;;;;;;600,000;;200,000;400,000
Отпуск в отделение 0000-000531 от 27.12.2024 13:33:59;;;;;;400,000;;100,000;300,000
Допамин, конц. д/р-ра д/инф. 40 мг/мл, амп. 5 мл, пач. картон. 10 Биохимик марк;;;;;амп. 5 мл;80,00;200,000;220,000;60,000
10123 до 31.12.26, <партии не учитываются>;;;;;;80,000;;80,000;
Отпуск в отделение 0000-000126 от 02.04.2024 15:21:09;;;;;;80,000;;30,000;50,000
Отпуск в отделение 0000-000157 от 15.04.2024 10:38:21;;;;;;50,000;;50,000;
80323 до 28.02.27, <партии не учитываются>;;;;;;;200,000;140,000;60,000
Поступление товаров 0000-000056 от 18.07.2024 10:08:28;;;;;;;200,000;;200,000
Отпуск в отделение 0000-000302 от 22.07.2024 13:07:35;;;;;;200,000;;20,000;180,000
Отпуск в отделение 0000-000306 от 26.07.2024 9:58:17;;;;;;180,000;;50,000;130,000
Отпуск в отделение 0000-000328 от 12.08.2024 11:39:14;;;;;;130,000;;20,000;110,000
Отпуск в отделение 0000-000345 от 20.08.2024 8:27:18;;;;;;110,000;;20,000;90,000
Отпуск в отделение 0000-000522 от 24.12.2024 15:26:22;;;;;;90,000;;30,000;60,000
Дроперидол, р-р д/ин. 2.5 мг/мл, 5 мл, N 5 Московский эндокринный завод ФГУП;;;;;фл. 5 мл;60,00;;60,000;
61022 до 31.10.25, <партии не учитываются>;;;;;;60,000;;60,000;
Отпуск в отделение 0000-000078 от 04.03.2024 9:12:23;;;;;;60,000;;20,000;40,000
Отпуск в отделение 0000-000108 от 21.03.2024 8:15:48;;;;;;40,000;;25,000;15,000
Отпуск в отделение 0000-000126 от 02.04.2024 15:21:09;;;;;;15,000;;15,000;
Дроперидол, р-р д/ин. 2.5 мг/мл, амп. 2 мл, бл. 5,  04.24;;;;;амп. 2 мл;120,00;625,000;580,000;165,000
20622 до 30.06.25, <партии не учитываются>;;;;;;120,000;;120,000;
Отпуск в отделение 0000-000017 от 16.01.2024 15:20:56;;;;;;120,000;;50,000;70,000
Отпуск в отделение 0000-000019 от 17.01.2024 10:01:43;;;;;;70,000;;50,000;20,000
Отпуск в отделение 0000-000073 от 26.02.2024 10:35:14;;;;;;20,000;;20,000;
40523 до 31.05.26, <партии не учитываются>;;;;;;;625,000;460,000;165,000
Поступление товаров 0000-000026 от 18.04.2024 9:19:54;;;;;;;625,000;;625,000
Отпуск в отделение 0000-000165 от 22.04.2024 10:49:17;;;;;;625,000;;30,000;595,000
Отпуск в отделение 0000-000175 от 26.04.2024 10:21:39;;;;;;595,000;;50,000;545,000
Отпуск в отделение 0000-000190 от 07.05.2024 11:06:49;;;;;;545,000;;15,000;530,000
Отпуск в отделение 0000-000233 от 04.06.2024 14:07:33;;;;;;530,000;;50,000;480,000
Отпуск в отделение 0000-000237 от 10.06.2024 9:49:51;;;;;;480,000;;20,000;460,000
Отпуск в отделение 0000-000242 от 10.06.2024 11:05:29;;;;;;460,000;;15,000;445,000
Отпуск в отделение 0000-000259 от 24.06.2024 11:19:16;;;;;;445,000;;20,000;425,000
Отпуск в отделение 0000-000293 от 17.07.2024 9:59:13;;;;;;425,000;;30,000;395,000
Отпуск в отделение 0000-000385 от 20.09.2024 11:17:32;;;;;;395,000;;50,000;345,000
Отпуск в отделение 0000-000438 от 02.11.2024 14:01:12;;;;;;345,000;;50,000;295,000
Отпуск в отделение 0000-000444 от 06.11.2024 8:43:10;;;;;;295,000;;30,000;265,000
Отпуск в отделение 0000-000454 от 11.11.2024 10:54:33;;;;;;265,000;;30,000;235,000
Отпуск в отделение 0000-000507 от 13.12.2024 13:28:27;;;;;;235,000;;20,000;215,000
Отпуск в отделение 0000-000531 от 27.12.2024 13:33:59;;;;;;215,000;;50,000;165,000
Дротаверин-Эллара, р-р для в/в и в/м введ. 20 мг/мл, амп. 2 мл, пач. картон. 10 12.23;;;;;амп. 2 мл;9970,00;;9 970,000;
301023 до 31.10.25, <партии не учитываются>;;;;;;9 000,000;;9 000,000;
Отпуск в отделение 0000-000040 от 05.02.2024 10:54:32;;;;;;9 000,000;;280,000;8 720,000
Отпуск в отделение 0000-000043 от 07.02.2024 10:00:03;;;;;;8 720,000;;100,000;8 620,000
Отпуск в отделение 0000-000044 от 07.02.2024 10:46:01;;;;;;8 620,000;;150,000;8 470,000
Отпуск в отделение 0000-000062 от 20.02.2024 14:30:18;;;;;;8 470,000;;250,000;8 220,000
Отпуск в отделение 0000-000065 от 21.02.2024 10:19:40;;;;;;8 220,000;;10,000;8 210,000
Отпуск в отделение 0000-000066 от 21.02.2024 10:30:11;;;;;;8 210,000;;210,000;8 000,000
Отпуск в отделение 0000-000085 от 06.03.2024 10:08:58;;;;;;8 000,000;;300,000;7 700,000
Отпуск в отделение 0000-000089 от 11.03.2024 10:19:11;;;;;;7 700,000;;100,000;7 600,000
Отпуск в отделение 0000-000092 от 11.03.2024 10:50:43;;;;;;7 600,000;;100,000;7 500,000
Отпуск в отделение 0000-000097 от 13.03.2024 9:48:46;;;;;;7 500,000;;50,000;7 450,000
Отпуск в отделение 0000-000103 от 15.03.2024 13:03:19;;;;;;7 450,000;;100,000;7 350,000
Отпуск в отделение 0000-000104 от 18.03.2024 8:53:59;;;;;;7 350,000;;400,000;6 950,000
Отпуск в отделение 0000-000107 от 20.03.2024 10:25:12;;;;;;6 950,000;;200,000;6 750,000
Отпуск в отделение 0000-000108 от 21.03.2024 8:15:48;;;;;;6 750,000;;100,000;6 650,000
Отпуск в отделение 0000-000116 от 25.03.2024 11:39:14;;;;;;6 650,000;;100,000;6 550,000
Отпуск в отделение 0000-000119 от 27.03.2024 10:43:22;;;;;;6 550,000;;100,000;6 450,000
Отпуск в отделение 0000-000121 от 01.04.2024 10:10:51;;;;;;6 450,000;;100,000;6 350,000
Отпуск в отделение 0000-000129 от 02.04.2024 16:09:31;;;;;;6 350,000;;150,000;6 200,000
Отпуск в отделение 0000-000150 от 12.04.2024 9:48:40;;;;;;6 200,000;;100,000;6 100,000
Отпуск в отделение 0000-000153 от 15.04.2024 9:19:31;;;;;;6 100,000;;250,000;5 850,000
Отпуск в отделение 0000-000157 от 15.04.2024 10:38:21;;;;;;5 850,000;;100,000;5 750,000
Отпуск в отделение 0000-000159 от 17.04.2024 9:05:57;;;;;;5 750,000;;100,000;5 650,000
Отпуск в отделение 0000-000163 от 19.04.2024 9:15:21;;;;;;5 650,000;;200,000;5 450,000
Отпуск в отделение 0000-000165 от 22.04.2024 10:49:17;;;;;;5 450,000;;100,000;5 350,000
Отпуск в отделение 0000-000175 от 26.04.2024 10:21:39;;;;;;5 350,000;;100,000;5 250,000
Отпуск в отделение 0000-000183 от 06.05.2024 9:17:42;;;;;;5 250,000;;200,000;5 050,000
Отпуск в отделение 0000-000184 от 06.05.2024 10:38:18;;;;;;5 050,000;;100,000;4 950,000
Отпуск в отделение 0000-000188 от 06.05.2024 11:41:10;;;;;;4 950,000;;150,000;4 800,000
Отпуск в отделение 0000-000190 от 07.05.2024 11:06:49;;;;;;4 800,000;;300,000;4 500,000
Отпуск в отделение 0000-000192 от 08.05.2024 10:45:30;;;;;;4 500,000;;100,000;4 400,000
Отпуск в отделение 0000-000197 от 15.05.2024 11:42:38;;;;;;4 400,000;;200,000;4 200,000
Отпуск в отделение 0000-000202 от 20.05.2024 9:36:32;;;;;;4 200,000;;200,000;4 000,000
Отпуск в отделение 0000-000204 от 20.05.2024 13:23:39;;;;;;4 000,000;;150,000;3 850,000
Отпуск в отделение 0000-000214 от 23.05.2024 13:10:14;;;;;;3 850,000;;150,000;3 700,000
Отпуск в отделение 0000-000224 от 29.05.2024 10:48:28;;;;;;3 700,000;;150,000;3 550,000
Отпуск в отделение 0000-000227 от 03.06.2024 9:38:13;;;;;;3 550,000;;300,000;3 250,000
Отпуск в отделение 0000-000233 от 04.06.2024 14:07:33;;;;;;3 250,000;;100,000;3 150,000
Отпуск в отделение 0000-000242 от 10.06.2024 11:05:29;;;;;;3 150,000;;100,000;3 050,000
Отпуск в отделение 0000-000249 от 19.06.2024 10:24:16;;;;;;3 050,000;;200,000;2 850,000
Отпуск в отделение 0000-000251 от 20.06.2024 9:03:18;;;;;;2 850,000;;200,000;2 650,000
Отпуск в отделение 0000-000265 от 27.06.2024 10:15:05;;;;;;2 650,000;;100,000;2 550,000
Отпуск в отделение 0000-000267 от 01.07.2024 9:04:14;;;;;;2 550,000;;200,000;2 350,000
Отпуск в отделение 0000-000275 от 05.07.2024 10:53:58;;;;;;2 350,000;;100,000;2 250,000
Отпуск в отделение 0000-000276 от 05.07.2024 11:22:28;;;;;;2 250,000;;100,000;2 150,000
Отпуск в отделение 0000-000279 от 08.07.2024 10:11:33;;;;;;2 150,000;;150,000;2 000,000
Отпуск в отделение 0000-000281 от 10.07.2024 10:13:12;;;;;;2 000,000;;200,000;1 800,000
Отпуск в отделение 0000-000283 от 12.07.2024 10:53:59;;;;;;1 800,000;;50,000;1 750,000
Отпуск в отделение 0000-000288 от 15.07.2024 10:19:45;;;;;;1 750,000;;200,000;1 550,000
Отпуск в отделение 0000-000293 от 17.07.2024 9:59:13;;;;;;1 550,000;;300,000;1 250,000
Отпуск в отделение 0000-000302 от 22.07.2024 13:07:35;;;;;;1 250,000;;100,000;1 150,000
Отпуск в отделение 0000-000303 от 22.07.2024 13:50:37;;;;;;1 150,000;;100,000;1 050,000
Отпуск в отделение 0000-000306 от 26.07.2024 9:58:17;;;;;;1 050,000;;100,000;950,000
Отпуск в отделение 0000-000316 от 05.08.2024 11:01:37;;;;;;950,000;;400,000;550,000
Отпуск в отделение 0000-000321 от 07.08.2024 11:08:47;;;;;;550,000;;200,000;350,000
Отпуск в отделение 0000-000323 от 07.08.2024 13:27:34;;;;;;350,000;;200,000;150,000
Отпуск в отделение 0000-000328 от 12.08.2024 11:39:14;;;;;;150,000;;150,000;
351123 до 30.11.25, <партии не учитываются>;;;;;;970,000;;970,000;
Отпуск в отделение 0000-000005 от 09.01.2024 11:47:30;;;;;;970,000;;100,000;870,000
Отпуск в отделение 0000-000016 от 16.01.2024 14:55:26;;;;;;870,000;;450,000;420,000
Отпуск в отделение 0000-000022 от 22.01.2024 8:59:29;;;;;;420,000;;200,000;220,000
Отпуск в отделение 0000-000025 от 22.01.2024 10:27:48;;;;;;220,000;;100,000;120,000
Отпуск в отделение 0000-000040 от 05.02.2024 10:54:32;;;;;;120,000;;120,000;
ДРОТАВЕРИН, р-р для в/в и в/м введ. 20 мг/мл, амп. 2 мл, пач. картон. 10 06.24;;;;;амп. 2 мл;;10 000,000;6 370,000;3 630,000
190424 до 30.04.27, <партии не учитываются>;;;;;;;9 300,000;5 670,000;3 630,000
Поступление товаров 0000-000041 от 04.06.2024 10:36:17;;;;;;;9 300,000;;9 300,000
Отпуск в отделение 0000-000356 от 28.08.2024 10:51:39;;;;;;9 300,000;;100,000;9 200,000
Отпуск в отделение 0000-000360 от 02.09.2024 9:34:07;;;;;;9 200,000;;350,000;8 850,000
Отпуск в отделение 0000-000365 от 05.09.2024 13:17:07;;;;;;8 850,000;;150,000;8 700,000
Отпуск в отделение 0000-000370 от 09.09.2024 10:15:29;;;;;;8 700,000;;150,000;8 550,000
Отпуск в отделение 0000-000382 от 19.09.2024 8:21:45;;;;;;8 550,000;;150,000;8 400,000
Отпуск в отделение 0000-000388 от 23.09.2024 11:04:17;;;;;;8 400,000;;100,000;8 300,000
Отпуск в отделение 0000-000392 от 27.09.2024 10:45:06;;;;;;8 300,000;;400,000;7 900,000
Отпуск в отделение 0000-000402 от 08.10.2024 9:37:04;;;;;;7 900,000;;300,000;7 600,000
Отпуск в отделение 0000-000407 от 10.10.2024 10:54:04;;;;;;7 600,000;;200,000;7 400,000
Отпуск в отделение 0000-000413 от 14.10.2024 11:10:06;;;;;;7 400,000;;100,000;7 300,000
Отпуск в отделение 0000-000417 от 18.10.2024 11:13:47;;;;;;7 300,000;;100,000;7 200,000
Отпуск в отделение 0000-000426 от 23.10.2024 10:47:42;;;;;;7 200,000;;50,000;7 150,000
Отпуск в отделение 0000-000430 от 25.10.2024 9:45:24;;;;;;7 150,000;;100,000;7 050,000
Отпуск в отделение 0000-000436 от 01.11.2024 13:39:05;;;;;;7 050,000;;200,000;6 850,000
Отпуск в отделение 0000-000440 от 05.11.2024 9:29:38;;;;;;6 850,000;;200,000;6 650,000
Отпуск в отделение 0000-000444 от 06.11.2024 8:43:10;;;;;;6 650,000;;200,000;6 450,000
Отпуск в отделение 0000-000454 от 11.11.2024 10:54:33;;;;;;6 450,000;;100,000;6 350,000
Отпуск в отделение 0000-000456 от 13.11.2024 10:55:45;;;;;;6 350,000;;200,000;6 150,000
Отпуск в отделение 0000-000462 от 18.11.2024 10:23:59;;;;;;6 150,000;;100,000;6 050,000
Отпуск в отделение 0000-000471 от 22.11.2024 10:29:58;;;;;;6 050,000;;200,000;5 850,000
Отпуск в отделение 0000-000473 от 25.11.2024 9:50:22;;;;;;5 850,000;;100,000;5 750,000
Отпуск в отделение 0000-000478 от 28.11.2024 9:22:34;;;;;;5 750,000;;150,000;5 600,000
Отпуск в отделение 0000-000483 от 02.12.2024 9:12:54;;;;;;5 600,000;;200,000;5 400,000
Отпуск в отделение 0000-000492 от 04.12.2024 15:36:06;;;;;;5 400,000;;120,000;5 280,000
Отпуск в отделение 0000-000495 от 06.12.2024 11:07:16;;;;;;5 280,000;;100,000;5 180,000
Отпуск в отделение 0000-000502 от 10.12.2024 11:09:59;;;;;;5 180,000;;100,000;5 080,000
Отпуск в отделение 0000-000507 от 13.12.2024 13:28:27;;;;;;5 080,000;;300,000;4 780,000
Отпуск в отделение 0000-000510 от 17.12.2024 14:03:59;;;;;;4 780,000;;100,000;4 680,000
Отпуск в отделение 0000-000511 от 17.12.2024 14:38:17;;;;;;4 680,000;;350,000;4 330,000
Отпуск в отделение 0000-000518 от 23.12.2024 13:51:58;;;;;;4 330,000;;150,000;4 180,000
Отпуск в отделение 0000-000522 от 24.12.2024 15:26:22;;;;;;4 180,000;;50,000;4 130,000
Отпуск в отделение 0000-000531 от 27.12.2024 13:33:59;;;;;;4 130,000;;500,000;3 630,000
80324 до 31.03.27, <партии не учитываются>;;;;;;;700,000;700,000;
Поступление товаров 0000-000042 от 04.06.2024 10:43:07;;;;;;;700,000;;700,000
Отпуск в отделение 0000-000344 от 19.08.2024 10:12:36;;;;;;700,000;;200,000;500,000
Отпуск в отделение 0000-000346 от 22.08.2024 11:21:57;;;;;;500,000;;100,000;400,000
Отпуск в отделение 0000-000351 от 26.08.2024 9:57:40;;;;;;400,000;;100,000;300,000
Отпуск в отделение 0000-000356 от 28.08.2024 10:51:39;;;;;;300,000;;300,000;
Калия хлорид, конц. д/р-ра д/инф. 40 мг/мл, амп. 10 мл, пач. картон. 10;;;;;амп. 10 мл;;10,000;10,000;
400724 до 30.06.27, <партии не учитываются>;;;;;;;10,000;10,000;
Поступление товаров 0000-000086 от 15.10.2024 10:47:52;;;;;;;10,000;;10,000
Отпуск в отделение 0000-000431 от 28.10.2024 9:36:38;;;;;;10,000;;10,000;
Кальция глюконат, р-р для в/в и в/м введ. 100 мг/мл, 10 мл, N 10 Армавир. 04.25;;;;;амп. 10 мл;270,00;;270,000;
480922 до 01.10.24, <партии не учитываются>;;;;;;170,000;;170,000;
Отпуск в отделение 0000-000131 от 03.04.2024 10:07:36;;;;;;170,000;;50,000;120,000
Отпуск в отделение 0000-000276 от 05.07.2024 11:22:28;;;;;;120,000;;50,000;70,000
Отпуск в отделение 0000-000302 от 22.07.2024 13:07:35;;;;;;70,000;;20,000;50,000
Отпуск в отделение 0000-000340 от 19.08.2024 9:06:52;;;;;;50,000;;30,000;20,000
Отпуск в отделение 0000-000364 от 02.09.2024 13:22:32;;;;;;20,000;;20,000;
591022 до 01.11.24, <партии не учитываются>;;;;;;100,000;;100,000;
Отпуск в отделение 0000-000364 от 02.09.2024 13:22:32;;;;;;100,000;;20,000;80,000
Отпуск в отделение 0000-000380 от 18.09.2024 9:46:46;;;;;;80,000;;40,000;40,000
Отпуск в отделение 0000-000430 от 25.10.2024 9:45:24;;;;;;40,000;;40,000;
Каптоприл, табл. 25 мг, бл. 10, пач. картон. 4 Борисов. 07.23;;;;;шт;19120,00;16 000,000;15 800,000;19 320,000
4110423 до 30.04.27, <партии не учитываются>;;;;;;10 280,000;;10 280,000;
Отпуск в отделение 0000-000005 от 09.01.2024 11:47:30;;;;;;10 280,000;;400,000;9 880,000
Отпуск в отделение 0000-000017 от 16.01.2024 15:20:56;;;;;;9 880,000;;200,000;9 680,000
Отпуск в отделение 0000-000022 от 22.01.2024 8:59:29;;;;;;9 680,000;;80,000;9 600,000
Отпуск в отделение 0000-000089 от 11.03.2024 10:19:11;;;;;;9 600,000;;200,000;9 400,000
Отпуск в отделение 0000-000104 от 18.03.2024 8:53:59;;;;;;9 400,000;;400,000;9 000,000
Отпуск в отделение 0000-000108 от 21.03.2024 8:15:48;;;;;;9 000,000;;400,000;8 600,000
Отпуск в отделение 0000-000121 от 01.04.2024 10:10:51;;;;;;8 600,000;;400,000;8 200,000
Отпуск в отделение 0000-000127 от 02.04.2024 15:48:04;;;;;;8 200,000;;400,000;7 800,000
Отпуск в отделение 0000-000159 от 17.04.2024 9:05:57;;;;;;7 800,000;;200,000;7 600,000
Отпуск в отделение 0000-000181 от 03.05.2024 13:17:20;;;;;;7 600,000;;400,000;7 200,000
Отпуск в отделение 0000-000183 от 06.05.2024 9:17:42;;;;;;7 200,000;;400,000;6 800,000
Отпуск в отделение 0000-000224 от 29.05.2024 10:48:28;;;;;;6 800,000;;400,000;6 400,000
Отпуск в отделение 0000-000231 от 03.06.2024 13:15:43;;;;;;6 400,000;;400,000;6 000,000
Отпуск в отделение 0000-000237 от 10.06.2024 9:49:51;;;;;;6 000,000;;800,000;5 200,000
Отпуск в отделение 0000-000245 от 18.06.2024 10:51:43;;;;;;5 200,000;;400,000;4 800,000
Отпуск в отделение 0000-000251 от 20.06.2024 9:03:18;;;;;;4 800,000;;200,000;4 600,000
Отпуск в отделение 0000-000276 от 05.07.2024 11:22:28;;;;;;4 600,000;;400,000;4 200,000
Отпуск в отделение 0000-000294 от 17.07.2024 10:55:10;;;;;;4 200,000;;400,000;3 800,000
Отпуск в отделение 0000-000306 от 26.07.2024 9:58:17;;;;;;3 800,000;;400,000;3 400,000
Отпуск в отделение 0000-000335 от 14.08.2024 10:08:22;;;;;;3 400,000;;400,000;3 000,000
Отпуск в отделение 0000-000340 от 19.08.2024 9:06:52;;;;;;3 000,000;;400,000;2 600,000
Отпуск в отделение 0000-000356 от 28.08.2024 10:51:39;;;;;;2 600,000;;400,000;2 200,000
Отпуск в отделение 0000-000365 от 05.09.2024 13:17:07;;;;;;2 200,000;;400,000;1 800,000
Отпуск в отделение 0000-000372 от 11.09.2024 10:22:00;;;;;;1 800,000;;400,000;1 400,000
Отпуск в отделение 0000-000433 от 28.10.2024 10:31:12;;;;;;1 400,000;;400,000;1 000,000
Отпуск в отделение 0000-000445 от 06.11.2024 10:42:12;;;;;;1 000,000;;400,000;600,000
Отпуск в отделение 0000-000479 от 28.11.2024 10:45:08;;;;;;600,000;;400,000;200,000
Отпуск в отделение 0000-000483 от 02.12.2024 9:12:54;;;;;;200,000;;200,000;
4120423 до 30.04.27, <партии не учитываются>;;;;;;320,000;;320,000;
Отпуск в отделение 0000-000022 от 22.01.2024 8:59:29;;;;;;320,000;;320,000;
4150523 до 31.05.27, <партии не учитываются>;;;;;;8 520,000;;3 800,000;4 720,000
Отпуск в отделение 0000-000257 от 21.06.2024 10:04:02;;;;;;8 520,000;;400,000;8 120,000
Отпуск в отделение 0000-000415 от 16.10.2024 10:47:19;;;;;;8 120,000;;400,000;7 720,000
Отпуск в отделение 0000-000420 от 21.10.2024 10:57:24;;;;;;7 720,000;;200,000;7 520,000
Отпуск в отделение 0000-000430 от 25.10.2024 9:45:24;;;;;;7 520,000;;400,000;7 120,000
Отпуск в отделение 0000-000483 от 02.12.2024 9:12:54;;;;;;7 120,000;;200,000;6 920,000
Отпуск в отделение 0000-000499 от 09.12.2024 10:48:28;;;;;;6 920,000;;200,000;6 720,000
Отпуск в отделение 0000-000502 от 10.12.2024 11:09:59;;;;;;6 720,000;;400,000;6 320,000
Отпуск в отделение 0000-000507 от 13.12.2024 13:28:27;;;;;;6 320,000;;200,000;6 120,000
Отпуск в отделение 0000-000513 от 18.12.2024 9:09:40;;;;;;6 120,000;;280,000;5 840,000
Отпуск в отделение 0000-000520 от 24.12.2024 10:56:12;;;;;;5 840,000;;400,000;5 440,000
Отпуск в отделение 0000-000522 от 24.12.2024 15:26:22;;;;;;5 440,000;;120,000;5 320,000
Отпуск в отделение 0000-000527 от 26.12.2024 8:58:42;;;;;;5 320,000;;400,000;4 920,000
Отпуск в отделение 0000-000531 от 27.12.2024 13:33:59;;;;;;4 920,000;;200,000;4 720,000
4391023 до 31.10.27, <партии не учитываются>;;;;;;;16 000,000;1 400,000;14 600,000
Поступление товаров 0000-000021 от 09.04.2024 9:41:50;;;;;;;16 000,000;;16 000,000
Отпуск в отделение 0000-000281 от 10.07.2024 10:13:12;;;;;;16 000,000;;400,000;15 600,000
Отпуск в отделение 0000-000288 от 15.07.2024 10:19:45;;;;;;15 600,000;;200,000;15 400,000
Отпуск в отделение 0000-000377 от 16.09.2024 10:13:06;;;;;;15 400,000;;400,000;15 000,000
Отпуск в отделение 0000-000407 от 10.10.2024 10:54:04;;;;;;15 000,000;;400,000;14 600,000
Катетер в/в Бабочка;;;;;шт;8 000,000;24 088,000;20 588,000;11 500,000
<серии не учитываются>, <партии не учитываются>;;;;;;8 000,000;24 088,000;20 588,000;11 500,000
Отпуск в отделение 0000-000004 от 09.01.2024 10:49:31;;;;;;8 000,000;;500,000;7 500,000
Отпуск в отделение 0000-000006 от 09.01.2024 14:00:02;;;;;;7 500,000;;300,000;7 200,000
Отпуск в отделение 0000-000013 от 15.01.2024 11:52:52;;;;;;7 200,000;;300,000;6 900,000
Отпуск в отделение 0000-000018 от 16.01.2024 16:04:21;;;;;;6 900,000;;200,000;6 700,000
Отпуск в отделение 0000-000021 от 19.01.2024 14:31:55;;;;;;6 700,000;;300,000;6 400,000
Отпуск в отделение 0000-000030 от 26.01.2024 11:31:56;;;;;;6 400,000;;300,000;6 100,000
Отпуск в отделение 0000-000038 от 02.02.2024 11:32:13;;;;;;6 100,000;;300,000;5 800,000
Отпуск в отделение 0000-000045 от 07.02.2024 11:37:25;;;;;;5 800,000;;300,000;5 500,000
Отпуск в отделение 0000-000046 от 07.02.2024 13:03:55;;;;;;5 500,000;;100,000;5 400,000
Отпуск в отделение 0000-000054 от 12.02.2024 16:36:56;;;;;;5 400,000;;300,000;5 100,000
Отпуск в отделение 0000-000057 от 16.02.2024 10:36:29;;;;;;5 100,000;;200,000;4 900,000
Отпуск в отделение 0000-000068 от 21.02.2024 11:05:17;;;;;;4 900,000;;100,000;4 800,000
Отпуск в отделение 0000-000070 от 26.02.2024 9:53:14;;;;;;4 800,000;;300,000;4 500,000
Отпуск в отделение 0000-000080 от 04.03.2024 10:14:04;;;;;;4 500,000;;200,000;4 300,000
Отпуск в отделение 0000-000087 от 06.03.2024 11:21:47;;;;;;4 300,000;;400,000;3 900,000
Отпуск в отделение 0000-000093 от 11.03.2024 11:16:47;;;;;;3 900,000;;300,000;3 600,000
Отпуск в отделение 0000-000102 от 15.03.2024 13:01:09;;;;;;3 600,000;;300,000;3 300,000
Отпуск в отделение 0000-000105 от 18.03.2024 11:18:10;;;;;;3 300,000;;100,000;3 200,000
Отпуск в отделение 0000-000109 от 22.03.2024 10:41:58;;;;;;3 200,000;;300,000;2 900,000
Отпуск в отделение 0000-000113 от 22.03.2024 13:53:49;;;;;;2 900,000;;200,000;2 700,000
Отпуск в отделение 0000-000115 от 25.03.2024 11:35:29;;;;;;2 700,000;;300,000;2 400,000
Отпуск в отделение 0000-000118 от 27.03.2024 10:39:35;;;;;;2 400,000;;400,000;2 000,000
Отпуск в отделение 0000-000132 от 03.04.2024 11:32:30;;;;;;2 000,000;;300,000;1 700,000
Отпуск в отделение 0000-000133 от 03.04.2024 11:33:37;;;;;;1 700,000;;300,000;1 400,000
Поступление товаров 0000-000023 от 11.04.2024 16:17:49;;;;;;1 400,000;6 022,000;;7 422,000
Отпуск в отделение 0000-000151 от 12.04.2024 10:23:33;;;;;;7 422,000;;300,000;7 122,000
Отпуск в отделение 0000-000156 от 15.04.2024 10:34:48;;;;;;7 122,000;;300,000;6 822,000
Отпуск в отделение 0000-000158 от 17.04.2024 8:59:05;;;;;;6 822,000;;400,000;6 422,000
Отпуск в отделение 0000-000171 от 24.04.2024 11:54:51;;;;;;6 422,000;;300,000;6 122,000
Отпуск в отделение 0000-000176 от 26.04.2024 11:07:57;;;;;;6 122,000;;200,000;5 922,000
Отпуск в отделение 0000-000180 от 03.05.2024 10:38:33;;;;;;5 922,000;;200,000;5 722,000
Отпуск в отделение 0000-000186 от 06.05.2024 11:37:37;;;;;;5 722,000;;200,000;5 522,000
Поступление товаров 0000-000034 от 16.05.2024 14:59:55;;;;;;5 522,000;6 022,000;;11 544,000
Отпуск в отделение 0000-000199 от 17.05.2024 9:56:43;;;;;;11 544,000;;244,000;11 300,000
Отпуск в отделение 0000-000208 от 20.05.2024 15:32:03;;;;;;11 300,000;;200,000;11 100,000
Отпуск в отделение 0000-000212 от 22.05.2024 9:20:34;;;;;;11 100,000;;200,000;10 900,000
Отпуск в отделение 0000-000223 от 27.05.2024 13:09:11;;;;;;10 900,000;;100,000;10 800,000
Отпуск в отделение 0000-000226 от 29.05.2024 16:25:47;;;;;;10 800,000;;200,000;10 600,000
Отпуск в отделение 0000-000232 от 03.06.2024 16:00:39;;;;;;10 600,000;;200,000;10 400,000
Отпуск в отделение 0000-000241 от 10.06.2024 11:01:56;;;;;;10 400,000;;200,000;10 200,000
Отпуск в отделение 0000-000246 от 18.06.2024 13:11:46;;;;;;10 200,000;;200,000;10 000,000
Отпуск в отделение 0000-000247 от 18.06.2024 13:13:21;;;;;;10 000,000;;100,000;9 900,000
Отпуск в отделение 0000-000250 от 19.06.2024 11:22:49;;;;;;9 900,000;;200,000;9 700,000
Отпуск в отделение 0000-000256 от 21.06.2024 9:57:09;;;;;;9 700,000;;200,000;9 500,000
Отпуск в отделение 0000-000258 от 24.06.2024 11:11:48;;;;;;9 500,000;;500,000;9 000,000
Отпуск в отделение 0000-000274 от 05.07.2024 10:46:09;;;;;;9 000,000;;200,000;8 800,000
Отпуск в отделение 0000-000277 от 05.07.2024 13:30:21;;;;;;8 800,000;;100,000;8 700,000
Отпуск в отделение 0000-000284 от 12.07.2024 11:21:40;;;;;;8 700,000;;100,000;8 600,000
Отпуск в отделение 0000-000287 от 15.07.2024 10:08:21;;;;;;8 600,000;;200,000;8 400,000
Отпуск в отделение 0000-000295 от 17.07.2024 11:39:22;;;;;;8 400,000;;200,000;8 200,000
Отпуск в отделение 0000-000297 от 17.07.2024 15:45:02;;;;;;8 200,000;;200,000;8 000,000
Отпуск в отделение 0000-000310 от 29.07.2024 11:47:29;;;;;;8 000,000;;300,000;7 700,000
Отпуск в отделение 0000-000315 от 02.08.2024 16:48:46;;;;;;7 700,000;;300,000;7 400,000
Поступление товаров 0000-000071 от 08.08.2024 15:06:36;;;;;;7 400,000;6 022,000;;13 422,000
Отпуск в отделение 0000-000327 от 12.08.2024 11:34:32;;;;;;13 422,000;;300,000;13 122,000
Отпуск в отделение 0000-000337 от 14.08.2024 10:35:45;;;;;;13 122,000;;122,000;13 000,000
Отпуск в отделение 0000-000339 от 16.08.2024 13:43:29;;;;;;13 000,000;;100,000;12 900,000
Отпуск в отделение 0000-000347 от 22.08.2024 11:55:08;;;;;;12 900,000;;100,000;12 800,000
Отпуск в отделение 0000-000348 от 23.08.2024 11:09:52;;;;;;12 800,000;;200,000;12 600,000
Отпуск в отделение 0000-000352 от 26.08.2024 10:20:59;;;;;;12 600,000;;200,000;12 400,000
Отпуск в отделение 0000-000363 от 02.09.2024 13:21:00;;;;;;12 400,000;;200,000;12 200,000
Отпуск в отделение 0000-000369 от 09.09.2024 10:11:46;;;;;;12 200,000;;300,000;11 900,000
Отпуск в отделение 0000-000374 от 11.09.2024 11:18:03;;;;;;11 900,000;;500,000;11 400,000
Отпуск в отделение 0000-000381 от 19.09.2024 8:02:17;;;;;;11 400,000;;100,000;11 300,000
Отпуск в отделение 0000-000394 от 01.10.2024 10:28:39;;;;;;11 300,000;;100,000;11 200,000
Отпуск в отделение 0000-000399 от 04.10.2024 10:29:22;;;;;;11 200,000;;300,000;10 900,000
Отпуск в отделение 0000-000401 от 08.10.2024 9:27:41;;;;;;10 900,000;;100,000;10 800,000
Отпуск в отделение 0000-000406 от 09.10.2024 10:42:08;;;;;;10 800,000;;200,000;10 600,000
Отпуск в отделение 0000-000408 от 11.10.2024 11:08:56;;;;;;10 600,000;;200,000;10 400,000
Отпуск в отделение 0000-000414 от 16.10.2024 9:22:50;;;;;;10 400,000;;200,000;10 200,000
Отпуск в отделение 0000-000416 от 18.10.2024 11:09:16;;;;;;10 200,000;;300,000;9 900,000
Отпуск в отделение 0000-000429 от 25.10.2024 9:39:33;;;;;;9 900,000;;200,000;9 700,000
Отпуск в отделение 0000-000432 от 28.10.2024 10:26:41;;;;;;9 700,000;;300,000;9 400,000
Отпуск в отделение 0000-000446 от 06.11.2024 11:30:40;;;;;;9 400,000;;100,000;9 300,000
Отпуск в отделение 0000-000447 от 06.11.2024 11:33:57;;;;;;9 300,000;;200,000;9 100,000
Поступление товаров 0000-000090 от 07.11.2024 14:13:16;;;;;;9 100,000;6 022,000;;15 122,000
Отпуск в отделение 0000-000450 от 08.11.2024 11:42:08;;;;;;15 122,000;;122,000;15 000,000
Отпуск в отделение 0000-000453 от 11.11.2024 10:49:28;;;;;;15 000,000;;100,000;14 900,000
Отпуск в отделение 0000-000458 от 15.11.2024 10:55:52;;;;;;14 900,000;;300,000;14 600,000
Отпуск в отделение 0000-000466 от 20.11.2024 10:50:41;;;;;;14 600,000;;200,000;14 400,000
Отпуск в отделение 0000-000472 от 25.11.2024 9:48:13;;;;;;14 400,000;;300,000;14 100,000
Отпуск в отделение 0000-000481 от 28.11.2024 14:14:02;;;;;;14 100,000;;200,000;13 900,000
Отпуск в отделение 0000-000485 от 02.12.2024 10:16:42;;;;;;13 900,000;;200,000;13 700,000
Отпуск в отделение 0000-000488 от 03.12.2024 15:24:43;;;;;;13 700,000;;100,000;13 600,000
Отпуск в отделение 0000-000497 от 06.12.2024 14:02:09;;;;;;13 600,000;;200,000;13 400,000
Отпуск в отделение 0000-000501 от 09.12.2024 13:15:38;;;;;;13 400,000;;200,000;13 200,000
Отпуск в отделение 0000-000504 от 10.12.2024 14:11:47;;;;;;13 200,000;;200,000;13 000,000
Отпуск в отделение 0000-000512 от 17.12.2024 15:51:56;;;;;;13 000,000;;200,000;12 800,000
Отпуск в отделение 0000-000514 от 18.12.2024 9:55:17;;;;;;12 800,000;;300,000;12 500,000
Отпуск в отделение 0000-000515 от 20.12.2024 11:21:08;;;;;;12 500,000;;200,000;12 300,000
Отпуск в отделение 0000-000524 от 25.12.2024 11:16:41;;;;;;12 300,000;;200,000;12 100,000
Отпуск в отделение 0000-000525 от 25.12.2024 16:33:37;;;;;;12 100,000;;100,000;12 000,000
Отпуск в отделение 0000-000526 от 25.12.2024 16:38:01;;;;;;12 000,000;;400,000;11 600,000
Отпуск в отделение 0000-000528 от 26.12.2024 16:32:39;;;;;;11 600,000;;100,000;11 500,000
Катетер в/в с доп.портом;;;;;шт;2 400,000;16 500,000;8 300,000;10 600,000
<серии не учитываются>, <партии не учитываются>;;;;;;2 400,000;16 500,000;8 300,000;10 600,000
Отпуск в отделение 0000-000018 от 16.01.2024 16:04:21;;;;;;2 400,000;;100,000;2 300,000
Отпуск в отделение 0000-000041 от 05.02.2024 13:36:06;;;;;;2 300,000;;200,000;2 100,000
Отпуск в отделение 0000-000054 от 12.02.2024 16:36:56;;;;;;2 100,000;;100,000;2 000,000
Отпуск в отделение 0000-000056 от 16.02.2024 10:25:29;;;;;;2 000,000;;20,000;1 980,000
Отпуск в отделение 0000-000087 от 06.03.2024 11:21:47;;;;;;1 980,000;;100,000;1 880,000
Отпуск в отделение 0000-000088 от 06.03.2024 11:24:26;;;;;;1 880,000;;100,000;1 780,000
Отпуск в отделение 0000-000091 от 11.03.2024 10:47:12;;;;;;1 780,000;;200,000;1 580,000
Отпуск в отделение 0000-000096 от 13.03.2024 9:46:08;;;;;;1 580,000;;20,000;1 560,000
Отпуск в отделение 0000-000105 от 18.03.2024 11:18:10;;;;;;1 560,000;;100,000;1 460,000
Отпуск в отделение 0000-000109 от 22.03.2024 10:41:58;;;;;;1 460,000;;200,000;1 260,000
Отпуск в отделение 0000-000113 от 22.03.2024 13:53:49;;;;;;1 260,000;;100,000;1 160,000
Отпуск в отделение 0000-000132 от 03.04.2024 11:32:30;;;;;;1 160,000;;200,000;960,000
Отпуск в отделение 0000-000156 от 15.04.2024 10:34:48;;;;;;960,000;;100,000;860,000
Поступление товаров 0000-000025 от 17.04.2024 8:52:48;;;;;;860,000;16 500,000;;17 360,000
Отпуск в отделение 0000-000160 от 17.04.2024 10:08:58;;;;;;17 360,000;;200,000;17 160,000
Отпуск в отделение 0000-000185 от 06.05.2024 11:28:59;;;;;;17 160,000;;100,000;17 060,000
Отпуск в отделение 0000-000186 от 06.05.2024 11:37:37;;;;;;17 060,000;;500,000;16 560,000
Отпуск в отделение 0000-000195 от 15.05.2024 11:39:36;;;;;;16 560,000;;300,000;16 260,000
Отпуск в отделение 0000-000208 от 20.05.2024 15:32:03;;;;;;16 260,000;;200,000;16 060,000
Отпуск в отделение 0000-000226 от 29.05.2024 16:25:47;;;;;;16 060,000;;100,000;15 960,000
Отпуск в отделение 0000-000232 от 03.06.2024 16:00:39;;;;;;15 960,000;;100,000;15 860,000
Отпуск в отделение 0000-000234 от 04.06.2024 14:48:25;;;;;;15 860,000;;200,000;15 660,000
Отпуск в отделение 0000-000239 от 10.06.2024 10:41:53;;;;;;15 660,000;;200,000;15 460,000
Отпуск в отделение 0000-000246 от 18.06.2024 13:11:46;;;;;;15 460,000;;200,000;15 260,000
Отпуск в отделение 0000-000286 от 15.07.2024 9:56:30;;;;;;15 260,000;;100,000;15 160,000
Отпуск в отделение 0000-000287 от 15.07.2024 10:08:21;;;;;;15 160,000;;200,000;14 960,000
Отпуск в отделение 0000-000295 от 17.07.2024 11:39:22;;;;;;14 960,000;;100,000;14 860,000
Отпуск в отделение 0000-000297 от 17.07.2024 15:45:02;;;;;;14 860,000;;200,000;14 660,000
Отпуск в отделение 0000-000322 от 07.08.2024 13:24:49;;;;;;14 660,000;;100,000;14 560,000
Отпуск в отделение 0000-000337 от 14.08.2024 10:35:45;;;;;;14 560,000;;200,000;14 360,000
Отпуск в отделение 0000-000347 от 22.08.2024 11:55:08;;;;;;14 360,000;;200,000;14 160,000
Отпуск в отделение 0000-000366 от 05.09.2024 15:31:33;;;;;;14 160,000;;100,000;14 060,000
Отпуск в отделение 0000-000374 от 11.09.2024 11:18:03;;;;;;14 060,000;;200,000;13 860,000
Отпуск в отделение 0000-000381 от 19.09.2024 8:02:17;;;;;;13 860,000;;100,000;13 760,000
Отпуск в отделение 0000-000399 от 04.10.2024 10:29:22;;;;;;13 760,000;;100,000;13 660,000
Отпуск в отделение 0000-000401 от 08.10.2024 9:27:41;;;;;;13 660,000;;200,000;13 460,000
Отпуск в отделение 0000-000406 от 09.10.2024 10:42:08;;;;;;13 460,000;;100,000;13 360,000
Отпуск в отделение 0000-000416 от 18.10.2024 11:09:16;;;;;;13 360,000;;200,000;13 160,000
Отпуск в отделение 0000-000419 от 21.10.2024 10:25:34;;;;;;13 160,000;;100,000;13 060,000
Отпуск в отделение 0000-000421 от 21.10.2024 11:40:13;;;;;;13 060,000;;160,000;12 900,000
Отпуск в отделение 0000-000425 от 23.10.2024 10:44:27;;;;;;12 900,000;;400,000;12 500,000
Отпуск в отделение 0000-000442 от 05.11.2024 11:29:30;;;;;;12 500,000;;200,000;12 300,000
Отпуск в отделение 0000-000446 от 06.11.2024 11:30:40;;;;;;12 300,000;;100,000;12 200,000
Отпуск в отделение 0000-000458 от 15.11.2024 10:55:52;;;;;;12 200,000;;100,000;12 100,000
Отпуск в отделение 0000-000481 от 28.11.2024 14:14:02;;;;;;12 100,000;;200,000;11 900,000
Отпуск в отделение 0000-000493 от 05.12.2024 9:10:31;;;;;;11 900,000;;200,000;11 700,000
Отпуск в отделение 0000-000509 от 16.12.2024 9:44:18;;;;;;11 700,000;;100,000;11 600,000
Отпуск в отделение 0000-000514 от 18.12.2024 9:55:17;;;;;;11 600,000;;300,000;11 300,000
Отпуск в отделение 0000-000524 от 25.12.2024 11:16:41;;;;;;11 300,000;;300,000;11 000,000
Отпуск в отделение 0000-000525 от 25.12.2024 16:33:37;;;;;;11 000,000;;300,000;10 700,000
Отпуск в отделение 0000-000526 от 25.12.2024 16:38:01;;;;;;10 700,000;;100,000;10 600,000
Катетер урологический Нелатона;;;;;шт;154,000;;154,000;
<серии не учитываются>, <партии не учитываются>;;;;;;154,000;;154,000;
Отпуск в отделение 0000-000041 от 05.02.2024 13:36:06;;;;;;154,000;;20,000;134,000
Отпуск в отделение 0000-000074 от 27.02.2024 15:25:48;;;;;;134,000;;10,000;124,000
Отпуск в отделение 0000-000105 от 18.03.2024 11:18:10;;;;;;124,000;;20,000;104,000
Отпуск в отделение 0000-000132 от 03.04.2024 11:32:30;;;;;;104,000;;20,000;84,000
Отпуск в отделение 0000-000160 от 17.04.2024 10:08:58;;;;;;84,000;;20,000;64,000
Отпуск в отделение 0000-000164 от 22.04.2024 10:44:01;;;;;;64,000;;10,000;54,000
Отпуск в отделение 0000-000239 от 10.06.2024 10:41:53;;;;;;54,000;;20,000;34,000
Отпуск в отделение 0000-000277 от 05.07.2024 13:30:21;;;;;;34,000;;25,000;9,000
Отпуск в отделение 0000-000387 от 23.09.2024 10:58:19;;;;;;9,000;;9,000;
Кетопрофен, р-р для в/в и в/м введ. 50 мг/мл, амп. 2 мл, пач. картон. 10  10.2024;;;;;амп. 2 мл;;20,000;20,000;
060524 до 31.05.28, <партии не учитываются>;;;;;;;20,000;20,000;
Поступление товаров 0000-000086 от 15.10.2024 10:47:52;;;;;;;20,000;;20,000
Отпуск в отделение 0000-000431 от 28.10.2024 9:36:38;;;;;;20,000;;20,000;
КЕТОРОЛАК ВЕЛФАРМ, р-р для в/в и в/м введ. 30 мг/мл, амп. 1 мл, 10 12.23;;;;;амп. 1 мл;15160,00;;15 160,000;
240623 до 01.06.26, <партии не учитываются>;;;;;;15 160,000;;15 160,000;
Отпуск в отделение 0000-000010 от 12.01.2024 13:33:24;;;;;;15 160,000;;40,000;15 120,000
Отпуск в отделение 0000-000014 от 16.01.2024 14:13:09;;;;;;15 120,000;;500,000;14 620,000
Отпуск в отделение 0000-000015 от 16.01.2024 14:31:19;;;;;;14 620,000;;300,000;14 320,000
Отпуск в отделение 0000-000022 от 22.01.2024 8:59:29;;;;;;14 320,000;;200,000;14 120,000
Отпуск в отделение 0000-000025 от 22.01.2024 10:27:48;;;;;;14 120,000;;150,000;13 970,000
Отпуск в отделение 0000-000028 от 26.01.2024 9:59:46;;;;;;13 970,000;;200,000;13 770,000
Отпуск в отделение 0000-000037 от 02.02.2024 11:11:51;;;;;;13 770,000;;100,000;13 670,000
Отпуск в отделение 0000-000040 от 05.02.2024 10:54:32;;;;;;13 670,000;;500,000;13 170,000
Отпуск в отделение 0000-000043 от 07.02.2024 10:00:03;;;;;;13 170,000;;150,000;13 020,000
Отпуск в отделение 0000-000044 от 07.02.2024 10:46:01;;;;;;13 020,000;;350,000;12 670,000
Отпуск в отделение 0000-000047 от 07.02.2024 13:06:21;;;;;;12 670,000;;100,000;12 570,000
Отпуск в отделение 0000-000050 от 09.02.2024 10:15:35;;;;;;12 570,000;;200,000;12 370,000
Отпуск в отделение 0000-000058 от 16.02.2024 10:39:07;;;;;;12 370,000;;100,000;12 270,000
Отпуск в отделение 0000-000060 от 19.02.2024 11:14:10;;;;;;12 270,000;;500,000;11 770,000
Отпуск в отделение 0000-000062 от 20.02.2024 14:30:18;;;;;;11 770,000;;250,000;11 520,000
Отпуск в отделение 0000-000066 от 21.02.2024 10:30:11;;;;;;11 520,000;;300,000;11 220,000
Отпуск в отделение 0000-000073 от 26.02.2024 10:35:14;;;;;;11 220,000;;150,000;11 070,000
Отпуск в отделение 0000-000076 от 01.03.2024 10:38:57;;;;;;11 070,000;;200,000;10 870,000
Отпуск в отделение 0000-000078 от 04.03.2024 9:12:23;;;;;;10 870,000;;350,000;10 520,000
Отпуск в отделение 0000-000085 от 06.03.2024 10:08:58;;;;;;10 520,000;;300,000;10 220,000
Отпуск в отделение 0000-000089 от 11.03.2024 10:19:11;;;;;;10 220,000;;150,000;10 070,000
Отпуск в отделение 0000-000092 от 11.03.2024 10:50:43;;;;;;10 070,000;;200,000;9 870,000
Отпуск в отделение 0000-000103 от 15.03.2024 13:03:19;;;;;;9 870,000;;100,000;9 770,000
Отпуск в отделение 0000-000104 от 18.03.2024 8:53:59;;;;;;9 770,000;;300,000;9 470,000
Отпуск в отделение 0000-000107 от 20.03.2024 10:25:12;;;;;;9 470,000;;200,000;9 270,000
Отпуск в отделение 0000-000108 от 21.03.2024 8:15:48;;;;;;9 270,000;;200,000;9 070,000
Отпуск в отделение 0000-000116 от 25.03.2024 11:39:14;;;;;;9 070,000;;200,000;8 870,000
Отпуск в отделение 0000-000119 от 27.03.2024 10:43:22;;;;;;8 870,000;;200,000;8 670,000
Отпуск в отделение 0000-000121 от 01.04.2024 10:10:51;;;;;;8 670,000;;350,000;8 320,000
Отпуск в отделение 0000-000124 от 01.04.2024 11:13:36;;;;;;8 320,000;;200,000;8 120,000
Отпуск в отделение 0000-000128 от 02.04.2024 15:55:36;;;;;;8 120,000;;200,000;7 920,000
Отпуск в отделение 0000-000136 от 08.04.2024 10:40:04;;;;;;7 920,000;;100,000;7 820,000
Отпуск в отделение 0000-000140 от 09.04.2024 11:08:04;;;;;;7 820,000;;100,000;7 720,000
Отпуск в отделение 0000-000150 от 12.04.2024 9:48:40;;;;;;7 720,000;;100,000;7 620,000
Отпуск в отделение 0000-000153 от 15.04.2024 9:19:31;;;;;;7 620,000;;500,000;7 120,000
Отпуск в отделение 0000-000159 от 17.04.2024 9:05:57;;;;;;7 120,000;;200,000;6 920,000
Отпуск в отделение 0000-000161 от 17.04.2024 10:12:19;;;;;;6 920,000;;100,000;6 820,000
Отпуск в отделение 0000-000163 от 19.04.2024 9:15:21;;;;;;6 820,000;;200,000;6 620,000
Отпуск в отделение 0000-000165 от 22.04.2024 10:49:17;;;;;;6 620,000;;150,000;6 470,000
Отпуск в отделение 0000-000175 от 26.04.2024 10:21:39;;;;;;6 470,000;;100,000;6 370,000
Отпуск в отделение 0000-000179 от 03.05.2024 9:39:57;;;;;;6 370,000;;50,000;6 320,000
Отпуск в отделение 0000-000181 от 03.05.2024 13:17:20;;;;;;6 320,000;;200,000;6 120,000
Отпуск в отделение 0000-000183 от 06.05.2024 9:17:42;;;;;;6 120,000;;500,000;5 620,000
Отпуск в отделение 0000-000184 от 06.05.2024 10:38:18;;;;;;5 620,000;;200,000;5 420,000
Отпуск в отделение 0000-000188 от 06.05.2024 11:41:10;;;;;;5 420,000;;250,000;5 170,000
Отпуск в отделение 0000-000190 от 07.05.2024 11:06:49;;;;;;5 170,000;;300,000;4 870,000
Отпуск в отделение 0000-000192 от 08.05.2024 10:45:30;;;;;;4 870,000;;100,000;4 770,000
Отпуск в отделение 0000-000197 от 15.05.2024 11:42:38;;;;;;4 770,000;;200,000;4 570,000
Отпуск в отделение 0000-000202 от 20.05.2024 9:36:32;;;;;;4 570,000;;400,000;4 170,000
Отпуск в отделение 0000-000204 от 20.05.2024 13:23:39;;;;;;4 170,000;;200,000;3 970,000
Отпуск в отделение 0000-000211 от 21.05.2024 13:31:09;;;;;;3 970,000;;300,000;3 670,000
Отпуск в отделение 0000-000214 от 23.05.2024 13:10:14;;;;;;3 670,000;;250,000;3 420,000
Отпуск в отделение 0000-000217 от 24.05.2024 10:03:37;;;;;;3 420,000;;200,000;3 220,000
Отпуск в отделение 0000-000227 от 03.06.2024 9:38:13;;;;;;3 220,000;;300,000;2 920,000
Отпуск в отделение 0000-000231 от 03.06.2024 13:15:43;;;;;;2 920,000;;200,000;2 720,000
Отпуск в отделение 0000-000233 от 04.06.2024 14:07:33;;;;;;2 720,000;;150,000;2 570,000
Отпуск в отделение 0000-000237 от 10.06.2024 9:49:51;;;;;;2 570,000;;100,000;2 470,000
Отпуск в отделение 0000-000242 от 10.06.2024 11:05:29;;;;;;2 470,000;;200,000;2 270,000
Отпуск в отделение 0000-000243 от 14.06.2024 11:14:03;;;;;;2 270,000;;200,000;2 070,000
Отпуск в отделение 0000-000245 от 18.06.2024 10:51:43;;;;;;2 070,000;;500,000;1 570,000
Отпуск в отделение 0000-000257 от 21.06.2024 10:04:02;;;;;;1 570,000;;100,000;1 470,000
Отпуск в отделение 0000-000259 от 24.06.2024 11:19:16;;;;;;1 470,000;;150,000;1 320,000
Отпуск в отделение 0000-000265 от 27.06.2024 10:15:05;;;;;;1 320,000;;200,000;1 120,000
Отпуск в отделение 0000-000267 от 01.07.2024 9:04:14;;;;;;1 120,000;;300,000;820,000
Отпуск в отделение 0000-000275 от 05.07.2024 10:53:58;;;;;;820,000;;200,000;620,000
Отпуск в отделение 0000-000279 от 08.07.2024 10:11:33;;;;;;620,000;;200,000;420,000
Отпуск в отделение 0000-000281 от 10.07.2024 10:13:12;;;;;;420,000;;200,000;220,000
Отпуск в отделение 0000-000283 от 12.07.2024 10:53:59;;;;;;220,000;;100,000;120,000
Отпуск в отделение 0000-000293 от 17.07.2024 9:59:13;;;;;;120,000;;120,000;
Кеторолак, р-р для в/в и в/м введ. 30 мг/мл, амп. 2 мл, кор. 10 06.24;;;;;амп. 2 мл;;10 000,000;10 000,000;
20124 до 31.01.26, <партии не учитываются>;;;;;;;4 600,000;4 600,000;
Поступление товаров 0000-000043 от 04.06.2024 10:49:49;;;;;;;4 600,000;;4 600,000
Отпуск в отделение 0000-000382 от 19.09.2024 8:21:45;;;;;;4 600,000;;30,000;4 570,000
Отпуск в отделение 0000-000388 от 23.09.2024 11:04:17;;;;;;4 570,000;;200,000;4 370,000
Отпуск в отделение 0000-000392 от 27.09.2024 10:45:06;;;;;;4 370,000;;400,000;3 970,000
Отпуск в отделение 0000-000400 от 04.10.2024 10:35:07;;;;;;3 970,000;;100,000;3 870,000
Отпуск в отделение 0000-000402 от 08.10.2024 9:37:04;;;;;;3 870,000;;500,000;3 370,000
Отпуск в отделение 0000-000407 от 10.10.2024 10:54:04;;;;;;3 370,000;;300,000;3 070,000
Отпуск в отделение 0000-000413 от 14.10.2024 11:10:06;;;;;;3 070,000;;150,000;2 920,000
Отпуск в отделение 0000-000415 от 16.10.2024 10:47:19;;;;;;2 920,000;;100,000;2 820,000
Отпуск в отделение 0000-000417 от 18.10.2024 11:13:47;;;;;;2 820,000;;100,000;2 720,000
Отпуск в отделение 0000-000420 от 21.10.2024 10:57:24;;;;;;2 720,000;;200,000;2 520,000
Отпуск в отделение 0000-000424 от 23.10.2024 10:24:22;;;;;;2 520,000;;200,000;2 320,000
Отпуск в отделение 0000-000426 от 23.10.2024 10:47:42;;;;;;2 320,000;;100,000;2 220,000
Отпуск в отделение 0000-000433 от 28.10.2024 10:31:12;;;;;;2 220,000;;250,000;1 970,000
Отпуск в отделение 0000-000436 от 01.11.2024 13:39:05;;;;;;1 970,000;;200,000;1 770,000
Отпуск в отделение 0000-000440 от 05.11.2024 9:29:38;;;;;;1 770,000;;200,000;1 570,000
Отпуск в отделение 0000-000444 от 06.11.2024 8:43:10;;;;;;1 570,000;;300,000;1 270,000
Отпуск в отделение 0000-000452 от 11.11.2024 10:25:38;;;;;;1 270,000;;50,000;1 220,000
Отпуск в отделение 0000-000454 от 11.11.2024 10:54:33;;;;;;1 220,000;;100,000;1 120,000
Отпуск в отделение 0000-000456 от 13.11.2024 10:55:45;;;;;;1 120,000;;200,000;920,000
Отпуск в отделение 0000-000460 от 18.11.2024 10:02:14;;;;;;920,000;;100,000;820,000
Отпуск в отделение 0000-000462 от 18.11.2024 10:23:59;;;;;;820,000;;200,000;620,000
Отпуск в отделение 0000-000465 от 20.11.2024 9:29:48;;;;;;620,000;;250,000;370,000
Отпуск в отделение 0000-000471 от 22.11.2024 10:29:58;;;;;;370,000;;200,000;170,000
Отпуск в отделение 0000-000473 от 25.11.2024 9:50:22;;;;;;170,000;;150,000;20,000
Отпуск в отделение 0000-000479 от 28.11.2024 10:45:08;;;;;;20,000;;10,000;10,000
Отпуск в отделение 0000-000480 от 28.11.2024 11:40:57;;;;;;10,000;;10,000;
30124 до 31.01.26, <партии не учитываются>;;;;;;;5 400,000;5 400,000;
Поступление товаров 0000-000043 от 04.06.2024 10:49:49;;;;;;;5 400,000;;5 400,000
Отпуск в отделение 0000-000288 от 15.07.2024 10:19:45;;;;;;5 400,000;;300,000;5 100,000
Отпуск в отделение 0000-000293 от 17.07.2024 9:59:13;;;;;;5 100,000;;280,000;4 820,000
Отпуск в отделение 0000-000302 от 22.07.2024 13:07:35;;;;;;4 820,000;;200,000;4 620,000
Отпуск в отделение 0000-000303 от 22.07.2024 13:50:37;;;;;;4 620,000;;200,000;4 420,000
Отпуск в отделение 0000-000306 от 26.07.2024 9:58:17;;;;;;4 420,000;;200,000;4 220,000
Отпуск в отделение 0000-000314 от 02.08.2024 14:51:50;;;;;;4 220,000;;200,000;4 020,000
Отпуск в отделение 0000-000316 от 05.08.2024 11:01:37;;;;;;4 020,000;;500,000;3 520,000
Отпуск в отделение 0000-000321 от 07.08.2024 11:08:47;;;;;;3 520,000;;200,000;3 320,000
Отпуск в отделение 0000-000326 от 09.08.2024 11:03:19;;;;;;3 320,000;;200,000;3 120,000
Отпуск в отделение 0000-000328 от 12.08.2024 11:39:14;;;;;;3 120,000;;250,000;2 870,000
Отпуск в отделение 0000-000340 от 19.08.2024 9:06:52;;;;;;2 870,000;;300,000;2 570,000
Отпуск в отделение 0000-000344 от 19.08.2024 10:12:36;;;;;;2 570,000;;200,000;2 370,000
Отпуск в отделение 0000-000346 от 22.08.2024 11:21:57;;;;;;2 370,000;;300,000;2 070,000
Отпуск в отделение 0000-000349 от 23.08.2024 11:12:30;;;;;;2 070,000;;100,000;1 970,000
Отпуск в отделение 0000-000354 от 26.08.2024 10:26:30;;;;;;1 970,000;;100,000;1 870,000
Отпуск в отделение 0000-000356 от 28.08.2024 10:51:39;;;;;;1 870,000;;400,000;1 470,000
Отпуск в отделение 0000-000360 от 02.09.2024 9:34:07;;;;;;1 470,000;;400,000;1 070,000
Отпуск в отделение 0000-000365 от 05.09.2024 13:17:07;;;;;;1 070,000;;250,000;820,000
Отпуск в отделение 0000-000370 от 09.09.2024 10:15:29;;;;;;820,000;;200,000;620,000
Отпуск в отделение 0000-000372 от 11.09.2024 10:22:00;;;;;;620,000;;100,000;520,000
Отпуск в отделение 0000-000377 от 16.09.2024 10:13:06;;;;;;520,000;;200,000;320,000
Отпуск в отделение 0000-000380 от 18.09.2024 9:46:46;;;;;;320,000;;200,000;120,000
Отпуск в отделение 0000-000382 от 19.09.2024 8:21:45;;;;;;120,000;;120,000;
Кеторолак, р-р для в/в и в/м введ. 30 мг/мл, амп. 2 мл, пач. картон. 10;;;;;амп. 2 мл;210,00;18 000,000;3 690,000;14 520,000
020523 до 31.05.25, <партии не учитываются>;;;;;;210,000;;210,000;
Отпуск в отделение 0000-000005 от 09.01.2024 11:47:30;;;;;;210,000;;150,000;60,000
Отпуск в отделение 0000-000010 от 12.01.2024 13:33:24;;;;;;60,000;;60,000;
020824 до 31.08.26, <партии не учитываются>;;;;;;;18 000,000;3 480,000;14 520,000
Поступление товаров 0000-000096 от 14.11.2024 14:23:29;;;;;;;18 000,000;;18 000,000
Отпуск в отделение 0000-000479 от 28.11.2024 10:45:08;;;;;;18 000,000;;30,000;17 970,000
Отпуск в отделение 0000-000483 от 02.12.2024 9:12:54;;;;;;17 970,000;;300,000;17 670,000
Отпуск в отделение 0000-000487 от 03.12.2024 11:22:36;;;;;;17 670,000;;100,000;17 570,000
Отпуск в отделение 0000-000492 от 04.12.2024 15:36:06;;;;;;17 570,000;;200,000;17 370,000
Отпуск в отделение 0000-000495 от 06.12.2024 11:07:16;;;;;;17 370,000;;100,000;17 270,000
Отпуск в отделение 0000-000499 от 09.12.2024 10:48:28;;;;;;17 270,000;;100,000;17 170,000
Отпуск в отделение 0000-000502 от 10.12.2024 11:09:59;;;;;;17 170,000;;100,000;17 070,000
Отпуск в отделение 0000-000505 от 13.12.2024 9:22:52;;;;;;17 070,000;;100,000;16 970,000
Отпуск в отделение 0000-000507 от 13.12.2024 13:28:27;;;;;;16 970,000;;300,000;16 670,000
Отпуск в отделение 0000-000510 от 17.12.2024 14:03:59;;;;;;16 670,000;;100,000;16 570,000
Отпуск в отделение 0000-000511 от 17.12.2024 14:38:17;;;;;;16 570,000;;350,000;16 220,000
Отпуск в отделение 0000-000516 от 20.12.2024 11:23:13;;;;;;16 220,000;;100,000;16 120,000
Отпуск в отделение 0000-000518 от 23.12.2024 13:51:58;;;;;;16 120,000;;200,000;15 920,000
Отпуск в отделение 0000-000520 от 24.12.2024 10:56:12;;;;;;15 920,000;;100,000;15 820,000
Отпуск в отделение 0000-000521 от 24.12.2024 13:18:00;;;;;;15 820,000;;600,000;15 220,000
Отпуск в отделение 0000-000522 от 24.12.2024 15:26:22;;;;;;15 220,000;;200,000;15 020,000
Отпуск в отделение 0000-000531 от 27.12.2024 13:33:59;;;;;;15 020,000;;500,000;14 520,000
Клопидогрел, табл. п.п.о. 75 мг, бан. 28, пач. картон. 1  Озон;;;;;шт;;5 348,000;5 348,000;
010224 до 31.01.26, <партии не учитываются>;;;;;;;1 652,000;1 652,000;
Поступление товаров 0000-000024 от 12.04.2024 14:30:19;;;;;;;1 652,000;;1 652,000
Отпуск в отделение 0000-000153 от 15.04.2024 9:19:31;;;;;;1 652,000;;140,000;1 512,000
Отпуск в отделение 0000-000157 от 15.04.2024 10:38:21;;;;;;1 512,000;;280,000;1 232,000
Отпуск в отделение 0000-000161 от 17.04.2024 10:12:19;;;;;;1 232,000;;140,000;1 092,000
Отпуск в отделение 0000-000183 от 06.05.2024 9:17:42;;;;;;1 092,000;;140,000;952,000
Отпуск в отделение 0000-000190 от 07.05.2024 11:06:49;;;;;;952,000;;140,000;812,000
Отпуск в отделение 0000-000202 от 20.05.2024 9:36:32;;;;;;812,000;;140,000;672,000
Отпуск в отделение 0000-000214 от 23.05.2024 13:10:14;;;;;;672,000;;280,000;392,000
Отпуск в отделение 0000-000235 от 07.06.2024 14:26:49;;;;;;392,000;;140,000;252,000
Отпуск в отделение 0000-000249 от 19.06.2024 10:24:16;;;;;;252,000;;252,000;
020324 до 28.02.26, <партии не учитываются>;;;;;;;3 696,000;3 696,000;
Поступление товаров 0000-000024 от 12.04.2024 14:30:19;;;;;;;3 696,000;;3 696,000
Отпуск в отделение 0000-000249 от 19.06.2024 10:24:16;;;;;;3 696,000;;28,000;3 668,000
Отпуск в отделение 0000-000251 от 20.06.2024 9:03:18;;;;;;3 668,000;;140,000;3 528,000
Отпуск в отделение 0000-000259 от 24.06.2024 11:19:16;;;;;;3 528,000;;140,000;3 388,000
Отпуск в отделение 0000-000267 от 01.07.2024 9:04:14;;;;;;3 388,000;;140,000;3 248,000
Отпуск в отделение 0000-000294 от 17.07.2024 10:55:10;;;;;;3 248,000;;196,000;3 052,000
Отпуск в отделение 0000-000306 от 26.07.2024 9:58:17;;;;;;3 052,000;;280,000;2 772,000
Отпуск в отделение 0000-000316 от 05.08.2024 11:01:37;;;;;;2 772,000;;140,000;2 632,000
Отпуск в отделение 0000-000321 от 07.08.2024 11:08:47;;;;;;2 632,000;;112,000;2 520,000
Отпуск в отделение 0000-000346 от 22.08.2024 11:21:57;;;;;;2 520,000;;140,000;2 380,000
Отпуск в отделение 0000-000360 от 02.09.2024 9:34:07;;;;;;2 380,000;;140,000;2 240,000
Отпуск в отделение 0000-000380 от 18.09.2024 9:46:46;;;;;;2 240,000;;280,000;1 960,000
Отпуск в отделение 0000-000382 от 19.09.2024 8:21:45;;;;;;1 960,000;;140,000;1 820,000
Отпуск в отделение 0000-000402 от 08.10.2024 9:37:04;;;;;;1 820,000;;140,000;1 680,000
Отпуск в отделение 0000-000407 от 10.10.2024 10:54:04;;;;;;1 680,000;;280,000;1 400,000
Отпуск в отделение 0000-000433 от 28.10.2024 10:31:12;;;;;;1 400,000;;280,000;1 120,000
Отпуск в отделение 0000-000440 от 05.11.2024 9:29:38;;;;;;1 120,000;;112,000;1 008,000
Отпуск в отделение 0000-000444 от 06.11.2024 8:43:10;;;;;;1 008,000;;140,000;868,000
Отпуск в отделение 0000-000448 от 08.11.2024 11:03:12;;;;;;868,000;;140,000;728,000
Отпуск в отделение 0000-000467 от 20.11.2024 10:53:40;;;;;;728,000;;280,000;448,000
Отпуск в отделение 0000-000483 от 02.12.2024 9:12:54;;;;;;448,000;;112,000;336,000
Отпуск в отделение 0000-000495 от 06.12.2024 11:07:16;;;;;;336,000;;140,000;196,000
Отпуск в отделение 0000-000523 от 25.12.2024 10:47:34;;;;;;196,000;;140,000;56,000
Отпуск в отделение 0000-000531 от 27.12.2024 13:33:59;;;;;;56,000;;56,000;
Клопидогрел, табл. п.п.о. 75 мг, бл. 7, пач. картон. 4  Розлекс 01.23;;;;;шт;728,00;;728,000;
0050822 до 30.09.25, <партии не учитываются>;;;;;;196,000;;196,000;
Отпуск в отделение 0000-000052 от 12.02.2024 10:08:46;;;;;;196,000;;196,000;
0110922 до 31.10.25, <партии не учитываются>;;;;;;532,000;;532,000;
Отпуск в отделение 0000-000052 от 12.02.2024 10:08:46;;;;;;532,000;;84,000;448,000
Отпуск в отделение 0000-000060 от 19.02.2024 11:14:10;;;;;;448,000;;140,000;308,000
Отпуск в отделение 0000-000063 от 21.02.2024 9:44:05;;;;;;308,000;;140,000;168,000
Отпуск в отделение 0000-000084 от 06.03.2024 9:46:40;;;;;;168,000;;168,000;
Клопидогрел, табл. п.п.о. 75 мг, бл. 7, пач. картон. 4 Скан Биотек;;;;;шт;;1 400,000;140,000;1 260,000
0030824 до 30.09.27, <партии не учитываются>;;;;;;;1 400,000;140,000;1 260,000
Поступление товаров 0000-000105 от 11.12.2024 11:48:21;;;;;;;1 400,000;;1 400,000
Отпуск в отделение 0000-000531 от 27.12.2024 13:33:59;;;;;;1 400,000;;140,000;1 260,000
Лейкопластырь 2*500;;;;;шт;464,000;2 280,000;1 588,000;1 156,000
<серии не учитываются>, <партии не учитываются>;;;;;;464,000;2 280,000;1 588,000;1 156,000
Отпуск в отделение 0000-000020 от 18.01.2024 16:03:21;;;;;;464,000;;20,000;444,000
Отпуск в отделение 0000-000038 от 02.02.2024 11:32:13;;;;;;444,000;;30,000;414,000
Отпуск в отделение 0000-000048 от 07.02.2024 13:21:23;;;;;;414,000;;30,000;384,000
Отпуск в отделение 0000-000054 от 12.02.2024 16:36:56;;;;;;384,000;;50,000;334,000
Отпуск в отделение 0000-000070 от 26.02.2024 9:53:14;;;;;;334,000;;50,000;284,000
Отпуск в отделение 0000-000074 от 27.02.2024 15:25:48;;;;;;284,000;;20,000;264,000
Отпуск в отделение 0000-000088 от 06.03.2024 11:24:26;;;;;;264,000;;20,000;244,000
Отпуск в отделение 0000-000102 от 15.03.2024 13:01:09;;;;;;244,000;;50,000;194,000
Отпуск в отделение 0000-000105 от 18.03.2024 11:18:10;;;;;;194,000;;50,000;144,000
Отпуск в отделение 0000-000109 от 22.03.2024 10:41:58;;;;;;144,000;;20,000;124,000
Поступление товаров 0000-000011 от 25.03.2024 13:26:43;;;;;;124,000;570,000;;694,000
Отпуск в отделение 0000-000135 от 05.04.2024 15:38:39;;;;;;694,000;;30,000;664,000
Отпуск в отделение 0000-000138 от 08.04.2024 11:11:51;;;;;;664,000;;20,000;644,000
Отпуск в отделение 0000-000141 от 09.04.2024 11:54:04;;;;;;644,000;;20,000;624,000
Отпуск в отделение 0000-000171 от 24.04.2024 11:54:51;;;;;;624,000;;50,000;574,000
Отпуск в отделение 0000-000191 от 08.05.2024 10:41:16;;;;;;574,000;;30,000;544,000
Отпуск в отделение 0000-000195 от 15.05.2024 11:39:36;;;;;;544,000;;46,000;498,000
Отпуск в отделение 0000-000216 от 24.05.2024 10:01:50;;;;;;498,000;;14,000;484,000
Отпуск в отделение 0000-000226 от 29.05.2024 16:25:47;;;;;;484,000;;56,000;428,000
Поступление товаров 0000-000040 от 03.06.2024 14:07:20;;;;;;428,000;570,000;;998,000
Отпуск в отделение 0000-000234 от 04.06.2024 14:48:25;;;;;;998,000;;70,000;928,000
Отпуск в отделение 0000-000241 от 10.06.2024 11:01:56;;;;;;928,000;;28,000;900,000
Отпуск в отделение 0000-000246 от 18.06.2024 13:11:46;;;;;;900,000;;50,000;850,000
Отпуск в отделение 0000-000258 от 24.06.2024 11:11:48;;;;;;850,000;;14,000;836,000
Отпуск в отделение 0000-000277 от 05.07.2024 13:30:21;;;;;;836,000;;42,000;794,000
Отпуск в отделение 0000-000284 от 12.07.2024 11:21:40;;;;;;794,000;;42,000;752,000
Отпуск в отделение 0000-000297 от 17.07.2024 15:45:02;;;;;;752,000;;28,000;724,000
Отпуск в отделение 0000-000298 от 19.07.2024 10:58:05;;;;;;724,000;;28,000;696,000
Поступление товаров 0000-000065 от 05.08.2024 13:48:50;;;;;;696,000;570,000;;1 266,000
Отпуск в отделение 0000-000330 от 12.08.2024 14:40:56;;;;;;1 266,000;;28,000;1 238,000
Отпуск в отделение 0000-000342 от 19.08.2024 10:09:23;;;;;;1 238,000;;28,000;1 210,000
Отпуск в отделение 0000-000348 от 23.08.2024 11:09:52;;;;;;1 210,000;;28,000;1 182,000
Отпуск в отделение 0000-000353 от 26.08.2024 10:23:25;;;;;;1 182,000;;28,000;1 154,000
Отпуск в отделение 0000-000367 от 09.09.2024 9:48:15;;;;;;1 154,000;;50,000;1 104,000
Отпуск в отделение 0000-000391 от 27.09.2024 10:32:23;;;;;;1 104,000;;28,000;1 076,000
Отпуск в отделение 0000-000399 от 04.10.2024 10:29:22;;;;;;1 076,000;;80,000;996,000
Отпуск в отделение 0000-000401 от 08.10.2024 9:27:41;;;;;;996,000;;56,000;940,000
Отпуск в отделение 0000-000406 от 09.10.2024 10:42:08;;;;;;940,000;;28,000;912,000
Отпуск в отделение 0000-000439 от 02.11.2024 14:28:46;;;;;;912,000;;28,000;884,000
Отпуск в отделение 0000-000446 от 06.11.2024 11:30:40;;;;;;884,000;;30,000;854,000
Отпуск в отделение 0000-000450 от 08.11.2024 11:42:08;;;;;;854,000;;28,000;826,000
Отпуск в отделение 0000-000468 от 20.11.2024 11:14:34;;;;;;826,000;;28,000;798,000
Поступление товаров 0000-000098 от 20.11.2024 13:14:48;;;;;;798,000;570,000;;1 368,000
Отпуск в отделение 0000-000472 от 25.11.2024 9:48:13;;;;;;1 368,000;;28,000;1 340,000
Отпуск в отделение 0000-000481 от 28.11.2024 14:14:02;;;;;;1 340,000;;28,000;1 312,000
Отпуск в отделение 0000-000497 от 06.12.2024 14:02:09;;;;;;1 312,000;;14,000;1 298,000
Отпуск в отделение 0000-000512 от 17.12.2024 15:51:56;;;;;;1 298,000;;70,000;1 228,000
Отпуск в отделение 0000-000525 от 25.12.2024 16:33:37;;;;;;1 228,000;;30,000;1 198,000
Отпуск в отделение 0000-000526 от 25.12.2024 16:38:01;;;;;;1 198,000;;42,000;1 156,000
Лейкопластырь бактерицидный;;;;;шт;1 494,000;3 000,000;2 486,000;2 008,000
<серии не учитываются>, <партии не учитываются>;;;;;;1 494,000;3 000,000;2 486,000;2 008,000
Отпуск в отделение 0000-000013 от 15.01.2024 11:52:52;;;;;;1 494,000;;100,000;1 394,000
Отпуск в отделение 0000-000018 от 16.01.2024 16:04:21;;;;;;1 394,000;;80,000;1 314,000
Отпуск в отделение 0000-000057 от 16.02.2024 10:36:29;;;;;;1 314,000;;100,000;1 214,000
Отпуск в отделение 0000-000091 от 11.03.2024 10:47:12;;;;;;1 214,000;;30,000;1 184,000
Отпуск в отделение 0000-000109 от 22.03.2024 10:41:58;;;;;;1 184,000;;80,000;1 104,000
Отпуск в отделение 0000-000118 от 27.03.2024 10:39:35;;;;;;1 104,000;;100,000;1 004,000
Отпуск в отделение 0000-000132 от 03.04.2024 11:32:30;;;;;;1 004,000;;80,000;924,000
Отпуск в отделение 0000-000138 от 08.04.2024 11:11:51;;;;;;924,000;;20,000;904,000
Отпуск в отделение 0000-000152 от 15.04.2024 9:08:21;;;;;;904,000;;20,000;884,000
Отпуск в отделение 0000-000176 от 26.04.2024 11:07:57;;;;;;884,000;;80,000;804,000
Поступление товаров 0000-000030 от 06.05.2024 11:32:38;;;;;;804,000;3 000,000;;3 804,000
Отпуск в отделение 0000-000195 от 15.05.2024 11:39:36;;;;;;3 804,000;;160,000;3 644,000
Отпуск в отделение 0000-000232 от 03.06.2024 16:00:39;;;;;;3 644,000;;80,000;3 564,000
Отпуск в отделение 0000-000234 от 04.06.2024 14:48:25;;;;;;3 564,000;;160,000;3 404,000
Отпуск в отделение 0000-000241 от 10.06.2024 11:01:56;;;;;;3 404,000;;100,000;3 304,000
Отпуск в отделение 0000-000246 от 18.06.2024 13:11:46;;;;;;3 304,000;;100,000;3 204,000
Отпуск в отделение 0000-000258 от 24.06.2024 11:11:48;;;;;;3 204,000;;24,000;3 180,000
Отпуск в отделение 0000-000295 от 17.07.2024 11:39:22;;;;;;3 180,000;;80,000;3 100,000
Отпуск в отделение 0000-000297 от 17.07.2024 15:45:02;;;;;;3 100,000;;160,000;2 940,000
Отпуск в отделение 0000-000330 от 12.08.2024 14:40:56;;;;;;2 940,000;;80,000;2 860,000
Отпуск в отделение 0000-000352 от 26.08.2024 10:20:59;;;;;;2 860,000;;80,000;2 780,000
Отпуск в отделение 0000-000353 от 26.08.2024 10:23:25;;;;;;2 780,000;;50,000;2 730,000
Отпуск в отделение 0000-000366 от 05.09.2024 15:31:33;;;;;;2 730,000;;80,000;2 650,000
Отпуск в отделение 0000-000381 от 19.09.2024 8:02:17;;;;;;2 650,000;;120,000;2 530,000
Отпуск в отделение 0000-000416 от 18.10.2024 11:09:16;;;;;;2 530,000;;80,000;2 450,000
Отпуск в отделение 0000-000461 от 18.11.2024 10:15:17;;;;;;2 450,000;;80,000;2 370,000
Отпуск в отделение 0000-000466 от 20.11.2024 10:50:41;;;;;;2 370,000;;160,000;2 210,000
Отпуск в отделение 0000-000497 от 06.12.2024 14:02:09;;;;;;2 210,000;;80,000;2 130,000
Отпуск в отделение 0000-000501 от 09.12.2024 13:15:38;;;;;;2 130,000;;26,000;2 104,000
Отпуск в отделение 0000-000526 от 25.12.2024 16:38:01;;;;;;2 104,000;;96,000;2 008,000
Лейкопластырь медицинский для фиксации катетеров;;;;;шт;1 100,000;5 100,000;6 200,000;
<серии не учитываются>, <партии не учитываются>;;;;;;1 100,000;5 100,000;6 200,000;
Отпуск в отделение 0000-000013 от 15.01.2024 11:52:52;;;;;;1 100,000;;200,000;900,000
Отпуск в отделение 0000-000018 от 16.01.2024 16:04:21;;;;;;900,000;;300,000;600,000
Отпуск в отделение 0000-000024 от 22.01.2024 10:24:53;;;;;;600,000;;50,000;550,000
Отпуск в отделение 0000-000041 от 05.02.2024 13:36:06;;;;;;550,000;;100,000;450,000
Отпуск в отделение 0000-000057 от 16.02.2024 10:36:29;;;;;;450,000;;200,000;250,000
Отпуск в отделение 0000-000088 от 06.03.2024 11:24:26;;;;;;250,000;;150,000;100,000
Отпуск в отделение 0000-000091 от 11.03.2024 10:47:12;;;;;;100,000;;100,000;
Отпуск в отделение 0000-000185 от 06.05.2024 11:28:59;;;;;;;;200,000;-200,000
Поступление товаров 0000-000030 от 06.05.2024 11:32:38;;;;;;-200,000;5 100,000;;4 900,000
Отпуск в отделение 0000-000186 от 06.05.2024 11:37:37;;;;;;4 900,000;;200,000;4 700,000
Отпуск в отделение 0000-000187 от 06.05.2024 11:39:06;;;;;;4 700,000;;300,000;4 400,000
Отпуск в отделение 0000-000195 от 15.05.2024 11:39:36;;;;;;4 400,000;;300,000;4 100,000
Отпуск в отделение 0000-000212 от 22.05.2024 9:20:34;;;;;;4 100,000;;200,000;3 900,000
Отпуск в отделение 0000-000234 от 04.06.2024 14:48:25;;;;;;3 900,000;;100,000;3 800,000
Отпуск в отделение 0000-000250 от 19.06.2024 11:22:49;;;;;;3 800,000;;200,000;3 600,000
Отпуск в отделение 0000-000258 от 24.06.2024 11:11:48;;;;;;3 600,000;;300,000;3 300,000
Отпуск в отделение 0000-000277 от 05.07.2024 13:30:21;;;;;;3 300,000;;100,000;3 200,000
Отпуск в отделение 0000-000287 от 15.07.2024 10:08:21;;;;;;3 200,000;;100,000;3 100,000
Отпуск в отделение 0000-000297 от 17.07.2024 15:45:02;;;;;;3 100,000;;200,000;2 900,000
Отпуск в отделение 0000-000310 от 29.07.2024 11:47:29;;;;;;2 900,000;;200,000;2 700,000
Отпуск в отделение 0000-000322 от 07.08.2024 13:24:49;;;;;;2 700,000;;100,000;2 600,000
Отпуск в отделение 0000-000342 от 19.08.2024 10:09:23;;;;;;2 600,000;;100,000;2 500,000
Отпуск в отделение 0000-000347 от 22.08.2024 11:55:08;;;;;;2 500,000;;100,000;2 400,000
Отпуск в отделение 0000-000352 от 26.08.2024 10:20:59;;;;;;2 400,000;;200,000;2 200,000
Отпуск в отделение 0000-000366 от 05.09.2024 15:31:33;;;;;;2 200,000;;200,000;2 000,000
Отпуск в отделение 0000-000394 от 01.10.2024 10:28:39;;;;;;2 000,000;;100,000;1 900,000
Отпуск в отделение 0000-000401 от 08.10.2024 9:27:41;;;;;;1 900,000;;200,000;1 700,000
Отпуск в отделение 0000-000406 от 09.10.2024 10:42:08;;;;;;1 700,000;;200,000;1 500,000
Отпуск в отделение 0000-000416 от 18.10.2024 11:09:16;;;;;;1 500,000;;200,000;1 300,000
Отпуск в отделение 0000-000425 от 23.10.2024 10:44:27;;;;;;1 300,000;;100,000;1 200,000
Отпуск в отделение 0000-000446 от 06.11.2024 11:30:40;;;;;;1 200,000;;100,000;1 100,000
Отпуск в отделение 0000-000455 от 11.11.2024 13:26:22;;;;;;1 100,000;;300,000;800,000
Отпуск в отделение 0000-000458 от 15.11.2024 10:55:52;;;;;;800,000;;200,000;600,000
Отпуск в отделение 0000-000464 от 18.11.2024 11:55:07;;;;;;600,000;;100,000;500,000
Отпуск в отделение 0000-000466 от 20.11.2024 10:50:41;;;;;;500,000;;200,000;300,000
Отпуск в отделение 0000-000497 от 06.12.2024 14:02:09;;;;;;300,000;;100,000;200,000
Отпуск в отделение 0000-000504 от 10.12.2024 14:11:47;;;;;;200,000;;100,000;100,000
Отпуск в отделение 0000-000509 от 16.12.2024 9:44:18;;;;;;100,000;;100,000;
Лента диаграммная из термобумаги;;;;;шт;1 032,000;2 400,000;2 100,000;1 332,000
<серии не учитываются>, <партии не учитываются>;;;;;;1 032,000;2 400,000;2 100,000;1 332,000
Отпуск в отделение 0000-000006 от 09.01.2024 14:00:02;;;;;;1 032,000;;100,000;932,000
Отпуск в отделение 0000-000021 от 19.01.2024 14:31:55;;;;;;932,000;;100,000;832,000
Отпуск в отделение 0000-000048 от 07.02.2024 13:21:23;;;;;;832,000;;100,000;732,000
Отпуск в отделение 0000-000054 от 12.02.2024 16:36:56;;;;;;732,000;;100,000;632,000
Отпуск в отделение 0000-000080 от 04.03.2024 10:14:04;;;;;;632,000;;100,000;532,000
Отпуск в отделение 0000-000093 от 11.03.2024 11:16:47;;;;;;532,000;;100,000;432,000
Поступление товаров 0000-000028 от 24.04.2024 11:02:37;;;;;;432,000;2 400,000;;2 832,000
Отпуск в отделение 0000-000171 от 24.04.2024 11:54:51;;;;;;2 832,000;;100,000;2 732,000
Отпуск в отделение 0000-000195 от 15.05.2024 11:39:36;;;;;;2 732,000;;100,000;2 632,000
Отпуск в отделение 0000-000232 от 03.06.2024 16:00:39;;;;;;2 632,000;;100,000;2 532,000
Отпуск в отделение 0000-000239 от 10.06.2024 10:41:53;;;;;;2 532,000;;100,000;2 432,000
Отпуск в отделение 0000-000287 от 15.07.2024 10:08:21;;;;;;2 432,000;;100,000;2 332,000
Отпуск в отделение 0000-000295 от 17.07.2024 11:39:22;;;;;;2 332,000;;100,000;2 232,000
Отпуск в отделение 0000-000297 от 17.07.2024 15:45:02;;;;;;2 232,000;;100,000;2 132,000
Отпуск в отделение 0000-000374 от 11.09.2024 11:18:03;;;;;;2 132,000;;100,000;2 032,000
Отпуск в отделение 0000-000381 от 19.09.2024 8:02:17;;;;;;2 032,000;;100,000;1 932,000
Отпуск в отделение 0000-000416 от 18.10.2024 11:09:16;;;;;;1 932,000;;100,000;1 832,000
Отпуск в отделение 0000-000432 от 28.10.2024 10:26:41;;;;;;1 832,000;;100,000;1 732,000
Отпуск в отделение 0000-000466 от 20.11.2024 10:50:41;;;;;;1 732,000;;100,000;1 632,000
Отпуск в отделение 0000-000497 от 06.12.2024 14:02:09;;;;;;1 632,000;;100,000;1 532,000
Отпуск в отделение 0000-000509 от 16.12.2024 9:44:18;;;;;;1 532,000;;100,000;1 432,000
Отпуск в отделение 0000-000526 от 25.12.2024 16:38:01;;;;;;1 432,000;;100,000;1 332,000
Лидокаин-Виал, спрей д/местн. и наружн. прим. 10 %, фл. 38 г, пач. картон. 1;;;;;пач. картон. 1;5,00;;5,000;
220901 до 30.09.25, <партии не учитываются>;;;;;;5,000;;5,000;
Отпуск в отделение 0000-000126 от 02.04.2024 15:21:09;;;;;;5,000;;5,000;
Лидокаин, р-р д/ин. 100 мг/мл, 2 мл, N 10 Органика АО;;;;;амп. 2 мл;40,00;;40,000;
50123 до 31.01.28, <партии не учитываются>;;;;;;40,000;;40,000;
Отпуск в отделение 0000-000022 от 22.01.2024 8:59:29;;;;;;40,000;;20,000;20,000
Отпуск в отделение 0000-000089 от 11.03.2024 10:19:11;;;;;;20,000;;20,000;
Лидокаин, р-р д/ин. 100 мг/мл, амп. 2 мл, пач. картон. 10 Органика, 04.24;;;;;амп. 2 мл;;200,000;150,000;50,000
211123 до 30.11.28, <партии не учитываются>;;;;;;;200,000;150,000;50,000
Поступление товаров 0000-000026 от 18.04.2024 9:19:54;;;;;;;200,000;;200,000
Отпуск в отделение 0000-000251 от 20.06.2024 9:03:18;;;;;;200,000;;20,000;180,000
Отпуск в отделение 0000-000276 от 05.07.2024 11:22:28;;;;;;180,000;;50,000;130,000
Отпуск в отделение 0000-000316 от 05.08.2024 11:01:37;;;;;;130,000;;30,000;100,000
Отпуск в отделение 0000-000392 от 27.09.2024 10:45:06;;;;;;100,000;;20,000;80,000
Отпуск в отделение 0000-000531 от 27.12.2024 13:33:59;;;;;;80,000;;30,000;50,000
Лидокаин, р-р д/ин. 20 мг/мл, амп. 2 мл, кор. 10     10.2024;;;;;амп. 2 мл;;250,000;250,000;
160424 до 31.03.28, <партии не учитываются>;;;;;;;250,000;250,000;
Поступление товаров 0000-000086 от 15.10.2024 10:47:52;;;;;;;250,000;;250,000
Отпуск в отделение 0000-000431 от 28.10.2024 9:36:38;;;;;;250,000;;250,000;
Лидокаин, спрей д/местн. и наружн. прим. доз. 4.6 мг/доза, фл. 650 г, пач. картон. 1;;;;;пач. картон. 1;;60,000;40,000;20,000
90424 до 30.04.28, <партии не учитываются>;;;;;;;60,000;40,000;20,000
Поступление товаров 0000-000086 от 15.10.2024 10:47:52;;;;;;;60,000;;60,000
Отпуск в отделение 0000-000420 от 21.10.2024 10:57:24;;;;;;60,000;;5,000;55,000
Отпуск в отделение 0000-000427 от 23.10.2024 11:17:10;;;;;;55,000;;5,000;50,000
Отпуск в отделение 0000-000428 от 23.10.2024 15:41:35;;;;;;50,000;;10,000;40,000
Отпуск в отделение 0000-000431 от 28.10.2024 9:36:38;;;;;;40,000;;5,000;35,000
Отпуск в отделение 0000-000433 от 28.10.2024 10:31:12;;;;;;35,000;;5,000;30,000
Отпуск в отделение 0000-000465 от 20.11.2024 9:29:48;;;;;;30,000;;10,000;20,000
Лоратадин, табл. 10 мг, конт. 10, пач. картон. 1  10.2024;;;;;шт;;20,000;20,000;
080523 до 30.04.27, <партии не учитываются>;;;;;;;20,000;20,000;
Поступление товаров 0000-000086 от 15.10.2024 10:47:52;;;;;;;20,000;;20,000
Отпуск в отделение 0000-000431 от 28.10.2024 9:36:38;;;;;;20,000;;20,000;
Магния сульфат, р-р для в/в введ. 250 мг/мл, амп. 10 мл, пач. картон. 10 Гротекс 06.24;;;;;амп. 10 мл;;18 000,000;10 460,000;7 540,000
380524 до 30.04.26, <партии не учитываются>;;;;;;;1 080,000;1 080,000;
Поступление товаров 0000-000048 от 20.06.2024 11:07:31;;;;;;;1 080,000;;1 080,000
Отпуск в отделение 0000-000370 от 09.09.2024 10:15:29;;;;;;1 080,000;;150,000;930,000
Отпуск в отделение 0000-000389 от 23.09.2024 11:28:55;;;;;;930,000;;540,000;390,000
Отпуск в отделение 0000-000413 от 14.10.2024 11:10:06;;;;;;390,000;;100,000;290,000
Отпуск в отделение 0000-000433 от 28.10.2024 10:31:12;;;;;;290,000;;150,000;140,000
Отпуск в отделение 0000-000444 от 06.11.2024 8:43:10;;;;;;140,000;;140,000;
420524 до 30.04.26, <партии не учитываются>;;;;;;;12 830,000;5 290,000;7 540,000
Поступление товаров 0000-000048 от 20.06.2024 11:07:31;;;;;;;4 320,000;;4 320,000
Отпуск в отделение 0000-000293 от 17.07.2024 9:59:13;;;;;;4 320,000;;540,000;3 780,000
Поступление товаров 0000-000060 от 02.08.2024 17:13:19;;;;;;3 780,000;8 510,000;;12 290,000
Отпуск в отделение 0000-000349 от 23.08.2024 11:12:30;;;;;;12 290,000;;410,000;11 880,000
Отпуск в отделение 0000-000388 от 23.09.2024 11:04:17;;;;;;11 880,000;;100,000;11 780,000
Отпуск в отделение 0000-000411 от 14.10.2024 10:47:19;;;;;;11 780,000;;540,000;11 240,000
Отпуск в отделение 0000-000420 от 21.10.2024 10:57:24;;;;;;11 240,000;;540,000;10 700,000
Отпуск в отделение 0000-000444 от 06.11.2024 8:43:10;;;;;;10 700,000;;400,000;10 300,000
Отпуск в отделение 0000-000452 от 11.11.2024 10:25:38;;;;;;10 300,000;;100,000;10 200,000
Отпуск в отделение 0000-000454 от 11.11.2024 10:54:33;;;;;;10 200,000;;100,000;10 100,000
Отпуск в отделение 0000-000456 от 13.11.2024 10:55:45;;;;;;10 100,000;;540,000;9 560,000
Отпуск в отделение 0000-000473 от 25.11.2024 9:50:22;;;;;;9 560,000;;100,000;9 460,000
Отпуск в отделение 0000-000499 от 09.12.2024 10:48:28;;;;;;9 460,000;;50,000;9 410,000
Отпуск в отделение 0000-000502 от 10.12.2024 11:09:59;;;;;;9 410,000;;540,000;8 870,000
Отпуск в отделение 0000-000507 от 13.12.2024 13:28:27;;;;;;8 870,000;;540,000;8 330,000
Отпуск в отделение 0000-000518 от 23.12.2024 13:51:58;;;;;;8 330,000;;250,000;8 080,000
Отпуск в отделение 0000-000530 от 27.12.2024 10:31:33;;;;;;8 080,000;;540,000;7 540,000
560624 до 31.05.26, <партии не учитываются>;;;;;;;130,000;130,000;
Поступление товаров 0000-000060 от 02.08.2024 17:13:19;;;;;;;130,000;;130,000
Отпуск в отделение 0000-000340 от 19.08.2024 9:06:52;;;;;;130,000;;130,000;
841123 до 31.10.25, <партии не учитываются>;;;;;;;3 960,000;3 960,000;
Поступление товаров 0000-000032 от 15.05.2024 9:36:31;;;;;;;3 470,000;;3 470,000
Отпуск в отделение 0000-000197 от 15.05.2024 11:42:38;;;;;;3 470,000;;630,000;2 840,000
Отпуск в отделение 0000-000198 от 16.05.2024 10:10:32;;;;;;2 840,000;;150,000;2 690,000
Отпуск в отделение 0000-000202 от 20.05.2024 9:36:32;;;;;;2 690,000;;540,000;2 150,000
Отпуск в отделение 0000-000204 от 20.05.2024 13:23:39;;;;;;2 150,000;;150,000;2 000,000
Отпуск в отделение 0000-000220 от 27.05.2024 10:15:42;;;;;;2 000,000;;200,000;1 800,000
Отпуск в отделение 0000-000224 от 29.05.2024 10:48:28;;;;;;1 800,000;;540,000;1 260,000
Отпуск в отделение 0000-000227 от 03.06.2024 9:38:13;;;;;;1 260,000;;180,000;1 080,000
Отпуск в отделение 0000-000233 от 04.06.2024 14:07:33;;;;;;1 080,000;;540,000;540,000
Поступление товаров 0000-000048 от 20.06.2024 11:07:31;;;;;;540,000;130,000;;670,000
Отпуск в отделение 0000-000279 от 08.07.2024 10:11:33;;;;;;670,000;;100,000;570,000
Отпуск в отделение 0000-000283 от 12.07.2024 10:53:59;;;;;;570,000;;480,000;90,000
Поступление товаров 0000-000060 от 02.08.2024 17:13:19;;;;;;90,000;360,000;;450,000
Отпуск в отделение 0000-000328 от 12.08.2024 11:39:14;;;;;;450,000;;150,000;300,000
Отпуск в отделение 0000-000340 от 19.08.2024 9:06:52;;;;;;300,000;;300,000;
Магния сульфат, р-р для в/в введ. 250 мг/мл, амп. 10 мл, пач. картон. 10 ЭСКОМ 12.23;;;;;амп. 10 мл;3380,00;;3 380,000;
040623 до 30.06.26, <партии не учитываются>;;;;;;3 380,000;;3 380,000;
Отпуск в отделение 0000-000017 от 16.01.2024 15:20:56;;;;;;3 380,000;;420,000;2 960,000
Отпуск в отделение 0000-000025 от 22.01.2024 10:27:48;;;;;;2 960,000;;150,000;2 810,000
Отпуск в отделение 0000-000028 от 26.01.2024 9:59:46;;;;;;2 810,000;;420,000;2 390,000
Отпуск в отделение 0000-000040 от 05.02.2024 10:54:32;;;;;;2 390,000;;420,000;1 970,000
Отпуск в отделение 0000-000043 от 07.02.2024 10:00:03;;;;;;1 970,000;;150,000;1 820,000
Отпуск в отделение 0000-000052 от 12.02.2024 10:08:46;;;;;;1 820,000;;420,000;1 400,000
Отпуск в отделение 0000-000065 от 21.02.2024 10:19:40;;;;;;1 400,000;;20,000;1 380,000
Отпуск в отделение 0000-000073 от 26.02.2024 10:35:14;;;;;;1 380,000;;100,000;1 280,000
Отпуск в отделение 0000-000082 от 04.03.2024 10:17:59;;;;;;1 280,000;;420,000;860,000
Отпуск в отделение 0000-000089 от 11.03.2024 10:19:11;;;;;;860,000;;100,000;760,000
Отпуск в отделение 0000-000104 от 18.03.2024 8:53:59;;;;;;760,000;;200,000;560,000
Отпуск в отделение 0000-000108 от 21.03.2024 8:15:48;;;;;;560,000;;200,000;360,000
Отпуск в отделение 0000-000112 от 22.03.2024 13:16:04;;;;;;360,000;;360,000;
Магния сульфат, р-р для в/в введ. 250 мг/мл, амп. 10 мл, Слав. 07.25;;;;;амп. 10 мл;;2 000,000;2 000,000;
040124 до 31.01.27, <партии не учитываются>;;;;;;;80,000;80,000;
Поступление товаров 0000-000019 от 09.04.2024 9:25:49;;;;;;;80,000;;80,000
Отпуск в отделение 0000-000163 от 19.04.2024 9:15:21;;;;;;80,000;;80,000;
080124 до 31.01.27, <партии не учитываются>;;;;;;;1 920,000;1 920,000;
Поступление товаров 0000-000019 от 09.04.2024 9:25:49;;;;;;;1 920,000;;1 920,000
Отпуск в отделение 0000-000140 от 09.04.2024 11:08:04;;;;;;1 920,000;;480,000;1 440,000
Отпуск в отделение 0000-000142 от 11.04.2024 13:37:08;;;;;;1 440,000;;250,000;1 190,000
Отпуск в отделение 0000-000144 от 11.04.2024 13:51:53;;;;;;1 190,000;;480,000;710,000
Отпуск в отделение 0000-000146 от 11.04.2024 14:20:07;;;;;;710,000;;480,000;230,000
Отпуск в отделение 0000-000163 от 19.04.2024 9:15:21;;;;;;230,000;;230,000;
Маска ларингеальная одноразовая;;;;;шт;;205,000;205,000;
<серии не учитываются>, <партии не учитываются>;;;;;;;205,000;205,000;
Поступление товаров 0000-000102 от 03.12.2024 15:48:03;;;;;;;205,000;;205,000
Отпуск в отделение 0000-000489 от 03.12.2024 15:50:33;;;;;;205,000;;44,000;161,000
Отпуск в отделение 0000-000491 от 03.12.2024 16:07:37;;;;;;161,000;;5,000;156,000
Отпуск в отделение 0000-000497 от 06.12.2024 14:02:09;;;;;;156,000;;80,000;76,000
Отпуск в отделение 0000-000498 от 06.12.2024 14:05:26;;;;;;76,000;;52,000;24,000
Отпуск в отделение 0000-000501 от 09.12.2024 13:15:38;;;;;;24,000;;24,000;
Маска медицинская одноразовая;;;;;шт;;50 000,000;40 500,000;9 500,000
<серии не учитываются>, <партии не учитываются>;;;;;;;50 000,000;40 500,000;9 500,000
Поступление товаров 0000-000004 от 29.02.2024 16:09:12;;;;;;;12 500,000;;12 500,000
Отпуск в отделение 0000-000077 от 01.03.2024 11:00:47;;;;;;12 500,000;;1 000,000;11 500,000
Отпуск в отделение 0000-000080 от 04.03.2024 10:14:04;;;;;;11 500,000;;1 000,000;10 500,000
Отпуск в отделение 0000-000087 от 06.03.2024 11:21:47;;;;;;10 500,000;;2 000,000;8 500,000
Отпуск в отделение 0000-000088 от 06.03.2024 11:24:26;;;;;;8 500,000;;500,000;8 000,000
Отпуск в отделение 0000-000102 от 15.03.2024 13:01:09;;;;;;8 000,000;;1 000,000;7 000,000
Отпуск в отделение 0000-000109 от 22.03.2024 10:41:58;;;;;;7 000,000;;1 000,000;6 000,000
Отпуск в отделение 0000-000115 от 25.03.2024 11:35:29;;;;;;6 000,000;;500,000;5 500,000
Отпуск в отделение 0000-000118 от 27.03.2024 10:39:35;;;;;;5 500,000;;1 000,000;4 500,000
Отпуск в отделение 0000-000132 от 03.04.2024 11:32:30;;;;;;4 500,000;;1 000,000;3 500,000
Отпуск в отделение 0000-000138 от 08.04.2024 11:11:51;;;;;;3 500,000;;500,000;3 000,000
Отпуск в отделение 0000-000149 от 12.04.2024 9:45:11;;;;;;3 000,000;;500,000;2 500,000
Отпуск в отделение 0000-000152 от 15.04.2024 9:08:21;;;;;;2 500,000;;500,000;2 000,000
Отпуск в отделение 0000-000176 от 26.04.2024 11:07:57;;;;;;2 000,000;;500,000;1 500,000
Отпуск в отделение 0000-000185 от 06.05.2024 11:28:59;;;;;;1 500,000;;500,000;1 000,000
Отпуск в отделение 0000-000186 от 06.05.2024 11:37:37;;;;;;1 000,000;;400,000;600,000
Отпуск в отделение 0000-000187 от 06.05.2024 11:39:06;;;;;;600,000;;200,000;400,000
Поступление товаров 0000-000035 от 16.05.2024 15:01:54;;;;;;400,000;12 500,000;;12 900,000
Отпуск в отделение 0000-000199 от 17.05.2024 9:56:43;;;;;;12 900,000;;500,000;12 400,000
Отпуск в отделение 0000-000207 от 20.05.2024 15:30:14;;;;;;12 400,000;;500,000;11 900,000
Отпуск в отделение 0000-000208 от 20.05.2024 15:32:03;;;;;;11 900,000;;300,000;11 600,000
Отпуск в отделение 0000-000212 от 22.05.2024 9:20:34;;;;;;11 600,000;;500,000;11 100,000
Отпуск в отделение 0000-000226 от 29.05.2024 16:25:47;;;;;;11 100,000;;500,000;10 600,000
Отпуск в отделение 0000-000229 от 03.06.2024 11:46:51;;;;;;10 600,000;;300,000;10 300,000
Отпуск в отделение 0000-000232 от 03.06.2024 16:00:39;;;;;;10 300,000;;500,000;9 800,000
Отпуск в отделение 0000-000234 от 04.06.2024 14:48:25;;;;;;9 800,000;;500,000;9 300,000
Отпуск в отделение 0000-000244 от 14.06.2024 13:28:52;;;;;;9 300,000;;500,000;8 800,000
Отпуск в отделение 0000-000246 от 18.06.2024 13:11:46;;;;;;8 800,000;;300,000;8 500,000
Отпуск в отделение 0000-000250 от 19.06.2024 11:22:49;;;;;;8 500,000;;500,000;8 000,000
Отпуск в отделение 0000-000256 от 21.06.2024 9:57:09;;;;;;8 000,000;;1 000,000;7 000,000
Отпуск в отделение 0000-000258 от 24.06.2024 11:11:48;;;;;;7 000,000;;500,000;6 500,000
Отпуск в отделение 0000-000274 от 05.07.2024 10:46:09;;;;;;6 500,000;;500,000;6 000,000
Отпуск в отделение 0000-000287 от 15.07.2024 10:08:21;;;;;;6 000,000;;300,000;5 700,000
Отпуск в отделение 0000-000295 от 17.07.2024 11:39:22;;;;;;5 700,000;;500,000;5 200,000
Отпуск в отделение 0000-000297 от 17.07.2024 15:45:02;;;;;;5 200,000;;500,000;4 700,000
Отпуск в отделение 0000-000310 от 29.07.2024 11:47:29;;;;;;4 700,000;;500,000;4 200,000
Отпуск в отделение 0000-000315 от 02.08.2024 16:48:46;;;;;;4 200,000;;500,000;3 700,000
Поступление товаров 0000-000064 от 02.08.2024 17:26:30;;;;;;3 700,000;12 500,000;;16 200,000
Отпуск в отделение 0000-000319 от 05.08.2024 13:43:28;;;;;;16 200,000;;500,000;15 700,000
Отпуск в отделение 0000-000322 от 07.08.2024 13:24:49;;;;;;15 700,000;;300,000;15 400,000
Отпуск в отделение 0000-000327 от 12.08.2024 11:34:32;;;;;;15 400,000;;500,000;14 900,000
Отпуск в отделение 0000-000330 от 12.08.2024 14:40:56;;;;;;14 900,000;;500,000;14 400,000
Отпуск в отделение 0000-000352 от 26.08.2024 10:20:59;;;;;;14 400,000;;500,000;13 900,000
Отпуск в отделение 0000-000362 от 02.09.2024 11:34:19;;;;;;13 900,000;;500,000;13 400,000
Отпуск в отделение 0000-000363 от 02.09.2024 13:21:00;;;;;;13 400,000;;500,000;12 900,000
Отпуск в отделение 0000-000366 от 05.09.2024 15:31:33;;;;;;12 900,000;;1 000,000;11 900,000
Отпуск в отделение 0000-000374 от 11.09.2024 11:18:03;;;;;;11 900,000;;1 000,000;10 900,000
Отпуск в отделение 0000-000378 от 16.09.2024 10:35:31;;;;;;10 900,000;;300,000;10 600,000
Отпуск в отделение 0000-000401 от 08.10.2024 9:27:41;;;;;;10 600,000;;500,000;10 100,000
Отпуск в отделение 0000-000406 от 09.10.2024 10:42:08;;;;;;10 100,000;;500,000;9 600,000
Отпуск в отделение 0000-000408 от 11.10.2024 11:08:56;;;;;;9 600,000;;500,000;9 100,000
Отпуск в отделение 0000-000416 от 18.10.2024 11:09:16;;;;;;9 100,000;;500,000;8 600,000
Отпуск в отделение 0000-000419 от 21.10.2024 10:25:34;;;;;;8 600,000;;300,000;8 300,000
Отпуск в отделение 0000-000429 от 25.10.2024 9:39:33;;;;;;8 300,000;;500,000;7 800,000
Отпуск в отделение 0000-000432 от 28.10.2024 10:26:41;;;;;;7 800,000;;200,000;7 600,000
Отпуск в отделение 0000-000439 от 02.11.2024 14:28:46;;;;;;7 600,000;;500,000;7 100,000
Отпуск в отделение 0000-000442 от 05.11.2024 11:29:30;;;;;;7 100,000;;300,000;6 800,000
Отпуск в отделение 0000-000446 от 06.11.2024 11:30:40;;;;;;6 800,000;;500,000;6 300,000
Отпуск в отделение 0000-000447 от 06.11.2024 11:33:57;;;;;;6 300,000;;500,000;5 800,000
Отпуск в отделение 0000-000453 от 11.11.2024 10:49:28;;;;;;5 800,000;;500,000;5 300,000
Поступление товаров 0000-000094 от 13.11.2024 14:15:52;;;;;;5 300,000;12 500,000;;17 800,000
Отпуск в отделение 0000-000458 от 15.11.2024 10:55:52;;;;;;17 800,000;;500,000;17 300,000
Отпуск в отделение 0000-000461 от 18.11.2024 10:15:17;;;;;;17 300,000;;500,000;16 800,000
Отпуск в отделение 0000-000464 от 18.11.2024 11:55:07;;;;;;16 800,000;;200,000;16 600,000
Отпуск в отделение 0000-000466 от 20.11.2024 10:50:41;;;;;;16 600,000;;500,000;16 100,000
Отпуск в отделение 0000-000472 от 25.11.2024 9:48:13;;;;;;16 100,000;;200,000;15 900,000
Отпуск в отделение 0000-000481 от 28.11.2024 14:14:02;;;;;;15 900,000;;500,000;15 400,000
Отпуск в отделение 0000-000485 от 02.12.2024 10:16:42;;;;;;15 400,000;;300,000;15 100,000
Отпуск в отделение 0000-000497 от 06.12.2024 14:02:09;;;;;;15 100,000;;500,000;14 600,000
Отпуск в отделение 0000-000501 от 09.12.2024 13:15:38;;;;;;14 600,000;;200,000;14 400,000
Отпуск в отделение 0000-000504 от 10.12.2024 14:11:47;;;;;;14 400,000;;500,000;13 900,000
Отпуск в отделение 0000-000509 от 16.12.2024 9:44:18;;;;;;13 900,000;;300,000;13 600,000
Отпуск в отделение 0000-000514 от 18.12.2024 9:55:17;;;;;;13 600,000;;1 000,000;12 600,000
Отпуск в отделение 0000-000519 от 23.12.2024 15:19:50;;;;;;12 600,000;;600,000;12 000,000
Отпуск в отделение 0000-000524 от 25.12.2024 11:16:41;;;;;;12 000,000;;500,000;11 500,000
Отпуск в отделение 0000-000526 от 25.12.2024 16:38:01;;;;;;11 500,000;;1 500,000;10 000,000
Отпуск в отделение 0000-000528 от 26.12.2024 16:32:39;;;;;;10 000,000;;500,000;9 500,000
Мезатон, р-р д/ин. 10 мг/мл, амп. 1 мл, пач. картон. 10 04.23;;;;;амп. 1 мл;1380,00;;1 380,000;
20123 до 31.01.27, <партии не учитываются>;;;;;;1 380,000;;1 380,000;
Отпуск в отделение 0000-000043 от 07.02.2024 10:00:03;;;;;;1 380,000;;50,000;1 330,000
Отпуск в отделение 0000-000044 от 07.02.2024 10:46:01;;;;;;1 330,000;;30,000;1 300,000
Отпуск в отделение 0000-000060 от 19.02.2024 11:14:10;;;;;;1 300,000;;70,000;1 230,000
Отпуск в отделение 0000-000092 от 11.03.2024 10:50:43;;;;;;1 230,000;;100,000;1 130,000
Отпуск в отделение 0000-000104 от 18.03.2024 8:53:59;;;;;;1 130,000;;50,000;1 080,000
Отпуск в отделение 0000-000116 от 25.03.2024 11:39:14;;;;;;1 080,000;;30,000;1 050,000
Отпуск в отделение 0000-000126 от 02.04.2024 15:21:09;;;;;;1 050,000;;50,000;1 000,000
Отпуск в отделение 0000-000150 от 12.04.2024 9:48:40;;;;;;1 000,000;;50,000;950,000
Отпуск в отделение 0000-000153 от 15.04.2024 9:19:31;;;;;;950,000;;50,000;900,000
Отпуск в отделение 0000-000181 от 03.05.2024 13:17:20;;;;;;900,000;;100,000;800,000
Отпуск в отделение 0000-000214 от 23.05.2024 13:10:14;;;;;;800,000;;30,000;770,000
Отпуск в отделение 0000-000235 от 07.06.2024 14:26:49;;;;;;770,000;;50,000;720,000
Отпуск в отделение 0000-000245 от 18.06.2024 10:51:43;;;;;;720,000;;50,000;670,000
Отпуск в отделение 0000-000251 от 20.06.2024 9:03:18;;;;;;670,000;;90,000;580,000
Отпуск в отделение 0000-000257 от 21.06.2024 10:04:02;;;;;;580,000;;100,000;480,000
Отпуск в отделение 0000-000259 от 24.06.2024 11:19:16;;;;;;480,000;;30,000;450,000
Отпуск в отделение 0000-000275 от 05.07.2024 10:53:58;;;;;;450,000;;50,000;400,000
Отпуск в отделение 0000-000288 от 15.07.2024 10:19:45;;;;;;400,000;;50,000;350,000
Отпуск в отделение 0000-000294 от 17.07.2024 10:55:10;;;;;;350,000;;50,000;300,000
Отпуск в отделение 0000-000296 от 17.07.2024 11:41:19;;;;;;300,000;;100,000;200,000
Отпуск в отделение 0000-000316 от 05.08.2024 11:01:37;;;;;;200,000;;100,000;100,000
Отпуск в отделение 0000-000331 от 12.08.2024 14:45:46;;;;;;100,000;;100,000;
Мексицинат Органика, р-р для в/в и в/м введ. 50 мг/мл, амп. 5 мл, пач. картон. 10;;;;;амп. 5 мл;;6 000,000;1 330,000;4 670,000
20124 до 31.01.27, <партии не учитываются>;;;;;;;6 000,000;1 330,000;4 670,000
Поступление товаров 0000-000079 от 05.09.2024 15:50:11;;;;;;;6 000,000;;6 000,000
Отпуск в отделение 0000-000377 от 16.09.2024 10:13:06;;;;;;6 000,000;;50,000;5 950,000
Отпуск в отделение 0000-000380 от 18.09.2024 9:46:46;;;;;;5 950,000;;100,000;5 850,000
Отпуск в отделение 0000-000382 от 19.09.2024 8:21:45;;;;;;5 850,000;;40,000;5 810,000
Отпуск в отделение 0000-000388 от 23.09.2024 11:04:17;;;;;;5 810,000;;100,000;5 710,000
Отпуск в отделение 0000-000409 от 11.10.2024 11:13:14;;;;;;5 710,000;;100,000;5 610,000
Отпуск в отделение 0000-000436 от 01.11.2024 13:39:05;;;;;;5 610,000;;100,000;5 510,000
Отпуск в отделение 0000-000440 от 05.11.2024 9:29:38;;;;;;5 510,000;;50,000;5 460,000
Отпуск в отделение 0000-000444 от 06.11.2024 8:43:10;;;;;;5 460,000;;100,000;5 360,000
Отпуск в отделение 0000-000460 от 18.11.2024 10:02:14;;;;;;5 360,000;;50,000;5 310,000
Отпуск в отделение 0000-000486 от 03.12.2024 10:51:10;;;;;;5 310,000;;80,000;5 230,000
Отпуск в отделение 0000-000494 от 05.12.2024 9:11:13;;;;;;5 230,000;;100,000;5 130,000
Отпуск в отделение 0000-000495 от 06.12.2024 11:07:16;;;;;;5 130,000;;100,000;5 030,000
Отпуск в отделение 0000-000507 от 13.12.2024 13:28:27;;;;;;5 030,000;;30,000;5 000,000
Отпуск в отделение 0000-000522 от 24.12.2024 15:26:22;;;;;;5 000,000;;80,000;4 920,000
Отпуск в отделение 0000-000527 от 26.12.2024 8:58:42;;;;;;4 920,000;;50,000;4 870,000
Отпуск в отделение 0000-000531 от 27.12.2024 13:33:59;;;;;;4 870,000;;200,000;4 670,000
Метоклопрамид-Эском, р-р для в/в и в/м введ. 5 мг/мл, амп. 2 мл, пач. картон. 10 12.23;;;;;амп. 2 мл;9230,00;;9 230,000;
060923 до 30.09.25, <партии не учитываются>;;;;;;9 230,000;;9 230,000;
Отпуск в отделение 0000-000017 от 16.01.2024 15:20:56;;;;;;9 230,000;;150,000;9 080,000
Отпуск в отделение 0000-000019 от 17.01.2024 10:01:43;;;;;;9 080,000;;100,000;8 980,000
Отпуск в отделение 0000-000022 от 22.01.2024 8:59:29;;;;;;8 980,000;;100,000;8 880,000
Отпуск в отделение 0000-000025 от 22.01.2024 10:27:48;;;;;;8 880,000;;100,000;8 780,000
Отпуск в отделение 0000-000032 от 29.01.2024 10:15:01;;;;;;8 780,000;;100,000;8 680,000
Отпуск в отделение 0000-000037 от 02.02.2024 11:11:51;;;;;;8 680,000;;50,000;8 630,000
Отпуск в отделение 0000-000040 от 05.02.2024 10:54:32;;;;;;8 630,000;;400,000;8 230,000
Отпуск в отделение 0000-000044 от 07.02.2024 10:46:01;;;;;;8 230,000;;100,000;8 130,000
Отпуск в отделение 0000-000052 от 12.02.2024 10:08:46;;;;;;8 130,000;;100,000;8 030,000
Отпуск в отделение 0000-000062 от 20.02.2024 14:30:18;;;;;;8 030,000;;100,000;7 930,000
Отпуск в отделение 0000-000066 от 21.02.2024 10:30:11;;;;;;7 930,000;;100,000;7 830,000
Отпуск в отделение 0000-000084 от 06.03.2024 9:46:40;;;;;;7 830,000;;100,000;7 730,000
Отпуск в отделение 0000-000085 от 06.03.2024 10:08:58;;;;;;7 730,000;;200,000;7 530,000
Отпуск в отделение 0000-000089 от 11.03.2024 10:19:11;;;;;;7 530,000;;100,000;7 430,000
Отпуск в отделение 0000-000097 от 13.03.2024 9:48:46;;;;;;7 430,000;;100,000;7 330,000
Отпуск в отделение 0000-000103 от 15.03.2024 13:03:19;;;;;;7 330,000;;100,000;7 230,000
Отпуск в отделение 0000-000104 от 18.03.2024 8:53:59;;;;;;7 230,000;;100,000;7 130,000
Отпуск в отделение 0000-000108 от 21.03.2024 8:15:48;;;;;;7 130,000;;50,000;7 080,000
Отпуск в отделение 0000-000112 от 22.03.2024 13:16:04;;;;;;7 080,000;;50,000;7 030,000
Отпуск в отделение 0000-000116 от 25.03.2024 11:39:14;;;;;;7 030,000;;50,000;6 980,000
Отпуск в отделение 0000-000119 от 27.03.2024 10:43:22;;;;;;6 980,000;;100,000;6 880,000
Отпуск в отделение 0000-000121 от 01.04.2024 10:10:51;;;;;;6 880,000;;100,000;6 780,000
Отпуск в отделение 0000-000126 от 02.04.2024 15:21:09;;;;;;6 780,000;;100,000;6 680,000
Отпуск в отделение 0000-000136 от 08.04.2024 10:40:04;;;;;;6 680,000;;50,000;6 630,000
Отпуск в отделение 0000-000153 от 15.04.2024 9:19:31;;;;;;6 630,000;;100,000;6 530,000
Отпуск в отделение 0000-000157 от 15.04.2024 10:38:21;;;;;;6 530,000;;100,000;6 430,000
Отпуск в отделение 0000-000159 от 17.04.2024 9:05:57;;;;;;6 430,000;;50,000;6 380,000
Отпуск в отделение 0000-000163 от 19.04.2024 9:15:21;;;;;;6 380,000;;100,000;6 280,000
Отпуск в отделение 0000-000165 от 22.04.2024 10:49:17;;;;;;6 280,000;;50,000;6 230,000
Отпуск в отделение 0000-000175 от 26.04.2024 10:21:39;;;;;;6 230,000;;100,000;6 130,000
Отпуск в отделение 0000-000181 от 03.05.2024 13:17:20;;;;;;6 130,000;;100,000;6 030,000
Отпуск в отделение 0000-000183 от 06.05.2024 9:17:42;;;;;;6 030,000;;100,000;5 930,000
Отпуск в отделение 0000-000188 от 06.05.2024 11:41:10;;;;;;5 930,000;;100,000;5 830,000
Отпуск в отделение 0000-000190 от 07.05.2024 11:06:49;;;;;;5 830,000;;150,000;5 680,000
Отпуск в отделение 0000-000197 от 15.05.2024 11:42:38;;;;;;5 680,000;;200,000;5 480,000
Отпуск в отделение 0000-000214 от 23.05.2024 13:10:14;;;;;;5 480,000;;50,000;5 430,000
Отпуск в отделение 0000-000220 от 27.05.2024 10:15:42;;;;;;5 430,000;;50,000;5 380,000
Отпуск в отделение 0000-000227 от 03.06.2024 9:38:13;;;;;;5 380,000;;250,000;5 130,000
Отпуск в отделение 0000-000233 от 04.06.2024 14:07:33;;;;;;5 130,000;;80,000;5 050,000
Отпуск в отделение 0000-000237 от 10.06.2024 9:49:51;;;;;;5 050,000;;100,000;4 950,000
Отпуск в отделение 0000-000242 от 10.06.2024 11:05:29;;;;;;4 950,000;;100,000;4 850,000
Отпуск в отделение 0000-000243 от 14.06.2024 11:14:03;;;;;;4 850,000;;50,000;4 800,000
Отпуск в отделение 0000-000251 от 20.06.2024 9:03:18;;;;;;4 800,000;;200,000;4 600,000
Отпуск в отделение 0000-000257 от 21.06.2024 10:04:02;;;;;;4 600,000;;100,000;4 500,000
Отпуск в отделение 0000-000267 от 01.07.2024 9:04:14;;;;;;4 500,000;;200,000;4 300,000
Отпуск в отделение 0000-000270 от 01.07.2024 9:53:08;;;;;;4 300,000;;100,000;4 200,000
Отпуск в отделение 0000-000275 от 05.07.2024 10:53:58;;;;;;4 200,000;;100,000;4 100,000
Отпуск в отделение 0000-000279 от 08.07.2024 10:11:33;;;;;;4 100,000;;150,000;3 950,000
Отпуск в отделение 0000-000283 от 12.07.2024 10:53:59;;;;;;3 950,000;;100,000;3 850,000
Отпуск в отделение 0000-000288 от 15.07.2024 10:19:45;;;;;;3 850,000;;200,000;3 650,000
Отпуск в отделение 0000-000293 от 17.07.2024 9:59:13;;;;;;3 650,000;;100,000;3 550,000
Отпуск в отделение 0000-000306 от 26.07.2024 9:58:17;;;;;;3 550,000;;100,000;3 450,000
Отпуск в отделение 0000-000316 от 05.08.2024 11:01:37;;;;;;3 450,000;;100,000;3 350,000
Отпуск в отделение 0000-000321 от 07.08.2024 11:08:47;;;;;;3 350,000;;100,000;3 250,000
Отпуск в отделение 0000-000323 от 07.08.2024 13:27:34;;;;;;3 250,000;;100,000;3 150,000
Отпуск в отделение 0000-000326 от 09.08.2024 11:03:19;;;;;;3 150,000;;50,000;3 100,000
Отпуск в отделение 0000-000328 от 12.08.2024 11:39:14;;;;;;3 100,000;;100,000;3 000,000
Отпуск в отделение 0000-000335 от 14.08.2024 10:08:22;;;;;;3 000,000;;100,000;2 900,000
Отпуск в отделение 0000-000340 от 19.08.2024 9:06:52;;;;;;2 900,000;;100,000;2 800,000
Отпуск в отделение 0000-000344 от 19.08.2024 10:12:36;;;;;;2 800,000;;200,000;2 600,000
Отпуск в отделение 0000-000346 от 22.08.2024 11:21:57;;;;;;2 600,000;;50,000;2 550,000
Отпуск в отделение 0000-000354 от 26.08.2024 10:26:30;;;;;;2 550,000;;50,000;2 500,000
Отпуск в отделение 0000-000356 от 28.08.2024 10:51:39;;;;;;2 500,000;;200,000;2 300,000
Отпуск в отделение 0000-000360 от 02.09.2024 9:34:07;;;;;;2 300,000;;100,000;2 200,000
Отпуск в отделение 0000-000365 от 05.09.2024 13:17:07;;;;;;2 200,000;;250,000;1 950,000
Отпуск в отделение 0000-000370 от 09.09.2024 10:15:29;;;;;;1 950,000;;150,000;1 800,000
Отпуск в отделение 0000-000377 от 16.09.2024 10:13:06;;;;;;1 800,000;;150,000;1 650,000
Отпуск в отделение 0000-000380 от 18.09.2024 9:46:46;;;;;;1 650,000;;200,000;1 450,000
Отпуск в отделение 0000-000388 от 23.09.2024 11:04:17;;;;;;1 450,000;;50,000;1 400,000
Отпуск в отделение 0000-000398 от 02.10.2024 10:58:02;;;;;;1 400,000;;50,000;1 350,000
Отпуск в отделение 0000-000400 от 04.10.2024 10:35:07;;;;;;1 350,000;;100,000;1 250,000
Отпуск в отделение 0000-000407 от 10.10.2024 10:54:04;;;;;;1 250,000;;100,000;1 150,000
Отпуск в отделение 0000-000411 от 14.10.2024 10:47:19;;;;;;1 150,000;;100,000;1 050,000
Отпуск в отделение 0000-000413 от 14.10.2024 11:10:06;;;;;;1 050,000;;100,000;950,000
Отпуск в отделение 0000-000420 от 21.10.2024 10:57:24;;;;;;950,000;;200,000;750,000
Отпуск в отделение 0000-000424 от 23.10.2024 10:24:22;;;;;;750,000;;200,000;550,000
Отпуск в отделение 0000-000436 от 01.11.2024 13:39:05;;;;;;550,000;;100,000;450,000
Отпуск в отделение 0000-000440 от 05.11.2024 9:29:38;;;;;;450,000;;100,000;350,000
Отпуск в отделение 0000-000444 от 06.11.2024 8:43:10;;;;;;350,000;;100,000;250,000
Отпуск в отделение 0000-000454 от 11.11.2024 10:54:33;;;;;;250,000;;50,000;200,000
Отпуск в отделение 0000-000460 от 18.11.2024 10:02:14;;;;;;200,000;;100,000;100,000
Отпуск в отделение 0000-000462 от 18.11.2024 10:23:59;;;;;;100,000;;100,000;
Метоклопрамид, р-р для в/в и в/м введ. 5 мг/мл, амп. 2 мл, пач. картон. 10 Биохимик 11.24;;;;;амп. 2 мл;;2 000,000;1 750,000;250,000
261024 до 31.10.29, <партии не учитываются>;;;;;;;2 000,000;1 750,000;250,000
Поступление товаров 0000-000100 от 27.11.2024 15:02:10;;;;;;;2 000,000;;2 000,000
Отпуск в отделение 0000-000479 от 28.11.2024 10:45:08;;;;;;2 000,000;;100,000;1 900,000
Отпуск в отделение 0000-000483 от 02.12.2024 9:12:54;;;;;;1 900,000;;100,000;1 800,000
Отпуск в отделение 0000-000492 от 04.12.2024 15:36:06;;;;;;1 800,000;;150,000;1 650,000
Отпуск в отделение 0000-000495 от 06.12.2024 11:07:16;;;;;;1 650,000;;100,000;1 550,000
Отпуск в отделение 0000-000502 от 10.12.2024 11:09:59;;;;;;1 550,000;;100,000;1 450,000
Отпуск в отделение 0000-000507 от 13.12.2024 13:28:27;;;;;;1 450,000;;200,000;1 250,000
Отпуск в отделение 0000-000511 от 17.12.2024 14:38:17;;;;;;1 250,000;;250,000;1 000,000
Отпуск в отделение 0000-000518 от 23.12.2024 13:51:58;;;;;;1 000,000;;200,000;800,000
Отпуск в отделение 0000-000520 от 24.12.2024 10:56:12;;;;;;800,000;;100,000;700,000
Отпуск в отделение 0000-000522 от 24.12.2024 15:26:22;;;;;;700,000;;150,000;550,000
Отпуск в отделение 0000-000531 от 27.12.2024 13:33:59;;;;;;550,000;;300,000;250,000
Метопролол-Арзу, р-р для в/в введ. 1 мг/мл, амп. 5 мл, пач. картон. 10 08.24;;;;;амп. 5 мл;;350,000;200,000;150,000
030822 до 01.09.25, <партии не учитываются>;;;;;;;350,000;200,000;150,000
Поступление товаров 0000-000059 от 02.08.2024 17:02:19;;;;;;;350,000;;350,000
Отпуск в отделение 0000-000323 от 07.08.2024 13:27:34;;;;;;350,000;;50,000;300,000
Отпуск в отделение 0000-000438 от 02.11.2024 14:01:12;;;;;;300,000;;20,000;280,000
Отпуск в отделение 0000-000456 от 13.11.2024 10:55:45;;;;;;280,000;;50,000;230,000
Отпуск в отделение 0000-000499 от 09.12.2024 10:48:28;;;;;;230,000;;30,000;200,000
Отпуск в отделение 0000-000531 от 27.12.2024 13:33:59;;;;;;200,000;;50,000;150,000
Метопролол, р-р для в/в введ. 1 мг/мл, амп. 5 мл, пач. картон. 5  Озон, 04.24;;;;;амп. 5 мл;;270,000;270,000;
041023 до 30.09.26, <партии не учитываются>;;;;;;;270,000;270,000;
Поступление товаров 0000-000026 от 18.04.2024 9:19:54;;;;;;;270,000;;270,000
Отпуск в отделение 0000-000163 от 19.04.2024 9:15:21;;;;;;270,000;;50,000;220,000
Отпуск в отделение 0000-000189 от 06.05.2024 15:23:59;;;;;;220,000;;50,000;170,000
Отпуск в отделение 0000-000194 от 08.05.2024 12:16:38;;;;;;170,000;;50,000;120,000
Отпуск в отделение 0000-000242 от 10.06.2024 11:05:29;;;;;;120,000;;30,000;90,000
Отпуск в отделение 0000-000276 от 05.07.2024 11:22:28;;;;;;90,000;;50,000;40,000
Отпуск в отделение 0000-000395 от 01.10.2024 10:34:02;;;;;;40,000;;15,000;25,000
Отпуск в отделение 0000-000402 от 08.10.2024 9:37:04;;;;;;25,000;;25,000;
Метронидазол, р-р д/инф. 500 мг/100 мл, фл. 100 мл, пач. картон. 1  10.2024;;;;;фл. 100 мл;;25,000;25,000;
DE40276 до 30.04.27, <партии не учитываются>;;;;;;;25,000;25,000;
Поступление товаров 0000-000086 от 15.10.2024 10:47:52;;;;;;;25,000;;25,000
Отпуск в отделение 0000-000431 от 28.10.2024 9:36:38;;;;;;25,000;;25,000;
Милдронат, р-р для в/в в/м и парабульб. введ. 100 мг/мл, амп. 5 мл, пач. картон. 10  10.2024;;;;;амп. 5 мл;;20,000;20,000;
510423 до 30.04.28, <партии не учитываются>;;;;;;;20,000;20,000;
Поступление товаров 0000-000086 от 15.10.2024 10:47:52;;;;;;;20,000;;20,000
Отпуск в отделение 0000-000431 от 28.10.2024 9:36:38;;;;;;20,000;;20,000;
Моксонидин-СЗ, табл. п.п.о. 0.2 мг, бл. 30, пач. картон. 2 Северная звезда 04.23;;;;;шт;6360,00;;6 360,000;
440922 до 31.08.25, <партии не учитываются>;;;;;;6 360,000;;6 360,000;
Отпуск в отделение 0000-000005 от 09.01.2024 11:47:30;;;;;;6 360,000;;600,000;5 760,000
Отпуск в отделение 0000-000017 от 16.01.2024 15:20:56;;;;;;5 760,000;;300,000;5 460,000
Отпуск в отделение 0000-000022 от 22.01.2024 8:59:29;;;;;;5 460,000;;600,000;4 860,000
Отпуск в отделение 0000-000040 от 05.02.2024 10:54:32;;;;;;4 860,000;;600,000;4 260,000
Отпуск в отделение 0000-000044 от 07.02.2024 10:46:01;;;;;;4 260,000;;600,000;3 660,000
Отпуск в отделение 0000-000047 от 07.02.2024 13:06:21;;;;;;3 660,000;;240,000;3 420,000
Отпуск в отделение 0000-000052 от 12.02.2024 10:08:46;;;;;;3 420,000;;600,000;2 820,000
Отпуск в отделение 0000-000060 от 19.02.2024 11:14:10;;;;;;2 820,000;;600,000;2 220,000
Отпуск в отделение 0000-000063 от 21.02.2024 9:44:05;;;;;;2 220,000;;600,000;1 620,000
Отпуск в отделение 0000-000066 от 21.02.2024 10:30:11;;;;;;1 620,000;;600,000;1 020,000
Отпуск в отделение 0000-000073 от 26.02.2024 10:35:14;;;;;;1 020,000;;600,000;420,000
Отпуск в отделение 0000-000076 от 01.03.2024 10:38:57;;;;;;420,000;;420,000;
Моксонидин, табл. п.п.о. 0.2 мг, бл. 14, пач. картон. 1 Озон;;;;;шт;;42 000,000;24 234,000;17 766,000
040124 до 31.12.26, <партии не учитываются>;;;;;;;42 000,000;24 234,000;17 766,000
Поступление товаров 0000-000024 от 12.04.2024 14:30:19;;;;;;;42 000,000;;42 000,000
Отпуск в отделение 0000-000153 от 15.04.2024 9:19:31;;;;;;42 000,000;;588,000;41 412,000
Отпуск в отделение 0000-000157 от 15.04.2024 10:38:21;;;;;;41 412,000;;280,000;41 132,000
Отпуск в отделение 0000-000159 от 17.04.2024 9:05:57;;;;;;41 132,000;;560,000;40 572,000
Отпуск в отделение 0000-000161 от 17.04.2024 10:12:19;;;;;;40 572,000;;140,000;40 432,000
Отпуск в отделение 0000-000165 от 22.04.2024 10:49:17;;;;;;40 432,000;;588,000;39 844,000
Отпуск в отделение 0000-000168 от 23.04.2024 10:22:26;;;;;;39 844,000;;280,000;39 564,000
Отпуск в отделение 0000-000169 от 24.04.2024 9:37:10;;;;;;39 564,000;;280,000;39 284,000
Отпуск в отделение 0000-000175 от 26.04.2024 10:21:39;;;;;;39 284,000;;140,000;39 144,000
Отпуск в отделение 0000-000181 от 03.05.2024 13:17:20;;;;;;39 144,000;;280,000;38 864,000
Отпуск в отделение 0000-000183 от 06.05.2024 9:17:42;;;;;;38 864,000;;588,000;38 276,000
Отпуск в отделение 0000-000184 от 06.05.2024 10:38:18;;;;;;38 276,000;;280,000;37 996,000
Отпуск в отделение 0000-000190 от 07.05.2024 11:06:49;;;;;;37 996,000;;140,000;37 856,000
Отпуск в отделение 0000-000192 от 08.05.2024 10:45:30;;;;;;37 856,000;;280,000;37 576,000
Отпуск в отделение 0000-000200 от 17.05.2024 9:57:13;;;;;;37 576,000;;140,000;37 436,000
Отпуск в отделение 0000-000205 от 20.05.2024 13:40:22;;;;;;37 436,000;;280,000;37 156,000
Отпуск в отделение 0000-000213 от 22.05.2024 9:22:30;;;;;;37 156,000;;280,000;36 876,000
Отпуск в отделение 0000-000214 от 23.05.2024 13:10:14;;;;;;36 876,000;;210,000;36 666,000
Отпуск в отделение 0000-000217 от 24.05.2024 10:03:37;;;;;;36 666,000;;140,000;36 526,000
Отпуск в отделение 0000-000224 от 29.05.2024 10:48:28;;;;;;36 526,000;;140,000;36 386,000
Отпуск в отделение 0000-000227 от 03.06.2024 9:38:13;;;;;;36 386,000;;280,000;36 106,000
Отпуск в отделение 0000-000233 от 04.06.2024 14:07:33;;;;;;36 106,000;;140,000;35 966,000
Отпуск в отделение 0000-000242 от 10.06.2024 11:05:29;;;;;;35 966,000;;140,000;35 826,000
Отпуск в отделение 0000-000245 от 18.06.2024 10:51:43;;;;;;35 826,000;;280,000;35 546,000
Отпуск в отделение 0000-000248 от 18.06.2024 13:15:26;;;;;;35 546,000;;140,000;35 406,000
Отпуск в отделение 0000-000251 от 20.06.2024 9:03:18;;;;;;35 406,000;;280,000;35 126,000
Отпуск в отделение 0000-000257 от 21.06.2024 10:04:02;;;;;;35 126,000;;280,000;34 846,000
Отпуск в отделение 0000-000259 от 24.06.2024 11:19:16;;;;;;34 846,000;;280,000;34 566,000
Отпуск в отделение 0000-000265 от 27.06.2024 10:15:05;;;;;;34 566,000;;140,000;34 426,000
Отпуск в отделение 0000-000267 от 01.07.2024 9:04:14;;;;;;34 426,000;;560,000;33 866,000
Отпуск в отделение 0000-000271 от 03.07.2024 9:32:38;;;;;;33 866,000;;280,000;33 586,000
Отпуск в отделение 0000-000276 от 05.07.2024 11:22:28;;;;;;33 586,000;;280,000;33 306,000
Отпуск в отделение 0000-000281 от 10.07.2024 10:13:12;;;;;;33 306,000;;280,000;33 026,000
Отпуск в отделение 0000-000288 от 15.07.2024 10:19:45;;;;;;33 026,000;;140,000;32 886,000
Отпуск в отделение 0000-000294 от 17.07.2024 10:55:10;;;;;;32 886,000;;280,000;32 606,000
Отпуск в отделение 0000-000296 от 17.07.2024 11:41:19;;;;;;32 606,000;;280,000;32 326,000
Отпуск в отделение 0000-000306 от 26.07.2024 9:58:17;;;;;;32 326,000;;140,000;32 186,000
Отпуск в отделение 0000-000309 от 29.07.2024 10:50:02;;;;;;32 186,000;;280,000;31 906,000
Отпуск в отделение 0000-000314 от 02.08.2024 14:51:50;;;;;;31 906,000;;140,000;31 766,000
Отпуск в отделение 0000-000321 от 07.08.2024 11:08:47;;;;;;31 766,000;;210,000;31 556,000
Отпуск в отделение 0000-000326 от 09.08.2024 11:03:19;;;;;;31 556,000;;140,000;31 416,000
Отпуск в отделение 0000-000331 от 12.08.2024 14:45:46;;;;;;31 416,000;;140,000;31 276,000
Отпуск в отделение 0000-000335 от 14.08.2024 10:08:22;;;;;;31 276,000;;280,000;30 996,000
Отпуск в отделение 0000-000340 от 19.08.2024 9:06:52;;;;;;30 996,000;;280,000;30 716,000
Отпуск в отделение 0000-000346 от 22.08.2024 11:21:57;;;;;;30 716,000;;280,000;30 436,000
Отпуск в отделение 0000-000349 от 23.08.2024 11:12:30;;;;;;30 436,000;;280,000;30 156,000
Отпуск в отделение 0000-000356 от 28.08.2024 10:51:39;;;;;;30 156,000;;280,000;29 876,000
Отпуск в отделение 0000-000360 от 02.09.2024 9:34:07;;;;;;29 876,000;;280,000;29 596,000
Отпуск в отделение 0000-000365 от 05.09.2024 13:17:07;;;;;;29 596,000;;140,000;29 456,000
Отпуск в отделение 0000-000368 от 09.09.2024 9:52:34;;;;;;29 456,000;;280,000;29 176,000
Отпуск в отделение 0000-000372 от 11.09.2024 10:22:00;;;;;;29 176,000;;280,000;28 896,000
Отпуск в отделение 0000-000377 от 16.09.2024 10:13:06;;;;;;28 896,000;;140,000;28 756,000
Отпуск в отделение 0000-000382 от 19.09.2024 8:21:45;;;;;;28 756,000;;280,000;28 476,000
Отпуск в отделение 0000-000385 от 20.09.2024 11:17:32;;;;;;28 476,000;;280,000;28 196,000
Отпуск в отделение 0000-000395 от 01.10.2024 10:34:02;;;;;;28 196,000;;140,000;28 056,000
Отпуск в отделение 0000-000400 от 04.10.2024 10:35:07;;;;;;28 056,000;;280,000;27 776,000
Отпуск в отделение 0000-000402 от 08.10.2024 9:37:04;;;;;;27 776,000;;280,000;27 496,000
Отпуск в отделение 0000-000407 от 10.10.2024 10:54:04;;;;;;27 496,000;;420,000;27 076,000
Отпуск в отделение 0000-000409 от 11.10.2024 11:13:14;;;;;;27 076,000;;280,000;26 796,000
Отпуск в отделение 0000-000413 от 14.10.2024 11:10:06;;;;;;26 796,000;;140,000;26 656,000
Отпуск в отделение 0000-000417 от 18.10.2024 11:13:47;;;;;;26 656,000;;280,000;26 376,000
Отпуск в отделение 0000-000420 от 21.10.2024 10:57:24;;;;;;26 376,000;;280,000;26 096,000
Отпуск в отделение 0000-000430 от 25.10.2024 9:45:24;;;;;;26 096,000;;280,000;25 816,000
Отпуск в отделение 0000-000436 от 01.11.2024 13:39:05;;;;;;25 816,000;;140,000;25 676,000
Отпуск в отделение 0000-000438 от 02.11.2024 14:01:12;;;;;;25 676,000;;280,000;25 396,000
Отпуск в отделение 0000-000440 от 05.11.2024 9:29:38;;;;;;25 396,000;;280,000;25 116,000
Отпуск в отделение 0000-000444 от 06.11.2024 8:43:10;;;;;;25 116,000;;420,000;24 696,000
Отпуск в отделение 0000-000445 от 06.11.2024 10:42:12;;;;;;24 696,000;;140,000;24 556,000
Отпуск в отделение 0000-000454 от 11.11.2024 10:54:33;;;;;;24 556,000;;280,000;24 276,000
Отпуск в отделение 0000-000457 от 15.11.2024 10:16:51;;;;;;24 276,000;;280,000;23 996,000
Отпуск в отделение 0000-000460 от 18.11.2024 10:02:14;;;;;;23 996,000;;140,000;23 856,000
Отпуск в отделение 0000-000462 от 18.11.2024 10:23:59;;;;;;23 856,000;;280,000;23 576,000
Отпуск в отделение 0000-000465 от 20.11.2024 9:29:48;;;;;;23 576,000;;280,000;23 296,000
Отпуск в отделение 0000-000475 от 25.11.2024 10:26:17;;;;;;23 296,000;;280,000;23 016,000
Отпуск в отделение 0000-000479 от 28.11.2024 10:45:08;;;;;;23 016,000;;280,000;22 736,000
Отпуск в отделение 0000-000483 от 02.12.2024 9:12:54;;;;;;22 736,000;;280,000;22 456,000
Отпуск в отделение 0000-000492 от 04.12.2024 15:36:06;;;;;;22 456,000;;140,000;22 316,000
Отпуск в отделение 0000-000495 от 06.12.2024 11:07:16;;;;;;22 316,000;;280,000;22 036,000
Отпуск в отделение 0000-000499 от 09.12.2024 10:48:28;;;;;;22 036,000;;280,000;21 756,000
Отпуск в отделение 0000-000502 от 10.12.2024 11:09:59;;;;;;21 756,000;;280,000;21 476,000
Отпуск в отделение 0000-000505 от 13.12.2024 9:22:52;;;;;;21 476,000;;140,000;21 336,000
Отпуск в отделение 0000-000507 от 13.12.2024 13:28:27;;;;;;21 336,000;;280,000;21 056,000
Отпуск в отделение 0000-000508 от 16.12.2024 9:25:15;;;;;;21 056,000;;280,000;20 776,000
Отпуск в отделение 0000-000510 от 17.12.2024 14:03:59;;;;;;20 776,000;;140,000;20 636,000
Отпуск в отделение 0000-000513 от 18.12.2024 9:09:40;;;;;;20 636,000;;280,000;20 356,000
Отпуск в отделение 0000-000516 от 20.12.2024 11:23:13;;;;;;20 356,000;;280,000;20 076,000
Отпуск в отделение 0000-000520 от 24.12.2024 10:56:12;;;;;;20 076,000;;280,000;19 796,000
Отпуск в отделение 0000-000522 от 24.12.2024 15:26:22;;;;;;19 796,000;;350,000;19 446,000
Отпуск в отделение 0000-000527 от 26.12.2024 8:58:42;;;;;;19 446,000;;280,000;19 166,000
Отпуск в отделение 0000-000531 от 27.12.2024 13:33:59;;;;;;19 166,000;;1 400,000;17 766,000
Морфин р-р 10 мг/мл, амп. 1 см3 (мл), пач. картон. 10;;;;;амп. 1 см3;80,00;620,000;600,000;100,000
110923 до 30.09.26, <партии не учитываются>;;;;;;;70,000;70,000;
Поступление товаров 0000-000080 от 06.09.2024 15:33:10;;;;;;;70,000;;70,000
Отпуск в отделение 0000-000393 от 30.09.2024 12:06:55;;;;;;70,000;;20,000;50,000
Отпуск в отделение 0000-000405 от 09.10.2024 9:50:56;;;;;;50,000;;20,000;30,000
Отпуск в отделение 0000-000418 от 18.10.2024 11:36:20;;;;;;30,000;;10,000;20,000
Отпуск в отделение 0000-000435 от 01.11.2024 11:39:35;;;;;;20,000;;20,000;
60423 до 31.03.26, <партии не учитываются>;;;;;;80,000;;80,000;
Отпуск в отделение 0000-000031 от 26.01.2024 13:27:55;;;;;;80,000;;10,000;70,000
Отпуск в отделение 0000-000036 от 02.02.2024 10:32:49;;;;;;70,000;;10,000;60,000
Отпуск в отделение 0000-000051 от 09.02.2024 10:48:58;;;;;;60,000;;10,000;50,000
Отпуск в отделение 0000-000053 от 12.02.2024 11:39:17;;;;;;50,000;;10,000;40,000
Отпуск в отделение 0000-000059 от 16.02.2024 11:38:34;;;;;;40,000;;10,000;30,000
Отпуск в отделение 0000-000071 от 26.02.2024 9:55:59;;;;;;30,000;;10,000;20,000
Отпуск в отделение 0000-000075 от 29.02.2024 9:43:58;;;;;;20,000;;20,000;
70623 до 30.06.26, <партии не учитываются>;;;;;;;350,000;350,000;
Поступление товаров 0000-000006 от 05.03.2024 14:51:15;;;;;;;100,000;;100,000
Отпуск в отделение 0000-000086 от 06.03.2024 11:12:26;;;;;;100,000;;10,000;90,000
Отпуск в отделение 0000-000101 от 15.03.2024 11:45:58;;;;;;90,000;;10,000;80,000
Отпуск в отделение 0000-000111 от 22.03.2024 11:04:02;;;;;;80,000;;20,000;60,000
Отпуск в отделение 0000-000120 от 29.03.2024 9:16:15;;;;;;60,000;;10,000;50,000
Поступление товаров 0000-000013 от 03.04.2024 8:30:11;;;;;;50,000;100,000;;150,000
Отпуск в отделение 0000-000134 от 05.04.2024 11:06:29;;;;;;150,000;;10,000;140,000
Отпуск в отделение 0000-000148 от 12.04.2024 9:36:13;;;;;;140,000;;10,000;130,000
Отпуск в отделение 0000-000155 от 15.04.2024 10:31:05;;;;;;130,000;;10,000;120,000
Отпуск в отделение 0000-000167 от 23.04.2024 10:18:44;;;;;;120,000;;10,000;110,000
Отпуск в отделение 0000-000174 от 26.04.2024 9:11:24;;;;;;110,000;;20,000;90,000
Отпуск в отделение 0000-000193 от 08.05.2024 12:12:48;;;;;;90,000;;20,000;70,000
Отпуск в отделение 0000-000219 от 24.05.2024 11:02:33;;;;;;70,000;;10,000;60,000
Отпуск в отделение 0000-000230 от 03.06.2024 11:47:48;;;;;;60,000;;10,000;50,000
Поступление товаров 0000-000047 от 07.06.2024 15:07:36;;;;;;50,000;50,000;;100,000
Отпуск в отделение 0000-000240 от 10.06.2024 10:42:57;;;;;;100,000;;10,000;90,000
Отпуск в отделение 0000-000254 от 21.06.2024 9:42:27;;;;;;90,000;;10,000;80,000
Отпуск в отделение 0000-000263 от 27.06.2024 9:58:41;;;;;;80,000;;10,000;70,000
Отпуск в отделение 0000-000273 от 05.07.2024 9:34:12;;;;;;70,000;;10,000;60,000
Отпуск в отделение 0000-000280 от 10.07.2024 10:07:50;;;;;;60,000;;20,000;40,000
Отпуск в отделение 0000-000299 от 19.07.2024 11:00:13;;;;;;40,000;;10,000;30,000
Отпуск в отделение 0000-000307 от 26.07.2024 10:44:41;;;;;;30,000;;10,000;20,000
Отпуск в отделение 0000-000311 от 29.07.2024 11:48:44;;;;;;20,000;;10,000;10,000
Поступление товаров 0000-000062 от 02.08.2024 17:19:58;;;;;;10,000;100,000;;110,000
Отпуск в отделение 0000-000338 от 16.08.2024 13:28:18;;;;;;110,000;;10,000;100,000
Отпуск в отделение 0000-000350 от 23.08.2024 11:38:39;;;;;;100,000;;10,000;90,000
Отпуск в отделение 0000-000355 от 28.08.2024 10:42:57;;;;;;90,000;;10,000;80,000
Отпуск в отделение 0000-000361 от 02.09.2024 10:35:09;;;;;;80,000;;10,000;70,000
Отпуск в отделение 0000-000373 от 11.09.2024 11:04:02;;;;;;70,000;;10,000;60,000
Отпуск в отделение 0000-000386 от 20.09.2024 11:24:48;;;;;;60,000;;10,000;50,000
Отпуск в отделение 0000-000448 от 08.11.2024 11:03:12;;;;;;50,000;;10,000;40,000
Отпуск в отделение 0000-000459 от 15.11.2024 10:57:47;;;;;;40,000;;10,000;30,000
Отпуск в отделение 0000-000469 от 20.11.2024 15:17:24;;;;;;30,000;;10,000;20,000
Отпуск в отделение 0000-000476 от 25.11.2024 10:34:51;;;;;;20,000;;10,000;10,000
Отпуск в отделение 0000-000482 от 28.11.2024 14:15:20;;;;;;10,000;;10,000;
80524 до 31.05.27, <партии не учитываются>;;;;;;;200,000;100,000;100,000
Поступление товаров 0000-000103 от 04.12.2024 15:21:14;;;;;;;200,000;;200,000
Отпуск в отделение 0000-000496 от 06.12.2024 13:43:57;;;;;;200,000;;10,000;190,000
Отпуск в отделение 0000-000503 от 10.12.2024 14:04:49;;;;;;190,000;;10,000;180,000
Отпуск в отделение 0000-000505 от 13.12.2024 9:22:52;;;;;;180,000;;10,000;170,000
Отпуск в отделение 0000-000510 от 17.12.2024 14:03:59;;;;;;170,000;;10,000;160,000
Отпуск в отделение 0000-000520 от 24.12.2024 10:56:12;;;;;;160,000;;10,000;150,000
Отпуск в отделение 0000-000532 от 27.12.2024 16:20:37;;;;;;150,000;;50,000;100,000
Мундштук для алкотектора одноразовый;;;;;шт;2 000,000;;;2 000,000
<серии не учитываются>, <партии не учитываются>;;;;;;2 000,000;;;2 000,000
Налоксон, р-р д/ин. 0.4 мг/мл, амп. 1 мл, пач. картон. 10 12.23;;;;;амп. 1 мл;1000,00;;270,000;730,000
20422 до 30.04.26, <партии не учитываются>;;;;;;1 000,000;;270,000;730,000
Отпуск в отделение 0000-000175 от 26.04.2024 10:21:39;;;;;;1 000,000;;50,000;950,000
Отпуск в отделение 0000-000251 от 20.06.2024 9:03:18;;;;;;950,000;;50,000;900,000
Отпуск в отделение 0000-000259 от 24.06.2024 11:19:16;;;;;;900,000;;20,000;880,000
Отпуск в отделение 0000-000372 от 11.09.2024 10:22:00;;;;;;880,000;;20,000;860,000
Отпуск в отделение 0000-000389 от 23.09.2024 11:28:55;;;;;;860,000;;50,000;810,000
Отпуск в отделение 0000-000492 от 04.12.2024 15:36:06;;;;;;810,000;;50,000;760,000
Отпуск в отделение 0000-000522 от 24.12.2024 15:26:22;;;;;;760,000;;30,000;730,000
Натрия хлорид р-р 9 мг/мл, конт. 200 см3 (мл), ящ. картон. 32 Мосф. 04.25;;;;;конт. 200 см3;288,000;;288,000;
0650922 до 20.09.27, <партии не учитываются>;;;;;;288,000;;288,000;
Отпуск в отделение 0000-000015 от 16.01.2024 14:31:19;;;;;;288,000;;64,000;224,000
Отпуск в отделение 0000-000017 от 16.01.2024 15:20:56;;;;;;224,000;;32,000;192,000
Отпуск в отделение 0000-000032 от 29.01.2024 10:15:01;;;;;;192,000;;32,000;160,000
Отпуск в отделение 0000-000037 от 02.02.2024 11:11:51;;;;;;160,000;;32,000;128,000
Отпуск в отделение 0000-000040 от 05.02.2024 10:54:32;;;;;;128,000;;32,000;96,000
Отпуск в отделение 0000-000042 от 07.02.2024 9:45:49;;;;;;96,000;;32,000;64,000
Отпуск в отделение 0000-000044 от 07.02.2024 10:46:01;;;;;;64,000;;32,000;32,000
Отпуск в отделение 0000-000050 от 09.02.2024 10:15:35;;;;;;32,000;;32,000;
Натрия хлорид, р-р д/ин. 0.9 %, амп. 10 мл, пач. картон. 10 Фармасинтез 04.24;;;;;амп. 10 мл;;80 400,000;32 130,000;48 270,000
1581123 до 30.11.28, <партии не учитываются>;;;;;;;6 320,000;6 320,000;
Поступление товаров 0000-000022 от 11.04.2024 15:58:28;;;;;;;6 320,000;;6 320,000
Отпуск в отделение 0000-000159 от 17.04.2024 9:05:57;;;;;;6 320,000;;410,000;5 910,000
Отпуск в отделение 0000-000169 от 24.04.2024 9:37:10;;;;;;5 910,000;;820,000;5 090,000
Отпуск в отделение 0000-000175 от 26.04.2024 10:21:39;;;;;;5 090,000;;420,000;4 670,000
Отпуск в отделение 0000-000184 от 06.05.2024 10:38:18;;;;;;4 670,000;;820,000;3 850,000
Отпуск в отделение 0000-000205 от 20.05.2024 13:40:22;;;;;;3 850,000;;820,000;3 030,000
Отпуск в отделение 0000-000214 от 23.05.2024 13:10:14;;;;;;3 030,000;;410,000;2 620,000
Отпуск в отделение 0000-000221 от 27.05.2024 11:10:05;;;;;;2 620,000;;410,000;2 210,000
Отпуск в отделение 0000-000224 от 29.05.2024 10:48:28;;;;;;2 210,000;;820,000;1 390,000
Отпуск в отделение 0000-000227 от 03.06.2024 9:38:13;;;;;;1 390,000;;410,000;980,000
Отпуск в отделение 0000-000237 от 10.06.2024 9:49:51;;;;;;980,000;;380,000;600,000
Отпуск в отделение 0000-000242 от 10.06.2024 11:05:29;;;;;;600,000;;410,000;190,000
Отпуск в отделение 0000-000245 от 18.06.2024 10:51:43;;;;;;190,000;;190,000;
1591123 до 30.11.28, <партии не учитываются>;;;;;;;20 480,000;20 480,000;
Поступление товаров 0000-000022 от 11.04.2024 15:58:28;;;;;;;20 480,000;;20 480,000
Отпуск в отделение 0000-000147 от 12.04.2024 8:30:22;;;;;;20 480,000;;2 050,000;18 430,000
Отпуск в отделение 0000-000150 от 12.04.2024 9:48:40;;;;;;18 430,000;;820,000;17 610,000
Отпуск в отделение 0000-000161 от 17.04.2024 10:12:19;;;;;;17 610,000;;410,000;17 200,000
Отпуск в отделение 0000-000165 от 22.04.2024 10:49:17;;;;;;17 200,000;;410,000;16 790,000
Отпуск в отделение 0000-000182 от 06.05.2024 8:58:10;;;;;;16 790,000;;820,000;15 970,000
Отпуск в отделение 0000-000188 от 06.05.2024 11:41:10;;;;;;15 970,000;;820,000;15 150,000
Отпуск в отделение 0000-000190 от 07.05.2024 11:06:49;;;;;;15 150,000;;410,000;14 740,000
Отпуск в отделение 0000-000243 от 14.06.2024 11:14:03;;;;;;14 740,000;;410,000;14 330,000
Отпуск в отделение 0000-000245 от 18.06.2024 10:51:43;;;;;;14 330,000;;220,000;14 110,000
Отпуск в отделение 0000-000251 от 20.06.2024 9:03:18;;;;;;14 110,000;;410,000;13 700,000
Отпуск в отделение 0000-000257 от 21.06.2024 10:04:02;;;;;;13 700,000;;820,000;12 880,000
Отпуск в отделение 0000-000259 от 24.06.2024 11:19:16;;;;;;12 880,000;;410,000;12 470,000
Отпуск в отделение 0000-000271 от 03.07.2024 9:32:38;;;;;;12 470,000;;820,000;11 650,000
Отпуск в отделение 0000-000276 от 05.07.2024 11:22:28;;;;;;11 650,000;;410,000;11 240,000
Отпуск в отделение 0000-000279 от 08.07.2024 10:11:33;;;;;;11 240,000;;820,000;10 420,000
Отпуск в отделение 0000-000283 от 12.07.2024 10:53:59;;;;;;10 420,000;;410,000;10 010,000
Отпуск в отделение 0000-000288 от 15.07.2024 10:19:45;;;;;;10 010,000;;820,000;9 190,000
Отпуск в отделение 0000-000293 от 17.07.2024 9:59:13;;;;;;9 190,000;;410,000;8 780,000
Отпуск в отделение 0000-000299 от 19.07.2024 11:00:13;;;;;;8 780,000;;410,000;8 370,000
Отпуск в отделение 0000-000309 от 29.07.2024 10:50:02;;;;;;8 370,000;;410,000;7 960,000
Отпуск в отделение 0000-000314 от 02.08.2024 14:51:50;;;;;;7 960,000;;410,000;7 550,000
Отпуск в отделение 0000-000326 от 09.08.2024 11:03:19;;;;;;7 550,000;;410,000;7 140,000
Отпуск в отделение 0000-000328 от 12.08.2024 11:39:14;;;;;;7 140,000;;410,000;6 730,000
Отпуск в отделение 0000-000331 от 12.08.2024 14:45:46;;;;;;6 730,000;;170,000;6 560,000
Отпуск в отделение 0000-000426 от 23.10.2024 10:47:42;;;;;;6 560,000;;410,000;6 150,000
Отпуск в отделение 0000-000433 от 28.10.2024 10:31:12;;;;;;6 150,000;;410,000;5 740,000
Отпуск в отделение 0000-000436 от 01.11.2024 13:39:05;;;;;;5 740,000;;410,000;5 330,000
Отпуск в отделение 0000-000440 от 05.11.2024 9:29:38;;;;;;5 330,000;;410,000;4 920,000
Отпуск в отделение 0000-000444 от 06.11.2024 8:43:10;;;;;;4 920,000;;410,000;4 510,000
Отпуск в отделение 0000-000448 от 08.11.2024 11:03:12;;;;;;4 510,000;;410,000;4 100,000
Отпуск в отделение 0000-000452 от 11.11.2024 10:25:38;;;;;;4 100,000;;410,000;3 690,000
Отпуск в отделение 0000-000457 от 15.11.2024 10:16:51;;;;;;3 690,000;;820,000;2 870,000
Отпуск в отделение 0000-000462 от 18.11.2024 10:23:59;;;;;;2 870,000;;410,000;2 460,000
Отпуск в отделение 0000-000465 от 20.11.2024 9:29:48;;;;;;2 460,000;;410,000;2 050,000
Отпуск в отделение 0000-000473 от 25.11.2024 9:50:22;;;;;;2 050,000;;410,000;1 640,000
Отпуск в отделение 0000-000479 от 28.11.2024 10:45:08;;;;;;1 640,000;;410,000;1 230,000
Отпуск в отделение 0000-000487 от 03.12.2024 11:22:36;;;;;;1 230,000;;410,000;820,000
Отпуск в отделение 0000-000492 от 04.12.2024 15:36:06;;;;;;820,000;;410,000;410,000
Отпуск в отделение 0000-000495 от 06.12.2024 11:07:16;;;;;;410,000;;410,000;
530224 до 28.02.29, <партии не учитываются>;;;;;;;26 800,000;410,000;26 390,000
Поступление товаров 0000-000070 от 07.08.2024 15:28:46;;;;;;;26 800,000;;26 800,000
Отпуск в отделение 0000-000430 от 25.10.2024 9:45:24;;;;;;26 800,000;;410,000;26 390,000
670324 до 28.02.29, <партии не учитываются>;;;;;;;4 750,000;4 750,000;
Поступление товаров 0000-000088 от 07.11.2024 10:44:16;;;;;;;4 750,000;;4 750,000
Отпуск в отделение 0000-000502 от 10.12.2024 11:09:59;;;;;;4 750,000;;410,000;4 340,000
Отпуск в отделение 0000-000507 от 13.12.2024 13:28:27;;;;;;4 340,000;;410,000;3 930,000
Отпуск в отделение 0000-000510 от 17.12.2024 14:03:59;;;;;;3 930,000;;410,000;3 520,000
Отпуск в отделение 0000-000511 от 17.12.2024 14:38:17;;;;;;3 520,000;;410,000;3 110,000
Отпуск в отделение 0000-000516 от 20.12.2024 11:23:13;;;;;;3 110,000;;410,000;2 700,000
Отпуск в отделение 0000-000518 от 23.12.2024 13:51:58;;;;;;2 700,000;;410,000;2 290,000
Отпуск в отделение 0000-000520 от 24.12.2024 10:56:12;;;;;;2 290,000;;410,000;1 880,000
Отпуск в отделение 0000-000529 от 27.12.2024 9:37:50;;;;;;1 880,000;;1 880,000;
680324 до 28.02.29, <партии не учитываются>;;;;;;;22 050,000;170,000;21 880,000
Поступление товаров 0000-000088 от 07.11.2024 10:44:16;;;;;;;22 050,000;;22 050,000
Отпуск в отделение 0000-000529 от 27.12.2024 9:37:50;;;;;;22 050,000;;170,000;21 880,000
Натрия хлорид, р-р д/инф. 0.9 %, бан. 200 мл, пач. картон. 28 ЭСКОМ;;;;;бан. 200 см3;;1 344,000;1 344,000;
5110723 до 31.07.26, <партии не учитываются>;;;;;;;840,000;840,000;
Поступление товаров 0000-000009 от 15.03.2024 11:42:40;;;;;;;840,000;;840,000
Отпуск в отделение 0000-000104 от 18.03.2024 8:53:59;;;;;;840,000;;56,000;784,000
Отпуск в отделение 0000-000108 от 21.03.2024 8:15:48;;;;;;784,000;;28,000;756,000
Отпуск в отделение 0000-000116 от 25.03.2024 11:39:14;;;;;;756,000;;28,000;728,000
Отпуск в отделение 0000-000119 от 27.03.2024 10:43:22;;;;;;728,000;;56,000;672,000
Отпуск в отделение 0000-000121 от 01.04.2024 10:10:51;;;;;;672,000;;56,000;616,000
Отпуск в отделение 0000-000130 от 03.04.2024 9:50:03;;;;;;616,000;;56,000;560,000
Отпуск в отделение 0000-000140 от 09.04.2024 11:08:04;;;;;;560,000;;28,000;532,000
Отпуск в отделение 0000-000159 от 17.04.2024 9:05:57;;;;;;532,000;;56,000;476,000
Отпуск в отделение 0000-000169 от 24.04.2024 9:37:10;;;;;;476,000;;56,000;420,000
Отпуск в отделение 0000-000181 от 03.05.2024 13:17:20;;;;;;420,000;;28,000;392,000
Отпуск в отделение 0000-000183 от 06.05.2024 9:17:42;;;;;;392,000;;28,000;364,000
Отпуск в отделение 0000-000190 от 07.05.2024 11:06:49;;;;;;364,000;;28,000;336,000
Отпуск в отделение 0000-000202 от 20.05.2024 9:36:32;;;;;;336,000;;56,000;280,000
Отпуск в отделение 0000-000213 от 22.05.2024 9:22:30;;;;;;280,000;;28,000;252,000
Отпуск в отделение 0000-000214 от 23.05.2024 13:10:14;;;;;;252,000;;28,000;224,000
Отпуск в отделение 0000-000220 от 27.05.2024 10:15:42;;;;;;224,000;;28,000;196,000
Отпуск в отделение 0000-000224 от 29.05.2024 10:48:28;;;;;;196,000;;28,000;168,000
Отпуск в отделение 0000-000227 от 03.06.2024 9:38:13;;;;;;168,000;;56,000;112,000
Отпуск в отделение 0000-000235 от 07.06.2024 14:26:49;;;;;;112,000;;28,000;84,000
Отпуск в отделение 0000-000237 от 10.06.2024 9:49:51;;;;;;84,000;;28,000;56,000
Отпуск в отделение 0000-000243 от 14.06.2024 11:14:03;;;;;;56,000;;28,000;28,000
Отпуск в отделение 0000-000245 от 18.06.2024 10:51:43;;;;;;28,000;;28,000;
5410723 до 31.07.26, <партии не учитываются>;;;;;;;504,000;504,000;
Поступление товаров 0000-000009 от 15.03.2024 11:42:40;;;;;;;504,000;;504,000
Отпуск в отделение 0000-000101 от 15.03.2024 11:45:58;;;;;;504,000;;56,000;448,000
Отпуск в отделение 0000-000137 от 08.04.2024 11:02:57;;;;;;448,000;;56,000;392,000
Отпуск в отделение 0000-000163 от 19.04.2024 9:15:21;;;;;;392,000;;28,000;364,000
Отпуск в отделение 0000-000184 от 06.05.2024 10:38:18;;;;;;364,000;;56,000;308,000
Отпуск в отделение 0000-000245 от 18.06.2024 10:51:43;;;;;;308,000;;28,000;280,000
Отпуск в отделение 0000-000249 от 19.06.2024 10:24:16;;;;;;280,000;;56,000;224,000
Отпуск в отделение 0000-000251 от 20.06.2024 9:03:18;;;;;;224,000;;28,000;196,000
Отпуск в отделение 0000-000259 от 24.06.2024 11:19:16;;;;;;196,000;;28,000;168,000
Отпуск в отделение 0000-000267 от 01.07.2024 9:04:14;;;;;;168,000;;56,000;112,000
Отпуск в отделение 0000-000275 от 05.07.2024 10:53:58;;;;;;112,000;;28,000;84,000
Отпуск в отделение 0000-000276 от 05.07.2024 11:22:28;;;;;;84,000;;28,000;56,000
Отпуск в отделение 0000-000288 от 15.07.2024 10:19:45;;;;;;56,000;;56,000;
Натрия хлорид, р-р д/инф. 0.9 %, бан. 200 мл, пач. картон. 28Мосфарм 05.24;;;;;бан. 200 см3;;4 284,000;2 884,000;1 400,000
0390324 до 31.03.29, <партии не учитываются>;;;;;;;1 456,000;196,000;1 260,000
Поступление товаров 0000-000038 от 29.05.2024 14:13:58;;;;;;;728,000;;728,000
Поступление товаров 0000-000039 от 31.05.2024 15:25:16;;;;;;728,000;728,000;;1 456,000
Отпуск в отделение 0000-000294 от 17.07.2024 10:55:10;;;;;;1 456,000;;56,000;1 400,000
Отпуск в отделение 0000-000349 от 23.08.2024 11:12:30;;;;;;1 400,000;;28,000;1 372,000
Отпуск в отделение 0000-000351 от 26.08.2024 9:57:40;;;;;;1 372,000;;28,000;1 344,000
Отпуск в отделение 0000-000365 от 05.09.2024 13:17:07;;;;;;1 344,000;;56,000;1 288,000
Отпуск в отделение 0000-000368 от 09.09.2024 9:52:34;;;;;;1 288,000;;28,000;1 260,000
0400324 до 31.03.29, <партии не учитываются>;;;;;;;2 324,000;2 184,000;140,000
Поступление товаров 0000-000038 от 29.05.2024 14:13:58;;;;;;;868,000;;868,000
Отпуск в отделение 0000-000225 от 29.05.2024 14:40:03;;;;;;868,000;;532,000;336,000
Поступление товаров 0000-000039 от 31.05.2024 15:25:16;;;;;;336,000;1 372,000;;1 708,000
Отпуск в отделение 0000-000296 от 17.07.2024 11:41:19;;;;;;1 708,000;;28,000;1 680,000
Отпуск в отделение 0000-000299 от 19.07.2024 11:00:13;;;;;;1 680,000;;28,000;1 652,000
Отпуск в отделение 0000-000302 от 22.07.2024 13:07:35;;;;;;1 652,000;;56,000;1 596,000
Отпуск в отделение 0000-000306 от 26.07.2024 9:58:17;;;;;;1 596,000;;28,000;1 568,000
Отпуск в отделение 0000-000314 от 02.08.2024 14:51:50;;;;;;1 568,000;;28,000;1 540,000
Отпуск в отделение 0000-000316 от 05.08.2024 11:01:37;;;;;;1 540,000;;84,000;1 456,000
Отпуск в отделение 0000-000321 от 07.08.2024 11:08:47;;;;;;1 456,000;;28,000;1 428,000
Поступление товаров 0000-000072 от 12.08.2024 14:32:10;;;;;;1 428,000;84,000;;1 512,000
Отпуск в отделение 0000-000335 от 14.08.2024 10:08:22;;;;;;1 512,000;;28,000;1 484,000
Отпуск в отделение 0000-000341 от 19.08.2024 10:02:10;;;;;;1 484,000;;28,000;1 456,000
Отпуск в отделение 0000-000382 от 19.09.2024 8:21:45;;;;;;1 456,000;;28,000;1 428,000
Отпуск в отделение 0000-000407 от 10.10.2024 10:54:04;;;;;;1 428,000;;56,000;1 372,000
Отпуск в отделение 0000-000415 от 16.10.2024 10:47:19;;;;;;1 372,000;;28,000;1 344,000
Отпуск в отделение 0000-000417 от 18.10.2024 11:13:47;;;;;;1 344,000;;56,000;1 288,000
Отпуск в отделение 0000-000420 от 21.10.2024 10:57:24;;;;;;1 288,000;;28,000;1 260,000
Отпуск в отделение 0000-000426 от 23.10.2024 10:47:42;;;;;;1 260,000;;28,000;1 232,000
Отпуск в отделение 0000-000430 от 25.10.2024 9:45:24;;;;;;1 232,000;;28,000;1 204,000
Отпуск в отделение 0000-000433 от 28.10.2024 10:31:12;;;;;;1 204,000;;28,000;1 176,000
Отпуск в отделение 0000-000443 от 06.11.2024 8:28:34;;;;;;1 176,000;;56,000;1 120,000
Отпуск в отделение 0000-000451 от 08.11.2024 15:19:40;;;;;;1 120,000;;28,000;1 092,000
Отпуск в отделение 0000-000454 от 11.11.2024 10:54:33;;;;;;1 092,000;;56,000;1 036,000
Отпуск в отделение 0000-000459 от 15.11.2024 10:57:47;;;;;;1 036,000;;56,000;980,000
Отпуск в отделение 0000-000463 от 18.11.2024 11:15:35;;;;;;980,000;;56,000;924,000
Отпуск в отделение 0000-000477 от 27.11.2024 13:06:55;;;;;;924,000;;56,000;868,000
Отпуск в отделение 0000-000483 от 02.12.2024 9:12:54;;;;;;868,000;;56,000;812,000
Отпуск в отделение 0000-000487 от 03.12.2024 11:22:36;;;;;;812,000;;28,000;784,000
Отпуск в отделение 0000-000492 от 04.12.2024 15:36:06;;;;;;784,000;;28,000;756,000
Отпуск в отделение 0000-000495 от 06.12.2024 11:07:16;;;;;;756,000;;28,000;728,000
Отпуск в отделение 0000-000499 от 09.12.2024 10:48:28;;;;;;728,000;;28,000;700,000
Отпуск в отделение 0000-000502 от 10.12.2024 11:09:59;;;;;;700,000;;56,000;644,000
Отпуск в отделение 0000-000505 от 13.12.2024 9:22:52;;;;;;644,000;;28,000;616,000
Отпуск в отделение 0000-000508 от 16.12.2024 9:25:15;;;;;;616,000;;28,000;588,000
Отпуск в отделение 0000-000513 от 18.12.2024 9:09:40;;;;;;588,000;;56,000;532,000
Отпуск в отделение 0000-000517 от 23.12.2024 11:26:55;;;;;;532,000;;28,000;504,000
Отпуск в отделение 0000-000518 от 23.12.2024 13:51:58;;;;;;504,000;;56,000;448,000
Отпуск в отделение 0000-000520 от 24.12.2024 10:56:12;;;;;;448,000;;56,000;392,000
Отпуск в отделение 0000-000521 от 24.12.2024 13:18:00;;;;;;392,000;;56,000;336,000
Отпуск в отделение 0000-000523 от 25.12.2024 10:47:34;;;;;;336,000;;56,000;280,000
Отпуск в отделение 0000-000531 от 27.12.2024 13:33:59;;;;;;280,000;;140,000;140,000
0410424 до 30.04.29, <партии не учитываются>;;;;;;;504,000;504,000;
Поступление товаров 0000-000072 от 12.08.2024 14:32:10;;;;;;;504,000;;504,000
Отпуск в отделение 0000-000329 от 12.08.2024 14:33:21;;;;;;504,000;;56,000;448,000
Отпуск в отделение 0000-000331 от 12.08.2024 14:45:46;;;;;;448,000;;28,000;420,000
Отпуск в отделение 0000-000355 от 28.08.2024 10:42:57;;;;;;420,000;;28,000;392,000
Отпуск в отделение 0000-000360 от 02.09.2024 9:34:07;;;;;;392,000;;56,000;336,000
Отпуск в отделение 0000-000372 от 11.09.2024 10:22:00;;;;;;336,000;;56,000;280,000
Отпуск в отделение 0000-000377 от 16.09.2024 10:13:06;;;;;;280,000;;28,000;252,000
Отпуск в отделение 0000-000388 от 23.09.2024 11:04:17;;;;;;252,000;;28,000;224,000
Отпуск в отделение 0000-000392 от 27.09.2024 10:45:06;;;;;;224,000;;56,000;168,000
Отпуск в отделение 0000-000400 от 04.10.2024 10:35:07;;;;;;168,000;;28,000;140,000
Отпуск в отделение 0000-000402 от 08.10.2024 9:37:04;;;;;;140,000;;56,000;84,000
Отпуск в отделение 0000-000436 от 01.11.2024 13:39:05;;;;;;84,000;;28,000;56,000
Отпуск в отделение 0000-000441 от 05.11.2024 11:19:00;;;;;;56,000;;28,000;28,000
Отпуск в отделение 0000-000443 от 06.11.2024 8:28:34;;;;;;28,000;;28,000;
Натрия хлорид, растворит. д/лек. форм д/ин. 0.9 %, амп. 10 мл № 10 Армавир.03.24;;;;;амп. 10 мл;;5 000,000;5 000,000;
010124 до 31.01.29, <партии не учитываются>;;;;;;;4 350,000;4 350,000;
Поступление товаров 0000-000008 от 11.03.2024 13:22:28;;;;;;;4 350,000;;4 350,000
Отпуск в отделение 0000-000094 от 11.03.2024 13:26:13;;;;;;4 350,000;;450,000;3 900,000
Отпуск в отделение 0000-000095 от 11.03.2024 13:38:14;;;;;;3 900,000;;1 300,000;2 600,000
Отпуск в отделение 0000-000098 от 13.03.2024 14:33:49;;;;;;2 600,000;;650,000;1 950,000
Отпуск в отделение 0000-000103 от 15.03.2024 13:03:19;;;;;;1 950,000;;650,000;1 300,000
Отпуск в отделение 0000-000104 от 18.03.2024 8:53:59;;;;;;1 300,000;;650,000;650,000
Отпуск в отделение 0000-000112 от 22.03.2024 13:16:04;;;;;;650,000;;650,000;
040124 до 31.01.29, <партии не учитываются>;;;;;;;650,000;650,000;
Поступление товаров 0000-000008 от 11.03.2024 13:22:28;;;;;;;650,000;;650,000
Отпуск в отделение 0000-000097 от 13.03.2024 9:48:46;;;;;;650,000;;650,000;
Натрия хлорид, растворит. д/лек. форм д/ин. 0.9 %, амп. 10 мл, пач. картон. 10 Эском Неро;;;;;амп. 10 мл;5800,00;;5 800,000;
090723 до 31.07.25, <партии не учитываются>;;;;;;5 800,000;;5 800,000;
Отпуск в отделение 0000-000008 от 12.01.2024 10:36:41;;;;;;5 800,000;;420,000;5 380,000
Отпуск в отделение 0000-000019 от 17.01.2024 10:01:43;;;;;;5 380,000;;1 260,000;4 120,000
Отпуск в отделение 0000-000022 от 22.01.2024 8:59:29;;;;;;4 120,000;;420,000;3 700,000
Отпуск в отделение 0000-000025 от 22.01.2024 10:27:48;;;;;;3 700,000;;420,000;3 280,000
Отпуск в отделение 0000-000032 от 29.01.2024 10:15:01;;;;;;3 280,000;;840,000;2 440,000
Отпуск в отделение 0000-000039 от 05.02.2024 10:20:27;;;;;;2 440,000;;840,000;1 600,000
Отпуск в отделение 0000-000042 от 07.02.2024 9:45:49;;;;;;1 600,000;;420,000;1 180,000
Отпуск в отделение 0000-000050 от 09.02.2024 10:15:35;;;;;;1 180,000;;420,000;760,000
Отпуск в отделение 0000-000052 от 12.02.2024 10:08:46;;;;;;760,000;;420,000;340,000
Отпуск в отделение 0000-000063 от 21.02.2024 9:44:05;;;;;;340,000;;200,000;140,000
Отпуск в отделение 0000-000066 от 21.02.2024 10:30:11;;;;;;140,000;;140,000;
Нитроспрей, спрей подъязычн. доз. 0.4 мг/доза, с нас.-распыл., 200 доз(а), 10 мл, N 1 Фармстандарт-Л;;;;;фл. п/пропилен. 10 мл;36,00;70,000;106,000;
441223 до 01.01.27, <партии не учитываются>;;;;;;;70,000;70,000;
Поступление товаров 0000-000018 от 09.04.2024 9:18:40;;;;;;;70,000;;70,000
Отпуск в отделение 0000-000139 от 09.04.2024 9:46:12;;;;;;70,000;;25,000;45,000
Отпуск в отделение 0000-000175 от 26.04.2024 10:21:39;;;;;;45,000;;10,000;35,000
Отпуск в отделение 0000-000227 от 03.06.2024 9:38:13;;;;;;35,000;;10,000;25,000
Отпуск в отделение 0000-000251 от 20.06.2024 9:03:18;;;;;;25,000;;10,000;15,000
Отпуск в отделение 0000-000259 от 24.06.2024 11:19:16;;;;;;15,000;;4,000;11,000
Отпуск в отделение 0000-000275 от 05.07.2024 10:53:58;;;;;;11,000;;4,000;7,000
Отпуск в отделение 0000-000346 от 22.08.2024 11:21:57;;;;;;7,000;;5,000;2,000
Отпуск в отделение 0000-000531 от 27.12.2024 13:33:59;;;;;;2,000;;2,000;
90323 до 01.04.26, <партии не учитываются>;;;;;;36,000;;36,000;
Отпуск в отделение 0000-000019 от 17.01.2024 10:01:43;;;;;;36,000;;5,000;31,000
Отпуск в отделение 0000-000058 от 16.02.2024 10:39:07;;;;;;31,000;;5,000;26,000
Отпуск в отделение 0000-000078 от 04.03.2024 9:12:23;;;;;;26,000;;10,000;16,000
Отпуск в отделение 0000-000085 от 06.03.2024 10:08:58;;;;;;16,000;;10,000;6,000
Отпуск в отделение 0000-000126 от 02.04.2024 15:21:09;;;;;;6,000;;6,000;
Нитроспрей, спрей подъязычн. доз. 0.4 мг/доза, фл. с доз. насосом 200, пач. картон. 1;;;;;пач. картон. 200;;100,000;43,000;57,000
130424 до 31.03.27, <партии не учитываются>;;;;;;;100,000;43,000;57,000
Поступление товаров 0000-000083 от 06.09.2024 15:51:52;;;;;;;100,000;;100,000
Отпуск в отделение 0000-000407 от 10.10.2024 10:54:04;;;;;;100,000;;10,000;90,000
Отпуск в отделение 0000-000438 от 02.11.2024 14:01:12;;;;;;90,000;;10,000;80,000
Отпуск в отделение 0000-000467 от 20.11.2024 10:53:40;;;;;;80,000;;5,000;75,000
Отпуск в отделение 0000-000531 от 27.12.2024 13:33:59;;;;;;75,000;;18,000;57,000
Нифедипин, табл. п.п.о. 10 мг, N 50 Озон Фарм ООО 02.25;;;;;шт;100,00;5 000,000;5 100,000;
040123 до 31.12.25, <партии не учитываются>;;;;;;100,000;;100,000;
Отпуск в отделение 0000-000017 от 16.01.2024 15:20:56;;;;;;100,000;;50,000;50,000
Отпуск в отделение 0000-000028 от 26.01.2024 9:59:46;;;;;;50,000;;50,000;
170723 до 30.06.26, <партии не учитываются>;;;;;;;1 400,000;1 400,000;
Поступление товаров 0000-000021 от 09.04.2024 9:41:50;;;;;;;1 400,000;;1 400,000
Отпуск в отделение 0000-000140 от 09.04.2024 11:08:04;;;;;;1 400,000;;1 000,000;400,000
Отпуск в отделение 0000-000144 от 11.04.2024 13:51:53;;;;;;400,000;;250,000;150,000
Отпуск в отделение 0000-000235 от 07.06.2024 14:26:49;;;;;;150,000;;150,000;
221223 до 30.11.26, <партии не учитываются>;;;;;;;3 600,000;3 600,000;
Поступление товаров 0000-000021 от 09.04.2024 9:41:50;;;;;;;3 600,000;;3 600,000
Отпуск в отделение 0000-000142 от 11.04.2024 13:37:08;;;;;;3 600,000;;150,000;3 450,000
Отпуск в отделение 0000-000146 от 11.04.2024 14:20:07;;;;;;3 450,000;;500,000;2 950,000
Отпуск в отделение 0000-000214 от 23.05.2024 13:10:14;;;;;;2 950,000;;500,000;2 450,000
Отпуск в отделение 0000-000235 от 07.06.2024 14:26:49;;;;;;2 450,000;;100,000;2 350,000
Отпуск в отделение 0000-000237 от 10.06.2024 9:49:51;;;;;;2 350,000;;500,000;1 850,000
Отпуск в отделение 0000-000245 от 18.06.2024 10:51:43;;;;;;1 850,000;;250,000;1 600,000
Отпуск в отделение 0000-000321 от 07.08.2024 11:08:47;;;;;;1 600,000;;400,000;1 200,000
Отпуск в отделение 0000-000335 от 14.08.2024 10:08:22;;;;;;1 200,000;;500,000;700,000
Отпуск в отделение 0000-000402 от 08.10.2024 9:37:04;;;;;;700,000;;200,000;500,000
Отпуск в отделение 0000-000462 от 18.11.2024 10:23:59;;;;;;500,000;;300,000;200,000
Отпуск в отделение 0000-000492 от 04.12.2024 15:36:06;;;;;;200,000;;200,000;
Новокаин, р-р д/ин. 0.5 %, с нож. амп., 10 мл, N 10 Армавирская биофабрика ФКП 12.23;;;;;амп. 10 мл;500,00;;460,000;40,000
140723 до 31.07.26, <партии не учитываются>;;;;;;500,000;;460,000;40,000
Отпуск в отделение 0000-000078 от 04.03.2024 9:12:23;;;;;;500,000;;30,000;470,000
Отпуск в отделение 0000-000124 от 01.04.2024 11:13:36;;;;;;470,000;;50,000;420,000
Отпуск в отделение 0000-000181 от 03.05.2024 13:17:20;;;;;;420,000;;50,000;370,000
Отпуск в отделение 0000-000245 от 18.06.2024 10:51:43;;;;;;370,000;;50,000;320,000
Отпуск в отделение 0000-000270 от 01.07.2024 9:53:08;;;;;;320,000;;50,000;270,000
Отпуск в отделение 0000-000276 от 05.07.2024 11:22:28;;;;;;270,000;;100,000;170,000
Отпуск в отделение 0000-000302 от 22.07.2024 13:07:35;;;;;;170,000;;30,000;140,000
Отпуск в отделение 0000-000531 от 27.12.2024 13:33:59;;;;;;140,000;;100,000;40,000
Окситоцин-Рихтер, р-р д/инф. и в/м введ. 5 МЕ/мл, амп. 1 мл, пач. картон. 5;;;;;амп. 1 мл;;5,000;5,000;
A37061A до 01.07.26, <партии не учитываются>;;;;;;;5,000;5,000;
Поступление товаров 0000-000086 от 15.10.2024 10:47:52;;;;;;;5,000;;5,000
Отпуск в отделение 0000-000431 от 28.10.2024 9:36:38;;;;;;5,000;;5,000;
Омепразол, капс. 20 мг, бл. 10, пач. картон. 3  10.2024;;;;;шт;;60,000;60,000;
1540824 до 31.08.26, <партии не учитываются>;;;;;;;60,000;60,000;
Поступление товаров 0000-000086 от 15.10.2024 10:47:52;;;;;;;60,000;;60,000
Отпуск в отделение 0000-000431 от 28.10.2024 9:36:38;;;;;;60,000;;60,000;
Омепразол, лиоф. д/приг. р-ра д/инф. 40 мг, фл. 40 мг, пач. картон. 1;;;;;фл. 40 мг;;25,000;25,000;
130480624 до 30.06.26, <партии не учитываются>;;;;;;;25,000;25,000;
Поступление товаров 0000-000086 от 15.10.2024 10:47:52;;;;;;;25,000;;25,000
Отпуск в отделение 0000-000431 от 28.10.2024 9:36:38;;;;;;25,000;;25,000;
Парацетамол детский, сусп. для приема внутрь 120 мг/5 мл, фл. 100 г, пач. картон. 1 04.23;;;;;фл. 100 мл;51,00;;22,000;29,000
20123 до 01.02.26, <партии не учитываются>;;;;;;1,000;;1,000;
Отпуск в отделение 0000-000005 от 09.01.2024 11:47:30;;;;;;1,000;;1,000;
30223 до 01.03.26, <партии не учитываются>;;;;;;50,000;;21,000;29,000
Отпуск в отделение 0000-000089 от 11.03.2024 10:19:11;;;;;;50,000;;1,000;49,000
Отпуск в отделение 0000-000126 от 02.04.2024 15:21:09;;;;;;49,000;;5,000;44,000
Отпуск в отделение 0000-000276 от 05.07.2024 11:22:28;;;;;;44,000;;10,000;34,000
Отпуск в отделение 0000-000436 от 01.11.2024 13:39:05;;;;;;34,000;;5,000;29,000
Парацетамол, сусп. для приема внутрь 120 мг/5 мл, с доз. ложкой, 100 мл, N 1 Синтез ОАО;;;;;фл. темн. стекл. 100 мл;96,00;;20,000;76,000
600423 до 30.04.26, <партии не учитываются>;;;;;;20,000;;20,000;
Отпуск в отделение 0000-000005 от 09.01.2024 11:47:30;;;;;;20,000;;5,000;15,000
Отпуск в отделение 0000-000017 от 16.01.2024 15:20:56;;;;;;15,000;;10,000;5,000
Отпуск в отделение 0000-000071 от 26.02.2024 9:55:59;;;;;;5,000;;2,000;3,000
Отпуск в отделение 0000-000089 от 11.03.2024 10:19:11;;;;;;3,000;;3,000;
790623 до 30.06.26, <партии не учитываются>;;;;;;76,000;;;76,000
Пентоксифиллин, конц. д/приг. р-ра д/инф. 20 мг/мл, амп. 5 мл, пач. картон. 10  10.2024;;;;;амп. 5 мл;;20,000;20,000;
020624 до 31.05.28, <партии не учитываются>;;;;;;;20,000;20,000;
Поступление товаров 0000-000086 от 15.10.2024 10:47:52;;;;;;;20,000;;20,000
Отпуск в отделение 0000-000431 от 28.10.2024 9:36:38;;;;;;20,000;;20,000;
Перекись водорода, р-р д/местн. и наружн. прим. 3 %, д/стационар., 100 мл, N 1 ЮжФарм ООО;;;;;фл. стекл. 100 мл;;1 024,000;643,000;381,000
050124 до 31.01.26, <партии не учитываются>;;;;;;;1 024,000;643,000;381,000
Поступление товаров 0000-000037 от 20.05.2024 16:11:44;;;;;;;1 024,000;;1 024,000
Отпуск в отделение 0000-000287 от 15.07.2024 10:08:21;;;;;;1 024,000;;20,000;1 004,000
Отпуск в отделение 0000-000294 от 17.07.2024 10:55:10;;;;;;1 004,000;;32,000;972,000
Отпуск в отделение 0000-000299 от 19.07.2024 11:00:13;;;;;;972,000;;20,000;952,000
Отпуск в отделение 0000-000302 от 22.07.2024 13:07:35;;;;;;952,000;;32,000;920,000
Отпуск в отделение 0000-000313 от 01.08.2024 15:59:26;;;;;;920,000;;24,000;896,000
Отпуск в отделение 0000-000316 от 05.08.2024 11:01:37;;;;;;896,000;;20,000;876,000
Отпуск в отделение 0000-000332 от 13.08.2024 15:04:19;;;;;;876,000;;160,000;716,000
Отпуск в отделение 0000-000333 от 13.08.2024 15:35:30;;;;;;716,000;;160,000;556,000
Отпуск в отделение 0000-000334 от 13.08.2024 15:58:52;;;;;;556,000;;55,000;501,000
Отпуск в отделение 0000-000517 от 23.12.2024 11:26:55;;;;;;501,000;;20,000;481,000
Отпуск в отделение 0000-000522 от 24.12.2024 15:26:22;;;;;;481,000;;20,000;461,000
Отпуск в отделение 0000-000527 от 26.12.2024 8:58:42;;;;;;461,000;;20,000;441,000
Отпуск в отделение 0000-000531 от 27.12.2024 13:33:59;;;;;;441,000;;60,000;381,000
Перекись водорода, р-р д/местн. и наружн. прим. 3 %, фл. 100 мл Тульская ФФ 01.23;;;;;фл. 100 мл;614,000;;614,000;
490523 до 31.05.25, <партии не учитываются>;;;;;;195,000;;195,000;
Отпуск в отделение 0000-000116 от 25.03.2024 11:39:14;;;;;;195,000;;10,000;185,000
Отпуск в отделение 0000-000124 от 01.04.2024 11:13:36;;;;;;185,000;;20,000;165,000
Отпуск в отделение 0000-000126 от 02.04.2024 15:21:09;;;;;;165,000;;20,000;145,000
Отпуск в отделение 0000-000183 от 06.05.2024 9:17:42;;;;;;145,000;;20,000;125,000
Отпуск в отделение 0000-000190 от 07.05.2024 11:06:49;;;;;;125,000;;40,000;85,000
Отпуск в отделение 0000-000217 от 24.05.2024 10:03:37;;;;;;85,000;;10,000;75,000
Отпуск в отделение 0000-000220 от 27.05.2024 10:15:42;;;;;;75,000;;20,000;55,000
Отпуск в отделение 0000-000227 от 03.06.2024 9:38:13;;;;;;55,000;;20,000;35,000
Отпуск в отделение 0000-000248 от 18.06.2024 13:15:26;;;;;;35,000;;20,000;15,000
Отпуск в отделение 0000-000251 от 20.06.2024 9:03:18;;;;;;15,000;;15,000;
50123 до 31.01.25, <партии не учитываются>;;;;;;224,000;;224,000;
Отпуск в отделение 0000-000005 от 09.01.2024 11:47:30;;;;;;224,000;;20,000;204,000
Отпуск в отделение 0000-000007 от 10.01.2024 13:49:51;;;;;;204,000;;10,000;194,000
Отпуск в отделение 0000-000032 от 29.01.2024 10:15:01;;;;;;194,000;;20,000;174,000
Отпуск в отделение 0000-000040 от 05.02.2024 10:54:32;;;;;;174,000;;20,000;154,000
Отпуск в отделение 0000-000044 от 07.02.2024 10:46:01;;;;;;154,000;;30,000;124,000
Отпуск в отделение 0000-000058 от 16.02.2024 10:39:07;;;;;;124,000;;20,000;104,000
Отпуск в отделение 0000-000082 от 04.03.2024 10:17:59;;;;;;104,000;;20,000;84,000
Отпуск в отделение 0000-000104 от 18.03.2024 8:53:59;;;;;;84,000;;20,000;64,000
Отпуск в отделение 0000-000107 от 20.03.2024 10:25:12;;;;;;64,000;;20,000;44,000
Отпуск в отделение 0000-000108 от 21.03.2024 8:15:48;;;;;;44,000;;30,000;14,000
Отпуск в отделение 0000-000116 от 25.03.2024 11:39:14;;;;;;14,000;;14,000;
910923 до 30.09.25, <партии не учитываются>;;;;;;195,000;;195,000;
Отпуск в отделение 0000-000163 от 19.04.2024 9:15:21;;;;;;195,000;;20,000;175,000
Отпуск в отделение 0000-000165 от 22.04.2024 10:49:17;;;;;;175,000;;20,000;155,000
Отпуск в отделение 0000-000175 от 26.04.2024 10:21:39;;;;;;155,000;;20,000;135,000
Отпуск в отделение 0000-000184 от 06.05.2024 10:38:18;;;;;;135,000;;20,000;115,000
Отпуск в отделение 0000-000224 от 29.05.2024 10:48:28;;;;;;115,000;;20,000;95,000
Отпуск в отделение 0000-000251 от 20.06.2024 9:03:18;;;;;;95,000;;5,000;90,000
Отпуск в отделение 0000-000259 от 24.06.2024 11:19:16;;;;;;90,000;;20,000;70,000
Отпуск в отделение 0000-000265 от 27.06.2024 10:15:05;;;;;;70,000;;20,000;50,000
Отпуск в отделение 0000-000276 от 05.07.2024 11:22:28;;;;;;50,000;;30,000;20,000
Отпуск в отделение 0000-000281 от 10.07.2024 10:13:12;;;;;;20,000;;20,000;
Перчатки н/ст латексные смотровые;;;;;шт;106 800,000;256 000,000;171 500,000;191 300,000
<серии не учитываются>, <партии не учитываются>;;;;;;106 800,000;256 000,000;171 500,000;191 300,000
Отпуск в отделение 0000-000004 от 09.01.2024 10:49:31;;;;;;106 800,000;;1 000,000;105 800,000
Отпуск в отделение 0000-000006 от 09.01.2024 14:00:02;;;;;;105 800,000;;1 500,000;104 300,000
Отпуск в отделение 0000-000013 от 15.01.2024 11:52:52;;;;;;104 300,000;;1 000,000;103 300,000
Отпуск в отделение 0000-000018 от 16.01.2024 16:04:21;;;;;;103 300,000;;2 000,000;101 300,000
Отпуск в отделение 0000-000021 от 19.01.2024 14:31:55;;;;;;101 300,000;;1 500,000;99 800,000
Отпуск в отделение 0000-000024 от 22.01.2024 10:24:53;;;;;;99 800,000;;1 000,000;98 800,000
Отпуск в отделение 0000-000026 от 22.01.2024 13:50:00;;;;;;98 800,000;;1 000,000;97 800,000
Отпуск в отделение 0000-000030 от 26.01.2024 11:31:56;;;;;;97 800,000;;2 000,000;95 800,000
Отпуск в отделение 0000-000038 от 02.02.2024 11:32:13;;;;;;95 800,000;;1 000,000;94 800,000
Отпуск в отделение 0000-000041 от 05.02.2024 13:36:06;;;;;;94 800,000;;1 000,000;93 800,000
Отпуск в отделение 0000-000045 от 07.02.2024 11:37:25;;;;;;93 800,000;;2 000,000;91 800,000
Отпуск в отделение 0000-000046 от 07.02.2024 13:03:55;;;;;;91 800,000;;1 000,000;90 800,000
Отпуск в отделение 0000-000048 от 07.02.2024 13:21:23;;;;;;90 800,000;;500,000;90 300,000
Отпуск в отделение 0000-000054 от 12.02.2024 16:36:56;;;;;;90 300,000;;2 000,000;88 300,000
Отпуск в отделение 0000-000057 от 16.02.2024 10:36:29;;;;;;88 300,000;;1 000,000;87 300,000
Отпуск в отделение 0000-000067 от 21.02.2024 11:02:05;;;;;;87 300,000;;1 000,000;86 300,000
Отпуск в отделение 0000-000068 от 21.02.2024 11:05:17;;;;;;86 300,000;;1 000,000;85 300,000
Отпуск в отделение 0000-000070 от 26.02.2024 9:53:14;;;;;;85 300,000;;500,000;84 800,000
Отпуск в отделение 0000-000074 от 27.02.2024 15:25:48;;;;;;84 800,000;;1 000,000;83 800,000
Отпуск в отделение 0000-000080 от 04.03.2024 10:14:04;;;;;;83 800,000;;2 000,000;81 800,000
Отпуск в отделение 0000-000081 от 04.03.2024 10:14:58;;;;;;81 800,000;;2 000,000;79 800,000
Отпуск в отделение 0000-000087 от 06.03.2024 11:21:47;;;;;;79 800,000;;2 000,000;77 800,000
Отпуск в отделение 0000-000088 от 06.03.2024 11:24:26;;;;;;77 800,000;;1 000,000;76 800,000
Отпуск в отделение 0000-000091 от 11.03.2024 10:47:12;;;;;;76 800,000;;1 500,000;75 300,000
Отпуск в отделение 0000-000102 от 15.03.2024 13:01:09;;;;;;75 300,000;;1 000,000;74 300,000
Отпуск в отделение 0000-000105 от 18.03.2024 11:18:10;;;;;;74 300,000;;1 000,000;73 300,000
Отпуск в отделение 0000-000109 от 22.03.2024 10:41:58;;;;;;73 300,000;;1 000,000;72 300,000
Отпуск в отделение 0000-000113 от 22.03.2024 13:53:49;;;;;;72 300,000;;2 000,000;70 300,000
Отпуск в отделение 0000-000115 от 25.03.2024 11:35:29;;;;;;70 300,000;;500,000;69 800,000
Отпуск в отделение 0000-000118 от 27.03.2024 10:39:35;;;;;;69 800,000;;2 000,000;67 800,000
Отпуск в отделение 0000-000125 от 01.04.2024 11:38:11;;;;;;67 800,000;;2 000,000;65 800,000
Отпуск в отделение 0000-000132 от 03.04.2024 11:32:30;;;;;;65 800,000;;1 000,000;64 800,000
Отпуск в отделение 0000-000133 от 03.04.2024 11:33:37;;;;;;64 800,000;;1 000,000;63 800,000
Отпуск в отделение 0000-000138 от 08.04.2024 11:11:51;;;;;;63 800,000;;1 000,000;62 800,000
Отпуск в отделение 0000-000141 от 09.04.2024 11:54:04;;;;;;62 800,000;;500,000;62 300,000
Отпуск в отделение 0000-000149 от 12.04.2024 9:45:11;;;;;;62 300,000;;1 000,000;61 300,000
Отпуск в отделение 0000-000152 от 15.04.2024 9:08:21;;;;;;61 300,000;;1 000,000;60 300,000
Отпуск в отделение 0000-000156 от 15.04.2024 10:34:48;;;;;;60 300,000;;1 000,000;59 300,000
Отпуск в отделение 0000-000158 от 17.04.2024 8:59:05;;;;;;59 300,000;;1 000,000;58 300,000
Отпуск в отделение 0000-000162 от 19.04.2024 9:09:49;;;;;;58 300,000;;1 000,000;57 300,000
Отпуск в отделение 0000-000164 от 22.04.2024 10:44:01;;;;;;57 300,000;;1 000,000;56 300,000
Отпуск в отделение 0000-000171 от 24.04.2024 11:54:51;;;;;;56 300,000;;1 000,000;55 300,000
Отпуск в отделение 0000-000176 от 26.04.2024 11:07:57;;;;;;55 300,000;;1 000,000;54 300,000
Отпуск в отделение 0000-000180 от 03.05.2024 10:38:33;;;;;;54 300,000;;1 000,000;53 300,000
Отпуск в отделение 0000-000186 от 06.05.2024 11:37:37;;;;;;53 300,000;;1 000,000;52 300,000
Отпуск в отделение 0000-000187 от 06.05.2024 11:39:06;;;;;;52 300,000;;2 000,000;50 300,000
Отпуск в отделение 0000-000191 от 08.05.2024 10:41:16;;;;;;50 300,000;;2 000,000;48 300,000
Отпуск в отделение 0000-000195 от 15.05.2024 11:39:36;;;;;;48 300,000;;1 000,000;47 300,000
Отпуск в отделение 0000-000199 от 17.05.2024 9:56:43;;;;;;47 300,000;;500,000;46 800,000
Отпуск в отделение 0000-000206 от 20.05.2024 15:28:22;;;;;;46 800,000;;1 000,000;45 800,000
Отпуск в отделение 0000-000207 от 20.05.2024 15:30:14;;;;;;45 800,000;;2 000,000;43 800,000
Отпуск в отделение 0000-000212 от 22.05.2024 9:20:34;;;;;;43 800,000;;1 000,000;42 800,000
Отпуск в отделение 0000-000215 от 23.05.2024 15:23:32;;;;;;42 800,000;;1 500,000;41 300,000
Отпуск в отделение 0000-000216 от 24.05.2024 10:01:50;;;;;;41 300,000;;500,000;40 800,000
Отпуск в отделение 0000-000222 от 27.05.2024 13:07:59;;;;;;40 800,000;;2 000,000;38 800,000
Отпуск в отделение 0000-000223 от 27.05.2024 13:09:11;;;;;;38 800,000;;1 000,000;37 800,000
Отпуск в отделение 0000-000226 от 29.05.2024 16:25:47;;;;;;37 800,000;;1 000,000;36 800,000
Отпуск в отделение 0000-000229 от 03.06.2024 11:46:51;;;;;;36 800,000;;2 000,000;34 800,000
Отпуск в отделение 0000-000232 от 03.06.2024 16:00:39;;;;;;34 800,000;;1 000,000;33 800,000
Отпуск в отделение 0000-000234 от 04.06.2024 14:48:25;;;;;;33 800,000;;1 000,000;32 800,000
Отпуск в отделение 0000-000239 от 10.06.2024 10:41:53;;;;;;32 800,000;;1 000,000;31 800,000
Отпуск в отделение 0000-000241 от 10.06.2024 11:01:56;;;;;;31 800,000;;1 000,000;30 800,000
Отпуск в отделение 0000-000244 от 14.06.2024 13:28:52;;;;;;30 800,000;;1 000,000;29 800,000
Отпуск в отделение 0000-000253 от 20.06.2024 10:44:25;;;;;;29 800,000;;2 000,000;27 800,000
Отпуск в отделение 0000-000256 от 21.06.2024 9:57:09;;;;;;27 800,000;;500,000;27 300,000
Поступление товаров 0000-000049 от 24.06.2024 9:42:12;;;;;;27 300,000;89 000,000;;116 300,000
Отпуск в отделение 0000-000258 от 24.06.2024 11:11:48;;;;;;116 300,000;;1 500,000;114 800,000
Отпуск в отделение 0000-000261 от 26.06.2024 10:37:42;;;;;;114 800,000;;1 500,000;113 300,000
Отпуск в отделение 0000-000264 от 27.06.2024 10:03:54;;;;;;113 300,000;;2 000,000;111 300,000
Отпуск в отделение 0000-000266 от 01.07.2024 9:00:02;;;;;;111 300,000;;2 000,000;109 300,000
Отпуск в отделение 0000-000269 от 01.07.2024 9:49:29;;;;;;109 300,000;;500,000;108 800,000
Отпуск в отделение 0000-000272 от 03.07.2024 9:59:01;;;;;;108 800,000;;500,000;108 300,000
Отпуск в отделение 0000-000274 от 05.07.2024 10:46:09;;;;;;108 300,000;;2 000,000;106 300,000
Отпуск в отделение 0000-000277 от 05.07.2024 13:30:21;;;;;;106 300,000;;1 000,000;105 300,000
Отпуск в отделение 0000-000278 от 08.07.2024 10:06:57;;;;;;105 300,000;;2 000,000;103 300,000
Отпуск в отделение 0000-000284 от 12.07.2024 11:21:40;;;;;;103 300,000;;500,000;102 800,000
Отпуск в отделение 0000-000287 от 15.07.2024 10:08:21;;;;;;102 800,000;;1 000,000;101 800,000
Отпуск в отделение 0000-000295 от 17.07.2024 11:39:22;;;;;;101 800,000;;2 000,000;99 800,000
Отпуск в отделение 0000-000297 от 17.07.2024 15:45:02;;;;;;99 800,000;;1 000,000;98 800,000
Отпуск в отделение 0000-000305 от 24.07.2024 11:27:00;;;;;;98 800,000;;500,000;98 300,000
Отпуск в отделение 0000-000308 от 26.07.2024 10:48:46;;;;;;98 300,000;;1 000,000;97 300,000
Отпуск в отделение 0000-000310 от 29.07.2024 11:47:29;;;;;;97 300,000;;500,000;96 800,000
Отпуск в отделение 0000-000315 от 02.08.2024 16:48:46;;;;;;96 800,000;;2 000,000;94 800,000
Отпуск в отделение 0000-000319 от 05.08.2024 13:43:28;;;;;;94 800,000;;500,000;94 300,000
Поступление товаров 0000-000067 от 07.08.2024 9:59:38;;;;;;94 300,000;84 000,000;;178 300,000
Отпуск в отделение 0000-000322 от 07.08.2024 13:24:49;;;;;;178 300,000;;2 000,000;176 300,000
Отпуск в отделение 0000-000325 от 09.08.2024 11:01:03;;;;;;176 300,000;;500,000;175 800,000
Отпуск в отделение 0000-000327 от 12.08.2024 11:34:32;;;;;;175 800,000;;1 500,000;174 300,000
Отпуск в отделение 0000-000337 от 14.08.2024 10:35:45;;;;;;174 300,000;;1 000,000;173 300,000
Отпуск в отделение 0000-000342 от 19.08.2024 10:09:23;;;;;;173 300,000;;2 000,000;171 300,000
Отпуск в отделение 0000-000343 от 19.08.2024 10:09:52;;;;;;171 300,000;;1 000,000;170 300,000
Отпуск в отделение 0000-000348 от 23.08.2024 11:09:52;;;;;;170 300,000;;1 000,000;169 300,000
Отпуск в отделение 0000-000352 от 26.08.2024 10:20:59;;;;;;169 300,000;;1 000,000;168 300,000
Отпуск в отделение 0000-000357 от 28.08.2024 11:32:54;;;;;;168 300,000;;1 000,000;167 300,000
Отпуск в отделение 0000-000363 от 02.09.2024 13:21:00;;;;;;167 300,000;;500,000;166 800,000
Отпуск в отделение 0000-000366 от 05.09.2024 15:31:33;;;;;;166 800,000;;1 000,000;165 800,000
Отпуск в отделение 0000-000367 от 09.09.2024 9:48:15;;;;;;165 800,000;;1 000,000;164 800,000
Отпуск в отделение 0000-000369 от 09.09.2024 10:11:46;;;;;;164 800,000;;2 000,000;162 800,000
Отпуск в отделение 0000-000374 от 11.09.2024 11:18:03;;;;;;162 800,000;;2 000,000;160 800,000
Отпуск в отделение 0000-000375 от 12.09.2024 8:58:10;;;;;;160 800,000;;1 000,000;159 800,000
Отпуск в отделение 0000-000378 от 16.09.2024 10:35:31;;;;;;159 800,000;;1 000,000;158 800,000
Отпуск в отделение 0000-000384 от 20.09.2024 11:14:48;;;;;;158 800,000;;500,000;158 300,000
Отпуск в отделение 0000-000387 от 23.09.2024 10:58:19;;;;;;158 300,000;;1 500,000;156 800,000
Отпуск в отделение 0000-000390 от 25.09.2024 10:16:59;;;;;;156 800,000;;1 000,000;155 800,000
Отпуск в отделение 0000-000391 от 27.09.2024 10:32:23;;;;;;155 800,000;;1 000,000;154 800,000
Отпуск в отделение 0000-000394 от 01.10.2024 10:28:39;;;;;;154 800,000;;500,000;154 300,000
Отпуск в отделение 0000-000399 от 04.10.2024 10:29:22;;;;;;154 300,000;;2 000,000;152 300,000
Отпуск в отделение 0000-000401 от 08.10.2024 9:27:41;;;;;;152 300,000;;2 000,000;150 300,000
Отпуск в отделение 0000-000406 от 09.10.2024 10:42:08;;;;;;150 300,000;;1 500,000;148 800,000
Отпуск в отделение 0000-000408 от 11.10.2024 11:08:56;;;;;;148 800,000;;500,000;148 300,000
Отпуск в отделение 0000-000412 от 14.10.2024 11:06:02;;;;;;148 300,000;;2 000,000;146 300,000
Отпуск в отделение 0000-000414 от 16.10.2024 9:22:50;;;;;;146 300,000;;1 000,000;145 300,000
Отпуск в отделение 0000-000416 от 18.10.2024 11:09:16;;;;;;145 300,000;;1 000,000;144 300,000
Отпуск в отделение 0000-000419 от 21.10.2024 10:25:34;;;;;;144 300,000;;2 000,000;142 300,000
Отпуск в отделение 0000-000423 от 23.10.2024 10:21:22;;;;;;142 300,000;;1 000,000;141 300,000
Отпуск в отделение 0000-000425 от 23.10.2024 10:44:27;;;;;;141 300,000;;2 000,000;139 300,000
Отпуск в отделение 0000-000429 от 25.10.2024 9:39:33;;;;;;139 300,000;;1 000,000;138 300,000
Отпуск в отделение 0000-000437 от 01.11.2024 15:42:28;;;;;;138 300,000;;1 000,000;137 300,000
Отпуск в отделение 0000-000446 от 06.11.2024 11:30:40;;;;;;137 300,000;;1 000,000;136 300,000
Отпуск в отделение 0000-000447 от 06.11.2024 11:33:57;;;;;;136 300,000;;1 000,000;135 300,000
Поступление товаров 0000-000089 от 07.11.2024 11:03:31;;;;;;135 300,000;83 000,000;;218 300,000
Отпуск в отделение 0000-000450 от 08.11.2024 11:42:08;;;;;;218 300,000;;1 000,000;217 300,000
Отпуск в отделение 0000-000453 от 11.11.2024 10:49:28;;;;;;217 300,000;;500,000;216 800,000
Отпуск в отделение 0000-000458 от 15.11.2024 10:55:52;;;;;;216 800,000;;1 000,000;215 800,000
Отпуск в отделение 0000-000461 от 18.11.2024 10:15:17;;;;;;215 800,000;;1 000,000;214 800,000
Отпуск в отделение 0000-000464 от 18.11.2024 11:55:07;;;;;;214 800,000;;2 000,000;212 800,000
Отпуск в отделение 0000-000466 от 20.11.2024 10:50:41;;;;;;212 800,000;;500,000;212 300,000
Отпуск в отделение 0000-000472 от 25.11.2024 9:48:13;;;;;;212 300,000;;2 000,000;210 300,000
Отпуск в отделение 0000-000474 от 25.11.2024 10:24:36;;;;;;210 300,000;;1 000,000;209 300,000
Отпуск в отделение 0000-000481 от 28.11.2024 14:14:02;;;;;;209 300,000;;1 000,000;208 300,000
Отпуск в отделение 0000-000488 от 03.12.2024 15:24:43;;;;;;208 300,000;;1 000,000;207 300,000
Отпуск в отделение 0000-000497 от 06.12.2024 14:02:09;;;;;;207 300,000;;1 000,000;206 300,000
Отпуск в отделение 0000-000498 от 06.12.2024 14:05:26;;;;;;206 300,000;;1 500,000;204 800,000
Отпуск в отделение 0000-000501 от 09.12.2024 13:15:38;;;;;;204 800,000;;1 000,000;203 800,000
Отпуск в отделение 0000-000504 от 10.12.2024 14:11:47;;;;;;203 800,000;;1 500,000;202 300,000
Отпуск в отделение 0000-000506 от 13.12.2024 11:06:52;;;;;;202 300,000;;1 000,000;201 300,000
Отпуск в отделение 0000-000509 от 16.12.2024 9:44:18;;;;;;201 300,000;;2 000,000;199 300,000
Отпуск в отделение 0000-000512 от 17.12.2024 15:51:56;;;;;;199 300,000;;500,000;198 800,000
Отпуск в отделение 0000-000514 от 18.12.2024 9:55:17;;;;;;198 800,000;;1 000,000;197 800,000
Отпуск в отделение 0000-000515 от 20.12.2024 11:21:08;;;;;;197 800,000;;1 000,000;196 800,000
Отпуск в отделение 0000-000524 от 25.12.2024 11:16:41;;;;;;196 800,000;;1 500,000;195 300,000
Отпуск в отделение 0000-000525 от 25.12.2024 16:33:37;;;;;;195 300,000;;1 500,000;193 800,000
Отпуск в отделение 0000-000526 от 25.12.2024 16:38:01;;;;;;193 800,000;;2 500,000;191 300,000
Пинцет анатомический;;;;;шт;21,000;;;21,000
<серии не учитываются>, <партии не учитываются>;;;;;;21,000;;;21,000
Пиридоксин, р-р д/ин. 50 мг/мл, 1 мл, N 10 Ереванская ХФФ 12.23;;;;;амп. 1 мл;850,00;;830,000;20,000
140423 до 01.05.26, <партии не учитываются>;;;;;;850,000;;830,000;20,000
Отпуск в отделение 0000-000052 от 12.02.2024 10:08:46;;;;;;850,000;;100,000;750,000
Отпуск в отделение 0000-000126 от 02.04.2024 15:21:09;;;;;;750,000;;50,000;700,000
Отпуск в отделение 0000-000153 от 15.04.2024 9:19:31;;;;;;700,000;;50,000;650,000
Отпуск в отделение 0000-000259 от 24.06.2024 11:19:16;;;;;;650,000;;50,000;600,000
Отпуск в отделение 0000-000270 от 01.07.2024 9:53:08;;;;;;600,000;;100,000;500,000
Отпуск в отделение 0000-000276 от 05.07.2024 11:22:28;;;;;;500,000;;100,000;400,000
Отпуск в отделение 0000-000294 от 17.07.2024 10:55:10;;;;;;400,000;;50,000;350,000
Отпуск в отделение 0000-000316 от 05.08.2024 11:01:37;;;;;;350,000;;50,000;300,000
Отпуск в отделение 0000-000345 от 20.08.2024 8:27:18;;;;;;300,000;;50,000;250,000
Отпуск в отделение 0000-000377 от 16.09.2024 10:13:06;;;;;;250,000;;50,000;200,000
Отпуск в отделение 0000-000407 от 10.10.2024 10:54:04;;;;;;200,000;;50,000;150,000
Отпуск в отделение 0000-000454 от 11.11.2024 10:54:33;;;;;;150,000;;30,000;120,000
Отпуск в отделение 0000-000531 от 27.12.2024 13:33:59;;;;;;120,000;;100,000;20,000
Пиридоксин, р-р д/ин. 50 мг/мл, амп. 1 мл, кор. 10;;;;;амп. 1 мл;;1 000,000;;1 000,000
150524 до 01.06.27, <партии не учитываются>;;;;;;;1 000,000;;1 000,000
Поступление товаров 0000-000084 от 23.09.2024 8:05:35;;;;;;;1 000,000;;1 000,000
Платифиллина гидротартрат, р-р для п/к введ. 2 мг/мл, с нож. амп., 1 мл, N 10 Дальхимфарм;;;;;амп. 1 мл;;4 000,000;960,000;3 040,000
800524 до 31.05.29, <партии не учитываются>;;;;;;;4 000,000;960,000;3 040,000
Поступление товаров 0000-000085 от 11.10.2024 11:46:59;;;;;;;4 000,000;;4 000,000
Отпуск в отделение 0000-000410 от 11.10.2024 11:51:47;;;;;;4 000,000;;100,000;3 900,000
Отпуск в отделение 0000-000413 от 14.10.2024 11:10:06;;;;;;3 900,000;;100,000;3 800,000
Отпуск в отделение 0000-000420 от 21.10.2024 10:57:24;;;;;;3 800,000;;200,000;3 600,000
Отпуск в отделение 0000-000427 от 23.10.2024 11:17:10;;;;;;3 600,000;;100,000;3 500,000
Отпуск в отделение 0000-000444 от 06.11.2024 8:43:10;;;;;;3 500,000;;100,000;3 400,000
Отпуск в отделение 0000-000452 от 11.11.2024 10:25:38;;;;;;3 400,000;;50,000;3 350,000
Отпуск в отделение 0000-000465 от 20.11.2024 9:29:48;;;;;;3 350,000;;50,000;3 300,000
Отпуск в отделение 0000-000502 от 10.12.2024 11:09:59;;;;;;3 300,000;;50,000;3 250,000
Отпуск в отделение 0000-000513 от 18.12.2024 9:09:40;;;;;;3 250,000;;50,000;3 200,000
Отпуск в отделение 0000-000521 от 24.12.2024 13:18:00;;;;;;3 200,000;;100,000;3 100,000
Отпуск в отделение 0000-000522 от 24.12.2024 15:26:22;;;;;;3 100,000;;60,000;3 040,000
Преднизолон, р-р для в/в и в/м введ. 30 мг/мл, амп. 1 мл, пач. картон. 10   10.2024;;;;;амп. 1 мл;;120,000;120,000;
180824 до 31.08.27, <партии не учитываются>;;;;;;;120,000;120,000;
Поступление товаров 0000-000086 от 15.10.2024 10:47:52;;;;;;;120,000;;120,000
Отпуск в отделение 0000-000431 от 28.10.2024 9:36:38;;;;;;120,000;;120,000;
Проинин, р-р для в/в и в/м введ. 50 мг/мл, амп. 5 мл, пач. картон. 10  02.23;;;;;амп. 5 мл;2520,00;;2 520,000;
160422 до 31.03.25, <партии не учитываются>;;;;;;2 460,000;;2 460,000;
Отпуск в отделение 0000-000017 от 16.01.2024 15:20:56;;;;;;2 460,000;;50,000;2 410,000
Отпуск в отделение 0000-000028 от 26.01.2024 9:59:46;;;;;;2 410,000;;50,000;2 360,000
Отпуск в отделение 0000-000037 от 02.02.2024 11:11:51;;;;;;2 360,000;;50,000;2 310,000
Отпуск в отделение 0000-000043 от 07.02.2024 10:00:03;;;;;;2 310,000;;100,000;2 210,000
Отпуск в отделение 0000-000052 от 12.02.2024 10:08:46;;;;;;2 210,000;;50,000;2 160,000
Отпуск в отделение 0000-000060 от 19.02.2024 11:14:10;;;;;;2 160,000;;50,000;2 110,000
Отпуск в отделение 0000-000063 от 21.02.2024 9:44:05;;;;;;2 110,000;;20,000;2 090,000
Отпуск в отделение 0000-000071 от 26.02.2024 9:55:59;;;;;;2 090,000;;100,000;1 990,000
Отпуск в отделение 0000-000078 от 04.03.2024 9:12:23;;;;;;1 990,000;;50,000;1 940,000
Отпуск в отделение 0000-000084 от 06.03.2024 9:46:40;;;;;;1 940,000;;50,000;1 890,000
Отпуск в отделение 0000-000089 от 11.03.2024 10:19:11;;;;;;1 890,000;;50,000;1 840,000
Отпуск в отделение 0000-000104 от 18.03.2024 8:53:59;;;;;;1 840,000;;50,000;1 790,000
Отпуск в отделение 0000-000108 от 21.03.2024 8:15:48;;;;;;1 790,000;;50,000;1 740,000
Отпуск в отделение 0000-000112 от 22.03.2024 13:16:04;;;;;;1 740,000;;50,000;1 690,000
Отпуск в отделение 0000-000119 от 27.03.2024 10:43:22;;;;;;1 690,000;;50,000;1 640,000
Отпуск в отделение 0000-000126 от 02.04.2024 15:21:09;;;;;;1 640,000;;50,000;1 590,000
Отпуск в отделение 0000-000131 от 03.04.2024 10:07:36;;;;;;1 590,000;;50,000;1 540,000
Отпуск в отделение 0000-000136 от 08.04.2024 10:40:04;;;;;;1 540,000;;50,000;1 490,000
Отпуск в отделение 0000-000150 от 12.04.2024 9:48:40;;;;;;1 490,000;;50,000;1 440,000
Отпуск в отделение 0000-000153 от 15.04.2024 9:19:31;;;;;;1 440,000;;50,000;1 390,000
Отпуск в отделение 0000-000169 от 24.04.2024 9:37:10;;;;;;1 390,000;;50,000;1 340,000
Отпуск в отделение 0000-000183 от 06.05.2024 9:17:42;;;;;;1 340,000;;80,000;1 260,000
Отпуск в отделение 0000-000188 от 06.05.2024 11:41:10;;;;;;1 260,000;;50,000;1 210,000
Отпуск в отделение 0000-000192 от 08.05.2024 10:45:30;;;;;;1 210,000;;50,000;1 160,000
Отпуск в отделение 0000-000202 от 20.05.2024 9:36:32;;;;;;1 160,000;;50,000;1 110,000
Отпуск в отделение 0000-000213 от 22.05.2024 9:22:30;;;;;;1 110,000;;100,000;1 010,000
Отпуск в отделение 0000-000231 от 03.06.2024 13:15:43;;;;;;1 010,000;;100,000;910,000
Отпуск в отделение 0000-000233 от 04.06.2024 14:07:33;;;;;;910,000;;50,000;860,000
Отпуск в отделение 0000-000245 от 18.06.2024 10:51:43;;;;;;860,000;;50,000;810,000
Отпуск в отделение 0000-000251 от 20.06.2024 9:03:18;;;;;;810,000;;30,000;780,000
Отпуск в отделение 0000-000259 от 24.06.2024 11:19:16;;;;;;780,000;;10,000;770,000
Отпуск в отделение 0000-000265 от 27.06.2024 10:15:05;;;;;;770,000;;50,000;720,000
Отпуск в отделение 0000-000276 от 05.07.2024 11:22:28;;;;;;720,000;;100,000;620,000
Отпуск в отделение 0000-000283 от 12.07.2024 10:53:59;;;;;;620,000;;50,000;570,000
Отпуск в отделение 0000-000288 от 15.07.2024 10:19:45;;;;;;570,000;;80,000;490,000
Отпуск в отделение 0000-000294 от 17.07.2024 10:55:10;;;;;;490,000;;50,000;440,000
Отпуск в отделение 0000-000306 от 26.07.2024 9:58:17;;;;;;440,000;;100,000;340,000
Отпуск в отделение 0000-000328 от 12.08.2024 11:39:14;;;;;;340,000;;100,000;240,000
Отпуск в отделение 0000-000331 от 12.08.2024 14:45:46;;;;;;240,000;;100,000;140,000
Отпуск в отделение 0000-000340 от 19.08.2024 9:06:52;;;;;;140,000;;80,000;60,000
Отпуск в отделение 0000-000368 от 09.09.2024 9:52:34;;;;;;60,000;;50,000;10,000
Отпуск в отделение 0000-000380 от 18.09.2024 9:46:46;;;;;;10,000;;10,000;
160623 до 31.05.28, <партии не учитываются>;;;;;;60,000;;60,000;
Отпуск в отделение 0000-000259 от 24.06.2024 11:19:16;;;;;;60,000;;60,000;
Пропофол Каби, эмульс. для в/в введ. 10 мг/мл, амп. 20 мл, пач. картон. 5;;;;;амп. 20 см3;;5,000;5,000;
16SM9493 до 03.12.26, <партии не учитываются>;;;;;;;5,000;5,000;
Поступление товаров 0000-000084 от 23.09.2024 8:05:35;;;;;;;5,000;;5,000
Отпуск в отделение 0000-000389 от 23.09.2024 11:28:55;;;;;;5,000;;5,000;
Простынь хирургическая нестерильная;;;;;шт;;100,000;100,000;
<серии не учитываются>, <партии не учитываются>;;;;;;;100,000;100,000;
Поступление товаров 0000-000095 от 13.11.2024 14:33:57;;;;;;;100,000;;100,000
Отпуск в отделение 0000-000489 от 03.12.2024 15:50:33;;;;;;100,000;;22,000;78,000
Отпуск в отделение 0000-000497 от 06.12.2024 14:02:09;;;;;;78,000;;40,000;38,000
Отпуск в отделение 0000-000498 от 06.12.2024 14:05:26;;;;;;38,000;;38,000;
Пульмибуд, сусп. д/ингал. доз. 0.5 мг/мл, амп. 2 мл, пач. картон. 20;;;;;амп. 2 мл;;800,000;640,000;160,000
0610823 до 31.07.25, <партии не учитываются>;;;;;;;800,000;640,000;160,000
Поступление товаров 0000-000031 от 08.05.2024 13:39:47;;;;;;;800,000;;800,000
Отпуск в отделение 0000-000202 от 20.05.2024 9:36:32;;;;;;800,000;;20,000;780,000
Отпуск в отделение 0000-000233 от 04.06.2024 14:07:33;;;;;;780,000;;20,000;760,000
Отпуск в отделение 0000-000237 от 10.06.2024 9:49:51;;;;;;760,000;;100,000;660,000
Отпуск в отделение 0000-000276 от 05.07.2024 11:22:28;;;;;;660,000;;100,000;560,000
Отпуск в отделение 0000-000368 от 09.09.2024 9:52:34;;;;;;560,000;;20,000;540,000
Отпуск в отделение 0000-000370 от 09.09.2024 10:15:29;;;;;;540,000;;100,000;440,000
Отпуск в отделение 0000-000382 от 19.09.2024 8:21:45;;;;;;440,000;;60,000;380,000
Отпуск в отделение 0000-000385 от 20.09.2024 11:17:32;;;;;;380,000;;20,000;360,000
Отпуск в отделение 0000-000400 от 04.10.2024 10:35:07;;;;;;360,000;;20,000;340,000
Отпуск в отделение 0000-000430 от 25.10.2024 9:45:24;;;;;;340,000;;40,000;300,000
Отпуск в отделение 0000-000518 от 23.12.2024 13:51:58;;;;;;300,000;;80,000;220,000
Отпуск в отделение 0000-000531 от 27.12.2024 13:33:59;;;;;;220,000;;60,000;160,000
Раствор Рингера, р-р д/инф., бан. 200 мл, пач. картон. 28 Мосфарм 07.23;;;;;бан. 200 см3;8,00;;8,000;
0121222 до 19.12.25, <партии не учитываются>;;;;;;8,000;;8,000;
Отпуск в отделение 0000-000063 от 21.02.2024 9:44:05;;;;;;8,000;;8,000;
Реамберин, р-р д/инф. 1.5 %, конт. 250 мл, тара картон. 5 12.23;;;;;конт. 250 см3;240,000;;240,000;
950723 до 30.06.26, <партии не учитываются>;;;;;;240,000;;240,000;
Отпуск в отделение 0000-000016 от 16.01.2024 14:55:26;;;;;;240,000;;10,000;230,000
Отпуск в отделение 0000-000019 от 17.01.2024 10:01:43;;;;;;230,000;;10,000;220,000
Отпуск в отделение 0000-000028 от 26.01.2024 9:59:46;;;;;;220,000;;10,000;210,000
Отпуск в отделение 0000-000037 от 02.02.2024 11:11:51;;;;;;210,000;;10,000;200,000
Отпуск в отделение 0000-000063 от 21.02.2024 9:44:05;;;;;;200,000;;15,000;185,000
Отпуск в отделение 0000-000089 от 11.03.2024 10:19:11;;;;;;185,000;;5,000;180,000
Отпуск в отделение 0000-000103 от 15.03.2024 13:03:19;;;;;;180,000;;20,000;160,000
Отпуск в отделение 0000-000126 от 02.04.2024 15:21:09;;;;;;160,000;;5,000;155,000
Отпуск в отделение 0000-000140 от 09.04.2024 11:08:04;;;;;;155,000;;10,000;145,000
Отпуск в отделение 0000-000175 от 26.04.2024 10:21:39;;;;;;145,000;;10,000;135,000
Отпуск в отделение 0000-000190 от 07.05.2024 11:06:49;;;;;;135,000;;15,000;120,000
Отпуск в отделение 0000-000192 от 08.05.2024 10:45:30;;;;;;120,000;;10,000;110,000
Отпуск в отделение 0000-000233 от 04.06.2024 14:07:33;;;;;;110,000;;10,000;100,000
Отпуск в отделение 0000-000270 от 01.07.2024 9:53:08;;;;;;100,000;;20,000;80,000
Отпуск в отделение 0000-000292 от 17.07.2024 9:21:34;;;;;;80,000;;20,000;60,000
Отпуск в отделение 0000-000351 от 26.08.2024 9:57:40;;;;;;60,000;;10,000;50,000
Отпуск в отделение 0000-000397 от 02.10.2024 9:56:50;;;;;;50,000;;20,000;30,000
Отпуск в отделение 0000-000407 от 10.10.2024 10:54:04;;;;;;30,000;;10,000;20,000
Отпуск в отделение 0000-000452 от 11.11.2024 10:25:38;;;;;;20,000;;10,000;10,000
Отпуск в отделение 0000-000471 от 22.11.2024 10:29:58;;;;;;10,000;;10,000;
Салфетки марлевые ньюфарм 16x 14см № 10шт стер;;;;;шт;112,000;;112,000;
<серии не учитываются>, <партии не учитываются>;;;;;;112,000;;112,000;
Отпуск в отделение 0000-000018 от 16.01.2024 16:04:21;;;;;;112,000;;30,000;82,000
Отпуск в отделение 0000-000068 от 21.02.2024 11:05:17;;;;;;82,000;;30,000;52,000
Отпуск в отделение 0000-000070 от 26.02.2024 9:53:14;;;;;;52,000;;10,000;42,000
Отпуск в отделение 0000-000091 от 11.03.2024 10:47:12;;;;;;42,000;;30,000;12,000
Отпуск в отделение 0000-000109 от 22.03.2024 10:41:58;;;;;;12,000;;12,000;
Салфетки спиртовые 110*125 одноразовые;;;;;шт;322 400,000;640 000,000;661 800,000;300 600,000
<серии не учитываются>, <партии не учитываются>;;;;;;322 400,000;640 000,000;661 800,000;300 600,000
Отпуск в отделение 0000-000009 от 12.01.2024 10:47:51;;;;;;322 400,000;;6 400,000;316 000,000
Отпуск в отделение 0000-000018 от 16.01.2024 16:04:21;;;;;;316 000,000;;6 400,000;309 600,000
Отпуск в отделение 0000-000020 от 18.01.2024 16:03:21;;;;;;309 600,000;;6 400,000;303 200,000
Отпуск в отделение 0000-000021 от 19.01.2024 14:31:55;;;;;;303 200,000;;6 400,000;296 800,000
Отпуск в отделение 0000-000024 от 22.01.2024 10:24:53;;;;;;296 800,000;;3 200,000;293 600,000
Отпуск в отделение 0000-000026 от 22.01.2024 13:50:00;;;;;;293 600,000;;3 200,000;290 400,000
Отпуск в отделение 0000-000030 от 26.01.2024 11:31:56;;;;;;290 400,000;;6 400,000;284 000,000
Отпуск в отделение 0000-000038 от 02.02.2024 11:32:13;;;;;;284 000,000;;6 400,000;277 600,000
Отпуск в отделение 0000-000041 от 05.02.2024 13:36:06;;;;;;277 600,000;;9 600,000;268 000,000
Отпуск в отделение 0000-000045 от 07.02.2024 11:37:25;;;;;;268 000,000;;6 400,000;261 600,000
Отпуск в отделение 0000-000046 от 07.02.2024 13:03:55;;;;;;261 600,000;;3 200,000;258 400,000
Отпуск в отделение 0000-000048 от 07.02.2024 13:21:23;;;;;;258 400,000;;9 600,000;248 800,000
Отпуск в отделение 0000-000049 от 09.02.2024 10:13:49;;;;;;248 800,000;;3 200,000;245 600,000
Отпуск в отделение 0000-000054 от 12.02.2024 16:36:56;;;;;;245 600,000;;6 400,000;239 200,000
Отпуск в отделение 0000-000061 от 19.02.2024 11:42:48;;;;;;239 200,000;;3 200,000;236 000,000
Отпуск в отделение 0000-000067 от 21.02.2024 11:02:05;;;;;;236 000,000;;9 600,000;226 400,000
Отпуск в отделение 0000-000068 от 21.02.2024 11:05:17;;;;;;226 400,000;;3 200,000;223 200,000
Отпуск в отделение 0000-000074 от 27.02.2024 15:25:48;;;;;;223 200,000;;3 200,000;220 000,000
Отпуск в отделение 0000-000080 от 04.03.2024 10:14:04;;;;;;220 000,000;;6 400,000;213 600,000
Отпуск в отделение 0000-000081 от 04.03.2024 10:14:58;;;;;;213 600,000;;3 200,000;210 400,000
Отпуск в отделение 0000-000087 от 06.03.2024 11:21:47;;;;;;210 400,000;;6 400,000;204 000,000
Отпуск в отделение 0000-000091 от 11.03.2024 10:47:12;;;;;;204 000,000;;3 200,000;200 800,000
Отпуск в отделение 0000-000096 от 13.03.2024 9:46:08;;;;;;200 800,000;;6 400,000;194 400,000
Отпуск в отделение 0000-000099 от 14.03.2024 15:50:54;;;;;;194 400,000;;6 400,000;188 000,000
Отпуск в отделение 0000-000102 от 15.03.2024 13:01:09;;;;;;188 000,000;;6 400,000;181 600,000
Отпуск в отделение 0000-000109 от 22.03.2024 10:41:58;;;;;;181 600,000;;3 200,000;178 400,000
Отпуск в отделение 0000-000113 от 22.03.2024 13:53:49;;;;;;178 400,000;;3 200,000;175 200,000
Отпуск в отделение 0000-000115 от 25.03.2024 11:35:29;;;;;;175 200,000;;3 200,000;172 000,000
Отпуск в отделение 0000-000118 от 27.03.2024 10:39:35;;;;;;172 000,000;;9 600,000;162 400,000
Отпуск в отделение 0000-000125 от 01.04.2024 11:38:11;;;;;;162 400,000;;6 400,000;156 000,000
Отпуск в отделение 0000-000132 от 03.04.2024 11:32:30;;;;;;156 000,000;;6 400,000;149 600,000
Отпуск в отделение 0000-000138 от 08.04.2024 11:11:51;;;;;;149 600,000;;3 200,000;146 400,000
Отпуск в отделение 0000-000149 от 12.04.2024 9:45:11;;;;;;146 400,000;;6 400,000;140 000,000
Отпуск в отделение 0000-000152 от 15.04.2024 9:08:21;;;;;;140 000,000;;6 400,000;133 600,000
Отпуск в отделение 0000-000158 от 17.04.2024 8:59:05;;;;;;133 600,000;;6 400,000;127 200,000
Отпуск в отделение 0000-000160 от 17.04.2024 10:08:58;;;;;;127 200,000;;2 400,000;124 800,000
Отпуск в отделение 0000-000164 от 22.04.2024 10:44:01;;;;;;124 800,000;;3 200,000;121 600,000
Отпуск в отделение 0000-000171 от 24.04.2024 11:54:51;;;;;;121 600,000;;6 400,000;115 200,000
Отпуск в отделение 0000-000176 от 26.04.2024 11:07:57;;;;;;115 200,000;;6 400,000;108 800,000
Отпуск в отделение 0000-000186 от 06.05.2024 11:37:37;;;;;;108 800,000;;6 400,000;102 400,000
Отпуск в отделение 0000-000191 от 08.05.2024 10:41:16;;;;;;102 400,000;;6 400,000;96 000,000
Отпуск в отделение 0000-000195 от 15.05.2024 11:39:36;;;;;;96 000,000;;3 200,000;92 800,000
Отпуск в отделение 0000-000196 от 15.05.2024 11:40:57;;;;;;92 800,000;;6 400,000;86 400,000
Отпуск в отделение 0000-000206 от 20.05.2024 15:28:22;;;;;;86 400,000;;6 400,000;80 000,000
Отпуск в отделение 0000-000207 от 20.05.2024 15:30:14;;;;;;80 000,000;;3 200,000;76 800,000
Отпуск в отделение 0000-000208 от 20.05.2024 15:32:03;;;;;;76 800,000;;6 400,000;70 400,000
Отпуск в отделение 0000-000215 от 23.05.2024 15:23:32;;;;;;70 400,000;;3 200,000;67 200,000
Отпуск в отделение 0000-000216 от 24.05.2024 10:01:50;;;;;;67 200,000;;3 200,000;64 000,000
Отпуск в отделение 0000-000222 от 27.05.2024 13:07:59;;;;;;64 000,000;;3 200,000;60 800,000
Отпуск в отделение 0000-000226 от 29.05.2024 16:25:47;;;;;;60 800,000;;9 600,000;51 200,000
Отпуск в отделение 0000-000229 от 03.06.2024 11:46:51;;;;;;51 200,000;;6 400,000;44 800,000
Отпуск в отделение 0000-000234 от 04.06.2024 14:48:25;;;;;;44 800,000;;3 200,000;41 600,000
Отпуск в отделение 0000-000236 от 07.06.2024 14:55:49;;;;;;41 600,000;;3 200,000;38 400,000
Отпуск в отделение 0000-000239 от 10.06.2024 10:41:53;;;;;;38 400,000;;3 200,000;35 200,000
Отпуск в отделение 0000-000241 от 10.06.2024 11:01:56;;;;;;35 200,000;;6 400,000;28 800,000
Отпуск в отделение 0000-000246 от 18.06.2024 13:11:46;;;;;;28 800,000;;6 400,000;22 400,000
Отпуск в отделение 0000-000253 от 20.06.2024 10:44:25;;;;;;22 400,000;;3 200,000;19 200,000
Отпуск в отделение 0000-000256 от 21.06.2024 9:57:09;;;;;;19 200,000;;6 400,000;12 800,000
Поступление товаров 0000-000052 от 24.06.2024 11:05:10;;;;;;12 800,000;250 000,000;;262 800,000
Отпуск в отделение 0000-000258 от 24.06.2024 11:11:48;;;;;;262 800,000;;3 200,000;259 600,000
Отпуск в отделение 0000-000264 от 27.06.2024 10:03:54;;;;;;259 600,000;;6 400,000;253 200,000
Отпуск в отделение 0000-000266 от 01.07.2024 9:00:02;;;;;;253 200,000;;3 200,000;250 000,000
Отпуск в отделение 0000-000272 от 03.07.2024 9:59:01;;;;;;250 000,000;;6 800,000;243 200,000
Отпуск в отделение 0000-000277 от 05.07.2024 13:30:21;;;;;;243 200,000;;6 400,000;236 800,000
Отпуск в отделение 0000-000278 от 08.07.2024 10:06:57;;;;;;236 800,000;;3 200,000;233 600,000
Отпуск в отделение 0000-000284 от 12.07.2024 11:21:40;;;;;;233 600,000;;3 200,000;230 400,000
Отпуск в отделение 0000-000286 от 15.07.2024 9:56:30;;;;;;230 400,000;;6 400,000;224 000,000
Отпуск в отделение 0000-000287 от 15.07.2024 10:08:21;;;;;;224 000,000;;6 400,000;217 600,000
Отпуск в отделение 0000-000297 от 17.07.2024 15:45:02;;;;;;217 600,000;;6 400,000;211 200,000
Отпуск в отделение 0000-000301 от 22.07.2024 13:03:08;;;;;;211 200,000;;3 200,000;208 000,000
Отпуск в отделение 0000-000310 от 29.07.2024 11:47:29;;;;;;208 000,000;;9 600,000;198 400,000
Отпуск в отделение 0000-000315 от 02.08.2024 16:48:46;;;;;;198 400,000;;9 600,000;188 800,000
Отпуск в отделение 0000-000319 от 05.08.2024 13:43:28;;;;;;188 800,000;;9 600,000;179 200,000
Отпуск в отделение 0000-000322 от 07.08.2024 13:24:49;;;;;;179 200,000;;6 400,000;172 800,000
Отпуск в отделение 0000-000327 от 12.08.2024 11:34:32;;;;;;172 800,000;;3 200,000;169 600,000
Отпуск в отделение 0000-000330 от 12.08.2024 14:40:56;;;;;;169 600,000;;6 400,000;163 200,000
Отпуск в отделение 0000-000342 от 19.08.2024 10:09:23;;;;;;163 200,000;;3 200,000;160 000,000
Отпуск в отделение 0000-000348 от 23.08.2024 11:09:52;;;;;;160 000,000;;6 400,000;153 600,000
Отпуск в отделение 0000-000353 от 26.08.2024 10:23:25;;;;;;153 600,000;;3 200,000;150 400,000
Поступление товаров 0000-000077 от 26.08.2024 15:06:24;;;;;;150 400,000;195 000,000;;345 400,000
Отпуск в отделение 0000-000359 от 29.08.2024 11:40:16;;;;;;345 400,000;;6 200,000;339 200,000
Отпуск в отделение 0000-000362 от 02.09.2024 11:34:19;;;;;;339 200,000;;3 200,000;336 000,000
Отпуск в отделение 0000-000366 от 05.09.2024 15:31:33;;;;;;336 000,000;;6 400,000;329 600,000
Отпуск в отделение 0000-000369 от 09.09.2024 10:11:46;;;;;;329 600,000;;3 200,000;326 400,000
Отпуск в отделение 0000-000374 от 11.09.2024 11:18:03;;;;;;326 400,000;;12 800,000;313 600,000
Отпуск в отделение 0000-000375 от 12.09.2024 8:58:10;;;;;;313 600,000;;3 200,000;310 400,000
Отпуск в отделение 0000-000378 от 16.09.2024 10:35:31;;;;;;310 400,000;;3 200,000;307 200,000
Отпуск в отделение 0000-000381 от 19.09.2024 8:02:17;;;;;;307 200,000;;3 200,000;304 000,000
Отпуск в отделение 0000-000387 от 23.09.2024 10:58:19;;;;;;304 000,000;;3 200,000;300 800,000
Отпуск в отделение 0000-000390 от 25.09.2024 10:16:59;;;;;;300 800,000;;3 200,000;297 600,000
Отпуск в отделение 0000-000394 от 01.10.2024 10:28:39;;;;;;297 600,000;;3 200,000;294 400,000
Отпуск в отделение 0000-000399 от 04.10.2024 10:29:22;;;;;;294 400,000;;9 600,000;284 800,000
Отпуск в отделение 0000-000401 от 08.10.2024 9:27:41;;;;;;284 800,000;;9 600,000;275 200,000
Отпуск в отделение 0000-000406 от 09.10.2024 10:42:08;;;;;;275 200,000;;6 400,000;268 800,000
Отпуск в отделение 0000-000408 от 11.10.2024 11:08:56;;;;;;268 800,000;;3 200,000;265 600,000
Отпуск в отделение 0000-000412 от 14.10.2024 11:06:02;;;;;;265 600,000;;6 400,000;259 200,000
Отпуск в отделение 0000-000416 от 18.10.2024 11:09:16;;;;;;259 200,000;;6 400,000;252 800,000
Отпуск в отделение 0000-000419 от 21.10.2024 10:25:34;;;;;;252 800,000;;6 400,000;246 400,000
Отпуск в отделение 0000-000425 от 23.10.2024 10:44:27;;;;;;246 400,000;;6 400,000;240 000,000
Отпуск в отделение 0000-000429 от 25.10.2024 9:39:33;;;;;;240 000,000;;6 400,000;233 600,000
Отпуск в отделение 0000-000432 от 28.10.2024 10:26:41;;;;;;233 600,000;;3 200,000;230 400,000
Отпуск в отделение 0000-000442 от 05.11.2024 11:29:30;;;;;;230 400,000;;3 200,000;227 200,000
Отпуск в отделение 0000-000446 от 06.11.2024 11:30:40;;;;;;227 200,000;;3 200,000;224 000,000
Отпуск в отделение 0000-000447 от 06.11.2024 11:33:57;;;;;;224 000,000;;6 400,000;217 600,000
Отпуск в отделение 0000-000453 от 11.11.2024 10:49:28;;;;;;217 600,000;;3 200,000;214 400,000
Отпуск в отделение 0000-000455 от 11.11.2024 13:26:22;;;;;;214 400,000;;3 200,000;211 200,000
Поступление товаров 0000-000093 от 11.11.2024 15:37:01;;;;;;211 200,000;195 000,000;;406 200,000
Отпуск в отделение 0000-000458 от 15.11.2024 10:55:52;;;;;;406 200,000;;6 400,000;399 800,000
Отпуск в отделение 0000-000464 от 18.11.2024 11:55:07;;;;;;399 800,000;;3 200,000;396 600,000
Отпуск в отделение 0000-000470 от 22.11.2024 10:28:47;;;;;;396 600,000;;3 200,000;393 400,000
Отпуск в отделение 0000-000472 от 25.11.2024 9:48:13;;;;;;393 400,000;;3 200,000;390 200,000
Отпуск в отделение 0000-000474 от 25.11.2024 10:24:36;;;;;;390 200,000;;3 200,000;387 000,000
Отпуск в отделение 0000-000481 от 28.11.2024 14:14:02;;;;;;387 000,000;;3 200,000;383 800,000
Отпуск в отделение 0000-000485 от 02.12.2024 10:16:42;;;;;;383 800,000;;3 200,000;380 600,000
Отпуск в отделение 0000-000488 от 03.12.2024 15:24:43;;;;;;380 600,000;;3 200,000;377 400,000
Отпуск в отделение 0000-000497 от 06.12.2024 14:02:09;;;;;;377 400,000;;6 400,000;371 000,000
Отпуск в отделение 0000-000498 от 06.12.2024 14:05:26;;;;;;371 000,000;;6 400,000;364 600,000
Отпуск в отделение 0000-000501 от 09.12.2024 13:15:38;;;;;;364 600,000;;3 200,000;361 400,000
Отпуск в отделение 0000-000504 от 10.12.2024 14:11:47;;;;;;361 400,000;;3 200,000;358 200,000
Отпуск в отделение 0000-000506 от 13.12.2024 11:06:52;;;;;;358 200,000;;3 200,000;355 000,000
Отпуск в отделение 0000-000509 от 16.12.2024 9:44:18;;;;;;355 000,000;;6 400,000;348 600,000
Отпуск в отделение 0000-000512 от 17.12.2024 15:51:56;;;;;;348 600,000;;6 400,000;342 200,000
Отпуск в отделение 0000-000514 от 18.12.2024 9:55:17;;;;;;342 200,000;;6 400,000;335 800,000
Отпуск в отделение 0000-000519 от 23.12.2024 15:19:50;;;;;;335 800,000;;3 200,000;332 600,000
Отпуск в отделение 0000-000524 от 25.12.2024 11:16:41;;;;;;332 600,000;;6 400,000;326 200,000
Отпуск в отделение 0000-000525 от 25.12.2024 16:33:37;;;;;;326 200,000;;3 200,000;323 000,000
Отпуск в отделение 0000-000526 от 25.12.2024 16:38:01;;;;;;323 000,000;;16 000,000;307 000,000
Отпуск в отделение 0000-000528 от 26.12.2024 16:32:39;;;;;;307 000,000;;6 400,000;300 600,000
Салфетки стерильные 16*14;;;;;шт;;917,000;773,000;144,000
<серии не учитываются>, <партии не учитываются>;;;;;;;917,000;773,000;144,000
Поступление товаров 0000-000010 от 19.03.2024 15:08:08;;;;;;;362,000;;362,000
Отпуск в отделение 0000-000109 от 22.03.2024 10:41:58;;;;;;362,000;;18,000;344,000
Отпуск в отделение 0000-000110 от 22.03.2024 10:42:38;;;;;;344,000;;175,000;169,000
Отпуск в отделение 0000-000180 от 03.05.2024 10:38:33;;;;;;169,000;;20,000;149,000
Отпуск в отделение 0000-000186 от 06.05.2024 11:37:37;;;;;;149,000;;30,000;119,000
Отпуск в отделение 0000-000195 от 15.05.2024 11:39:36;;;;;;119,000;;30,000;89,000
Отпуск в отделение 0000-000208 от 20.05.2024 15:32:03;;;;;;89,000;;30,000;59,000
Поступление товаров 0000-000044 от 04.06.2024 13:25:44;;;;;;59,000;177,000;;236,000
Отпуск в отделение 0000-000253 от 20.06.2024 10:44:25;;;;;;236,000;;30,000;206,000
Отпуск в отделение 0000-000256 от 21.06.2024 9:57:09;;;;;;206,000;;10,000;196,000
Отпуск в отделение 0000-000266 от 01.07.2024 9:00:02;;;;;;196,000;;50,000;146,000
Отпуск в отделение 0000-000277 от 05.07.2024 13:30:21;;;;;;146,000;;30,000;116,000
Отпуск в отделение 0000-000297 от 17.07.2024 15:45:02;;;;;;116,000;;30,000;86,000
Отпуск в отделение 0000-000327 от 12.08.2024 11:34:32;;;;;;86,000;;30,000;56,000
Отпуск в отделение 0000-000330 от 12.08.2024 14:40:56;;;;;;56,000;;10,000;46,000
Отпуск в отделение 0000-000352 от 26.08.2024 10:20:59;;;;;;46,000;;10,000;36,000
Поступление товаров 0000-000078 от 28.08.2024 9:19:57;;;;;;36,000;193,000;;229,000
Отпуск в отделение 0000-000366 от 05.09.2024 15:31:33;;;;;;229,000;;10,000;219,000
Отпуск в отделение 0000-000381 от 19.09.2024 8:02:17;;;;;;219,000;;30,000;189,000
Отпуск в отделение 0000-000387 от 23.09.2024 10:58:19;;;;;;189,000;;30,000;159,000
Отпуск в отделение 0000-000401 от 08.10.2024 9:27:41;;;;;;159,000;;50,000;109,000
Отпуск в отделение 0000-000421 от 21.10.2024 11:40:13;;;;;;109,000;;10,000;99,000
Отпуск в отделение 0000-000429 от 25.10.2024 9:39:33;;;;;;99,000;;10,000;89,000
Отпуск в отделение 0000-000446 от 06.11.2024 11:30:40;;;;;;89,000;;20,000;69,000
Отпуск в отделение 0000-000468 от 20.11.2024 11:14:34;;;;;;69,000;;10,000;59,000
Поступление товаров 0000-000097 от 20.11.2024 13:13:19;;;;;;59,000;185,000;;244,000
Отпуск в отделение 0000-000472 от 25.11.2024 9:48:13;;;;;;244,000;;30,000;214,000
Отпуск в отделение 0000-000498 от 06.12.2024 14:05:26;;;;;;214,000;;10,000;204,000
Отпуск в отделение 0000-000514 от 18.12.2024 9:55:17;;;;;;204,000;;20,000;184,000
Отпуск в отделение 0000-000526 от 25.12.2024 16:38:01;;;;;;184,000;;40,000;144,000
Сальбутамол АВ, аэроз. д/ингал. доз. 100 мкг/доза, балл. 200, пач. картон. 1 04.23;;;;;балл. 200;5,00;;5,000;
30123 до 01.02.25, <партии не учитываются>;;;;;;5,000;;5,000;
Отпуск в отделение 0000-000428 от 23.10.2024 15:41:35;;;;;;5,000;;5,000;
Сибазон, р-р для в/в и в/м введ. 5 мг/мл, с нож. амп., 2 мл, N 5 Московский эндокринный завод ФГУП;;;;;амп. 2 мл;305,00;1 000,000;1 005,000;300,000
120924 до 31.08.27, <партии не учитываются>;;;;;;;500,000;200,000;300,000
Поступление товаров 0000-000104 от 04.12.2024 15:26:12;;;;;;;500,000;;500,000
Отпуск в отделение 0000-000496 от 06.12.2024 13:43:57;;;;;;500,000;;50,000;450,000
Отпуск в отделение 0000-000510 от 17.12.2024 14:03:59;;;;;;450,000;;50,000;400,000
Отпуск в отделение 0000-000532 от 27.12.2024 16:20:37;;;;;;400,000;;100,000;300,000
130923 до 30.09.26, <партии не учитываются>;;;;;;;250,000;250,000;
Поступление товаров 0000-000063 от 02.08.2024 17:23:32;;;;;;;250,000;;250,000
Отпуск в отделение 0000-000324 от 08.08.2024 10:16:23;;;;;;250,000;;90,000;160,000
Отпуск в отделение 0000-000373 от 11.09.2024 11:04:02;;;;;;160,000;;15,000;145,000
Отпуск в отделение 0000-000400 от 04.10.2024 10:35:07;;;;;;145,000;;50,000;95,000
Отпуск в отделение 0000-000418 от 18.10.2024 11:36:20;;;;;;95,000;;50,000;45,000
Отпуск в отделение 0000-000448 от 08.11.2024 11:03:12;;;;;;45,000;;45,000;
20523 до 31.05.26, <партии не учитываются>;;;;;;55,000;;55,000;
Отпуск в отделение 0000-000059 от 16.02.2024 11:38:34;;;;;;55,000;;50,000;5,000
Отпуск в отделение 0000-000174 от 26.04.2024 9:11:24;;;;;;5,000;;5,000;
70523 до 31.05.26, <партии не учитываются>;;;;;;250,000;250,000;500,000;
Отпуск в отделение 0000-000086 от 06.03.2024 11:12:26;;;;;;250,000;;50,000;200,000
Отпуск в отделение 0000-000111 от 22.03.2024 11:04:02;;;;;;200,000;;50,000;150,000
Поступление товаров 0000-000012 от 03.04.2024 8:27:15;;;;;;150,000;250,000;;400,000
Отпуск в отделение 0000-000148 от 12.04.2024 9:36:13;;;;;;400,000;;50,000;350,000
Отпуск в отделение 0000-000174 от 26.04.2024 9:11:24;;;;;;350,000;;45,000;305,000
Отпуск в отделение 0000-000193 от 08.05.2024 12:12:48;;;;;;305,000;;50,000;255,000
Отпуск в отделение 0000-000230 от 03.06.2024 11:47:48;;;;;;255,000;;50,000;205,000
Отпуск в отделение 0000-000240 от 10.06.2024 10:42:57;;;;;;205,000;;50,000;155,000
Отпуск в отделение 0000-000263 от 27.06.2024 9:58:41;;;;;;155,000;;50,000;105,000
Отпуск в отделение 0000-000311 от 29.07.2024 11:48:44;;;;;;105,000;;50,000;55,000
Отпуск в отделение 0000-000355 от 28.08.2024 10:42:57;;;;;;55,000;;20,000;35,000
Отпуск в отделение 0000-000373 от 11.09.2024 11:04:02;;;;;;35,000;;35,000;
Системы для инфузий одноразовые;;;;;шт;2 350,000;5 000,000;4 155,000;3 195,000
<серии не учитываются>, <партии не учитываются>;;;;;;2 350,000;5 000,000;4 155,000;3 195,000
Отпуск в отделение 0000-000018 от 16.01.2024 16:04:21;;;;;;2 350,000;;125,000;2 225,000
Отпуск в отделение 0000-000024 от 22.01.2024 10:24:53;;;;;;2 225,000;;100,000;2 125,000
Отпуск в отделение 0000-000045 от 07.02.2024 11:37:25;;;;;;2 125,000;;50,000;2 075,000
Отпуск в отделение 0000-000061 от 19.02.2024 11:42:48;;;;;;2 075,000;;100,000;1 975,000
Отпуск в отделение 0000-000070 от 26.02.2024 9:53:14;;;;;;1 975,000;;50,000;1 925,000
Отпуск в отделение 0000-000074 от 27.02.2024 15:25:48;;;;;;1 925,000;;25,000;1 900,000
Отпуск в отделение 0000-000080 от 04.03.2024 10:14:04;;;;;;1 900,000;;50,000;1 850,000
Отпуск в отделение 0000-000087 от 06.03.2024 11:21:47;;;;;;1 850,000;;25,000;1 825,000
Отпуск в отделение 0000-000088 от 06.03.2024 11:24:26;;;;;;1 825,000;;100,000;1 725,000
Отпуск в отделение 0000-000091 от 11.03.2024 10:47:12;;;;;;1 725,000;;25,000;1 700,000
Отпуск в отделение 0000-000102 от 15.03.2024 13:01:09;;;;;;1 700,000;;50,000;1 650,000
Отпуск в отделение 0000-000113 от 22.03.2024 13:53:49;;;;;;1 650,000;;25,000;1 625,000
Отпуск в отделение 0000-000118 от 27.03.2024 10:39:35;;;;;;1 625,000;;50,000;1 575,000
Отпуск в отделение 0000-000125 от 01.04.2024 11:38:11;;;;;;1 575,000;;50,000;1 525,000
Отпуск в отделение 0000-000132 от 03.04.2024 11:32:30;;;;;;1 525,000;;50,000;1 475,000
Отпуск в отделение 0000-000138 от 08.04.2024 11:11:51;;;;;;1 475,000;;25,000;1 450,000
Отпуск в отделение 0000-000141 от 09.04.2024 11:54:04;;;;;;1 450,000;;50,000;1 400,000
Отпуск в отделение 0000-000152 от 15.04.2024 9:08:21;;;;;;1 400,000;;50,000;1 350,000
Отпуск в отделение 0000-000158 от 17.04.2024 8:59:05;;;;;;1 350,000;;50,000;1 300,000
Отпуск в отделение 0000-000171 от 24.04.2024 11:54:51;;;;;;1 300,000;;50,000;1 250,000
Отпуск в отделение 0000-000180 от 03.05.2024 10:38:33;;;;;;1 250,000;;50,000;1 200,000
Отпуск в отделение 0000-000186 от 06.05.2024 11:37:37;;;;;;1 200,000;;50,000;1 150,000
Отпуск в отделение 0000-000191 от 08.05.2024 10:41:16;;;;;;1 150,000;;50,000;1 100,000
Отпуск в отделение 0000-000195 от 15.05.2024 11:39:36;;;;;;1 100,000;;75,000;1 025,000
Отпуск в отделение 0000-000207 от 20.05.2024 15:30:14;;;;;;1 025,000;;50,000;975,000
Отпуск в отделение 0000-000208 от 20.05.2024 15:32:03;;;;;;975,000;;50,000;925,000
Отпуск в отделение 0000-000226 от 29.05.2024 16:25:47;;;;;;925,000;;50,000;875,000
Отпуск в отделение 0000-000229 от 03.06.2024 11:46:51;;;;;;875,000;;50,000;825,000
Отпуск в отделение 0000-000234 от 04.06.2024 14:48:25;;;;;;825,000;;75,000;750,000
Поступление товаров 0000-000046 от 06.06.2024 9:10:25;;;;;;750,000;5 000,000;;5 750,000
Отпуск в отделение 0000-000239 от 10.06.2024 10:41:53;;;;;;5 750,000;;25,000;5 725,000
Отпуск в отделение 0000-000244 от 14.06.2024 13:28:52;;;;;;5 725,000;;25,000;5 700,000
Отпуск в отделение 0000-000246 от 18.06.2024 13:11:46;;;;;;5 700,000;;50,000;5 650,000
Отпуск в отделение 0000-000258 от 24.06.2024 11:11:48;;;;;;5 650,000;;50,000;5 600,000
Отпуск в отделение 0000-000264 от 27.06.2024 10:03:54;;;;;;5 600,000;;50,000;5 550,000
Отпуск в отделение 0000-000266 от 01.07.2024 9:00:02;;;;;;5 550,000;;50,000;5 500,000
Отпуск в отделение 0000-000277 от 05.07.2024 13:30:21;;;;;;5 500,000;;50,000;5 450,000
Отпуск в отделение 0000-000282 от 10.07.2024 10:33:16;;;;;;5 450,000;;50,000;5 400,000
Отпуск в отделение 0000-000287 от 15.07.2024 10:08:21;;;;;;5 400,000;;50,000;5 350,000
Отпуск в отделение 0000-000297 от 17.07.2024 15:45:02;;;;;;5 350,000;;50,000;5 300,000
Отпуск в отделение 0000-000298 от 19.07.2024 10:58:05;;;;;;5 300,000;;50,000;5 250,000
Отпуск в отделение 0000-000301 от 22.07.2024 13:03:08;;;;;;5 250,000;;50,000;5 200,000
Отпуск в отделение 0000-000308 от 26.07.2024 10:48:46;;;;;;5 200,000;;50,000;5 150,000
Отпуск в отделение 0000-000319 от 05.08.2024 13:43:28;;;;;;5 150,000;;100,000;5 050,000
Отпуск в отделение 0000-000337 от 14.08.2024 10:35:45;;;;;;5 050,000;;50,000;5 000,000
Отпуск в отделение 0000-000347 от 22.08.2024 11:55:08;;;;;;5 000,000;;90,000;4 910,000
Отпуск в отделение 0000-000348 от 23.08.2024 11:09:52;;;;;;4 910,000;;45,000;4 865,000
Отпуск в отделение 0000-000362 от 02.09.2024 11:34:19;;;;;;4 865,000;;45,000;4 820,000
Отпуск в отделение 0000-000363 от 02.09.2024 13:21:00;;;;;;4 820,000;;45,000;4 775,000
Отпуск в отделение 0000-000366 от 05.09.2024 15:31:33;;;;;;4 775,000;;45,000;4 730,000
Отпуск в отделение 0000-000369 от 09.09.2024 10:11:46;;;;;;4 730,000;;45,000;4 685,000
Отпуск в отделение 0000-000374 от 11.09.2024 11:18:03;;;;;;4 685,000;;90,000;4 595,000
Отпуск в отделение 0000-000378 от 16.09.2024 10:35:31;;;;;;4 595,000;;90,000;4 505,000
Отпуск в отделение 0000-000381 от 19.09.2024 8:02:17;;;;;;4 505,000;;45,000;4 460,000
Отпуск в отделение 0000-000387 от 23.09.2024 10:58:19;;;;;;4 460,000;;45,000;4 415,000
Отпуск в отделение 0000-000399 от 04.10.2024 10:29:22;;;;;;4 415,000;;45,000;4 370,000
Отпуск в отделение 0000-000401 от 08.10.2024 9:27:41;;;;;;4 370,000;;45,000;4 325,000
Отпуск в отделение 0000-000406 от 09.10.2024 10:42:08;;;;;;4 325,000;;45,000;4 280,000
Отпуск в отделение 0000-000416 от 18.10.2024 11:09:16;;;;;;4 280,000;;90,000;4 190,000
Отпуск в отделение 0000-000419 от 21.10.2024 10:25:34;;;;;;4 190,000;;45,000;4 145,000
Отпуск в отделение 0000-000425 от 23.10.2024 10:44:27;;;;;;4 145,000;;45,000;4 100,000
Отпуск в отделение 0000-000439 от 02.11.2024 14:28:46;;;;;;4 100,000;;90,000;4 010,000
Отпуск в отделение 0000-000446 от 06.11.2024 11:30:40;;;;;;4 010,000;;45,000;3 965,000
Отпуск в отделение 0000-000458 от 15.11.2024 10:55:52;;;;;;3 965,000;;45,000;3 920,000
Отпуск в отделение 0000-000464 от 18.11.2024 11:55:07;;;;;;3 920,000;;90,000;3 830,000
Отпуск в отделение 0000-000466 от 20.11.2024 10:50:41;;;;;;3 830,000;;45,000;3 785,000
Отпуск в отделение 0000-000481 от 28.11.2024 14:14:02;;;;;;3 785,000;;45,000;3 740,000
Отпуск в отделение 0000-000485 от 02.12.2024 10:16:42;;;;;;3 740,000;;45,000;3 695,000
Отпуск в отделение 0000-000497 от 06.12.2024 14:02:09;;;;;;3 695,000;;90,000;3 605,000
Отпуск в отделение 0000-000501 от 09.12.2024 13:15:38;;;;;;3 605,000;;50,000;3 555,000
Отпуск в отделение 0000-000514 от 18.12.2024 9:55:17;;;;;;3 555,000;;90,000;3 465,000
Отпуск в отделение 0000-000524 от 25.12.2024 11:16:41;;;;;;3 465,000;;45,000;3 420,000
Отпуск в отделение 0000-000526 от 25.12.2024 16:38:01;;;;;;3 420,000;;180,000;3 240,000
Отпуск в отделение 0000-000528 от 26.12.2024 16:32:39;;;;;;3 240,000;;45,000;3 195,000
Скальпель одноразовый;;;;;шт;80,000;;48,000;32,000
<серии не учитываются>, <партии не учитываются>;;;;;;80,000;;48,000;32,000
Отпуск в отделение 0000-000080 от 04.03.2024 10:14:04;;;;;;80,000;;22,000;58,000
Отпуск в отделение 0000-000132 от 03.04.2024 11:32:30;;;;;;58,000;;26,000;32,000
Скарификатор одноразовый;;;;;шт;17 000,000;;15 000,000;2 000,000
<серии не учитываются>, <партии не учитываются>;;;;;;17 000,000;;15 000,000;2 000,000
Отпуск в отделение 0000-000004 от 09.01.2024 10:49:31;;;;;;17 000,000;;1 000,000;16 000,000
Отпуск в отделение 0000-000041 от 05.02.2024 13:36:06;;;;;;16 000,000;;1 000,000;15 000,000
Отпуск в отделение 0000-000057 от 16.02.2024 10:36:29;;;;;;15 000,000;;1 000,000;14 000,000
Отпуск в отделение 0000-000115 от 25.03.2024 11:35:29;;;;;;14 000,000;;1 000,000;13 000,000
Отпуск в отделение 0000-000132 от 03.04.2024 11:32:30;;;;;;13 000,000;;1 000,000;12 000,000
Отпуск в отделение 0000-000171 от 24.04.2024 11:54:51;;;;;;12 000,000;;1 000,000;11 000,000
Отпуск в отделение 0000-000229 от 03.06.2024 11:46:51;;;;;;11 000,000;;1 000,000;10 000,000
Отпуск в отделение 0000-000274 от 05.07.2024 10:46:09;;;;;;10 000,000;;1 000,000;9 000,000
Отпуск в отделение 0000-000297 от 17.07.2024 15:45:02;;;;;;9 000,000;;1 000,000;8 000,000
Отпуск в отделение 0000-000352 от 26.08.2024 10:20:59;;;;;;8 000,000;;1 000,000;7 000,000
Отпуск в отделение 0000-000353 от 26.08.2024 10:23:25;;;;;;7 000,000;;1 000,000;6 000,000
Отпуск в отделение 0000-000416 от 18.10.2024 11:09:16;;;;;;6 000,000;;1 000,000;5 000,000
Отпуск в отделение 0000-000442 от 05.11.2024 11:29:30;;;;;;5 000,000;;1 000,000;4 000,000
Отпуск в отделение 0000-000514 от 18.12.2024 9:55:17;;;;;;4 000,000;;1 000,000;3 000,000
Отпуск в отделение 0000-000526 от 25.12.2024 16:38:01;;;;;;3 000,000;;1 000,000;2 000,000
Смекта, пор. д/сусп. для приема внутрь 3 г, пак. 3,76 г, пач. картон. 30;;;;;пак. 3.76 г;;450,000;450,000;
A76242 до 31.10.26, <партии не учитываются>;;;;;;;450,000;450,000;
Поступление товаров 0000-000086 от 15.10.2024 10:47:52;;;;;;;450,000;;450,000
Отпуск в отделение 0000-000431 от 28.10.2024 9:36:38;;;;;;450,000;;450,000;
Спазматен, р-р для в/в и в/м введ. 500 мг/мл+2 мг/мл+0.02 мг/мл, амп. 5 мл, пач. картон. 10  07.24г.;;;;;амп. 5 мл;;5 000,000;3 420,000;1 580,000
030524 до 31.05.26, <партии не учитываются>;;;;;;;5 000,000;3 420,000;1 580,000
Поступление товаров 0000-000054 от 02.07.2024 9:31:03;;;;;;;5 000,000;;5 000,000
Отпуск в отделение 0000-000271 от 03.07.2024 9:32:38;;;;;;5 000,000;;100,000;4 900,000
Отпуск в отделение 0000-000276 от 05.07.2024 11:22:28;;;;;;4 900,000;;100,000;4 800,000
Отпуск в отделение 0000-000279 от 08.07.2024 10:11:33;;;;;;4 800,000;;100,000;4 700,000
Отпуск в отделение 0000-000285 от 15.07.2024 9:35:52;;;;;;4 700,000;;80,000;4 620,000
Отпуск в отделение 0000-000288 от 15.07.2024 10:19:45;;;;;;4 620,000;;100,000;4 520,000
Отпуск в отделение 0000-000293 от 17.07.2024 9:59:13;;;;;;4 520,000;;100,000;4 420,000
Отпуск в отделение 0000-000302 от 22.07.2024 13:07:35;;;;;;4 420,000;;50,000;4 370,000
Отпуск в отделение 0000-000314 от 02.08.2024 14:51:50;;;;;;4 370,000;;50,000;4 320,000
Отпуск в отделение 0000-000316 от 05.08.2024 11:01:37;;;;;;4 320,000;;150,000;4 170,000
Отпуск в отделение 0000-000321 от 07.08.2024 11:08:47;;;;;;4 170,000;;150,000;4 020,000
Отпуск в отделение 0000-000335 от 14.08.2024 10:08:22;;;;;;4 020,000;;50,000;3 970,000
Отпуск в отделение 0000-000340 от 19.08.2024 9:06:52;;;;;;3 970,000;;100,000;3 870,000
Отпуск в отделение 0000-000346 от 22.08.2024 11:21:57;;;;;;3 870,000;;50,000;3 820,000
Отпуск в отделение 0000-000354 от 26.08.2024 10:26:30;;;;;;3 820,000;;100,000;3 720,000
Отпуск в отделение 0000-000360 от 02.09.2024 9:34:07;;;;;;3 720,000;;100,000;3 620,000
Отпуск в отделение 0000-000364 от 02.09.2024 13:22:32;;;;;;3 620,000;;50,000;3 570,000
Отпуск в отделение 0000-000365 от 05.09.2024 13:17:07;;;;;;3 570,000;;50,000;3 520,000
Отпуск в отделение 0000-000372 от 11.09.2024 10:22:00;;;;;;3 520,000;;40,000;3 480,000
Отпуск в отделение 0000-000382 от 19.09.2024 8:21:45;;;;;;3 480,000;;80,000;3 400,000
Отпуск в отделение 0000-000400 от 04.10.2024 10:35:07;;;;;;3 400,000;;50,000;3 350,000
Отпуск в отделение 0000-000402 от 08.10.2024 9:37:04;;;;;;3 350,000;;200,000;3 150,000
Отпуск в отделение 0000-000404 от 08.10.2024 10:47:24;;;;;;3 150,000;;100,000;3 050,000
Отпуск в отделение 0000-000407 от 10.10.2024 10:54:04;;;;;;3 050,000;;100,000;2 950,000
Отпуск в отделение 0000-000409 от 11.10.2024 11:13:14;;;;;;2 950,000;;40,000;2 910,000
Отпуск в отделение 0000-000420 от 21.10.2024 10:57:24;;;;;;2 910,000;;50,000;2 860,000
Отпуск в отделение 0000-000430 от 25.10.2024 9:45:24;;;;;;2 860,000;;40,000;2 820,000
Отпуск в отделение 0000-000444 от 06.11.2024 8:43:10;;;;;;2 820,000;;100,000;2 720,000
Отпуск в отделение 0000-000445 от 06.11.2024 10:42:12;;;;;;2 720,000;;40,000;2 680,000
Отпуск в отделение 0000-000454 от 11.11.2024 10:54:33;;;;;;2 680,000;;70,000;2 610,000
Отпуск в отделение 0000-000460 от 18.11.2024 10:02:14;;;;;;2 610,000;;40,000;2 570,000
Отпуск в отделение 0000-000465 от 20.11.2024 9:29:48;;;;;;2 570,000;;100,000;2 470,000
Отпуск в отделение 0000-000479 от 28.11.2024 10:45:08;;;;;;2 470,000;;40,000;2 430,000
Отпуск в отделение 0000-000483 от 02.12.2024 9:12:54;;;;;;2 430,000;;80,000;2 350,000
Отпуск в отделение 0000-000492 от 04.12.2024 15:36:06;;;;;;2 350,000;;30,000;2 320,000
Отпуск в отделение 0000-000495 от 06.12.2024 11:07:16;;;;;;2 320,000;;40,000;2 280,000
Отпуск в отделение 0000-000499 от 09.12.2024 10:48:28;;;;;;2 280,000;;50,000;2 230,000
Отпуск в отделение 0000-000502 от 10.12.2024 11:09:59;;;;;;2 230,000;;40,000;2 190,000
Отпуск в отделение 0000-000508 от 16.12.2024 9:25:15;;;;;;2 190,000;;100,000;2 090,000
Отпуск в отделение 0000-000511 от 17.12.2024 14:38:17;;;;;;2 090,000;;150,000;1 940,000
Отпуск в отделение 0000-000518 от 23.12.2024 13:51:58;;;;;;1 940,000;;100,000;1 840,000
Отпуск в отделение 0000-000522 от 24.12.2024 15:26:22;;;;;;1 840,000;;100,000;1 740,000
Отпуск в отделение 0000-000531 от 27.12.2024 13:33:59;;;;;;1 740,000;;160,000;1 580,000
Стелфрин, р-р д/ин. 10 мг/мл, амп. 1 мл, пач. картон. 10;;;;;амп. 1 мл;;1 500,000;990,000;510,000
010124 до 31.12.25, <партии не учитываются>;;;;;;;1 500,000;990,000;510,000
Поступление товаров 0000-000083 от 06.09.2024 15:51:52;;;;;;;1 500,000;;1 500,000
Отпуск в отделение 0000-000368 от 09.09.2024 9:52:34;;;;;;1 500,000;;50,000;1 450,000
Отпуск в отделение 0000-000370 от 09.09.2024 10:15:29;;;;;;1 450,000;;30,000;1 420,000
Отпуск в отделение 0000-000389 от 23.09.2024 11:28:55;;;;;;1 420,000;;50,000;1 370,000
Отпуск в отделение 0000-000400 от 04.10.2024 10:35:07;;;;;;1 370,000;;50,000;1 320,000
Отпуск в отделение 0000-000407 от 10.10.2024 10:54:04;;;;;;1 320,000;;50,000;1 270,000
Отпуск в отделение 0000-000409 от 11.10.2024 11:13:14;;;;;;1 270,000;;50,000;1 220,000
Отпуск в отделение 0000-000438 от 02.11.2024 14:01:12;;;;;;1 220,000;;50,000;1 170,000
Отпуск в отделение 0000-000444 от 06.11.2024 8:43:10;;;;;;1 170,000;;30,000;1 140,000
Отпуск в отделение 0000-000452 от 11.11.2024 10:25:38;;;;;;1 140,000;;50,000;1 090,000
Отпуск в отделение 0000-000454 от 11.11.2024 10:54:33;;;;;;1 090,000;;50,000;1 040,000
Отпуск в отделение 0000-000467 от 20.11.2024 10:53:40;;;;;;1 040,000;;50,000;990,000
Отпуск в отделение 0000-000483 от 02.12.2024 9:12:54;;;;;;990,000;;80,000;910,000
Отпуск в отделение 0000-000495 от 06.12.2024 11:07:16;;;;;;910,000;;50,000;860,000
Отпуск в отделение 0000-000502 от 10.12.2024 11:09:59;;;;;;860,000;;100,000;760,000
Отпуск в отделение 0000-000522 от 24.12.2024 15:26:22;;;;;;760,000;;50,000;710,000
Отпуск в отделение 0000-000531 от 27.12.2024 13:33:59;;;;;;710,000;;200,000;510,000
Суприламин, р-р для в/в и в/м введ. 20 мг/мл, амп. 1 мл, пач. картон. 5 02.24;;;;;амп. 1 мл;;20 000,000;8 785,000;11 215,000
61123 до 01.11.26, <партии не учитываются>;;;;;;;20 000,000;8 785,000;11 215,000
Поступление товаров 0000-000002 от 14.02.2024 13:24:09;;;;;;;5 000,000;;5 000,000
Отпуск в отделение 0000-000076 от 01.03.2024 10:38:57;;;;;;5 000,000;;200,000;4 800,000
Отпуск в отделение 0000-000085 от 06.03.2024 10:08:58;;;;;;4 800,000;;200,000;4 600,000
Отпуск в отделение 0000-000089 от 11.03.2024 10:19:11;;;;;;4 600,000;;100,000;4 500,000
Отпуск в отделение 0000-000097 от 13.03.2024 9:48:46;;;;;;4 500,000;;100,000;4 400,000
Отпуск в отделение 0000-000104 от 18.03.2024 8:53:59;;;;;;4 400,000;;100,000;4 300,000
Отпуск в отделение 0000-000108 от 21.03.2024 8:15:48;;;;;;4 300,000;;50,000;4 250,000
Отпуск в отделение 0000-000114 от 25.03.2024 11:21:13;;;;;;4 250,000;;50,000;4 200,000
Отпуск в отделение 0000-000119 от 27.03.2024 10:43:22;;;;;;4 200,000;;100,000;4 100,000
Отпуск в отделение 0000-000126 от 02.04.2024 15:21:09;;;;;;4 100,000;;50,000;4 050,000
Отпуск в отделение 0000-000140 от 09.04.2024 11:08:04;;;;;;4 050,000;;100,000;3 950,000
Отпуск в отделение 0000-000150 от 12.04.2024 9:48:40;;;;;;3 950,000;;100,000;3 850,000
Отпуск в отделение 0000-000153 от 15.04.2024 9:19:31;;;;;;3 850,000;;100,000;3 750,000
Отпуск в отделение 0000-000159 от 17.04.2024 9:05:57;;;;;;3 750,000;;100,000;3 650,000
Отпуск в отделение 0000-000165 от 22.04.2024 10:49:17;;;;;;3 650,000;;100,000;3 550,000
Отпуск в отделение 0000-000175 от 26.04.2024 10:21:39;;;;;;3 550,000;;100,000;3 450,000
Поступление товаров 0000-000029 от 03.05.2024 14:25:44;;;;;;3 450,000;5 000,000;;8 450,000
Отпуск в отделение 0000-000190 от 07.05.2024 11:06:49;;;;;;8 450,000;;100,000;8 350,000
Отпуск в отделение 0000-000192 от 08.05.2024 10:45:30;;;;;;8 350,000;;100,000;8 250,000
Отпуск в отделение 0000-000202 от 20.05.2024 9:36:32;;;;;;8 250,000;;100,000;8 150,000
Отпуск в отделение 0000-000204 от 20.05.2024 13:23:39;;;;;;8 150,000;;100,000;8 050,000
Отпуск в отделение 0000-000205 от 20.05.2024 13:40:22;;;;;;8 050,000;;50,000;8 000,000
Отпуск в отделение 0000-000214 от 23.05.2024 13:10:14;;;;;;8 000,000;;50,000;7 950,000
Отпуск в отделение 0000-000220 от 27.05.2024 10:15:42;;;;;;7 950,000;;100,000;7 850,000
Отпуск в отделение 0000-000224 от 29.05.2024 10:48:28;;;;;;7 850,000;;200,000;7 650,000
Отпуск в отделение 0000-000227 от 03.06.2024 9:38:13;;;;;;7 650,000;;100,000;7 550,000
Отпуск в отделение 0000-000233 от 04.06.2024 14:07:33;;;;;;7 550,000;;150,000;7 400,000
Отпуск в отделение 0000-000237 от 10.06.2024 9:49:51;;;;;;7 400,000;;100,000;7 300,000
Отпуск в отделение 0000-000245 от 18.06.2024 10:51:43;;;;;;7 300,000;;200,000;7 100,000
Отпуск в отделение 0000-000248 от 18.06.2024 13:15:26;;;;;;7 100,000;;50,000;7 050,000
Отпуск в отделение 0000-000251 от 20.06.2024 9:03:18;;;;;;7 050,000;;100,000;6 950,000
Отпуск в отделение 0000-000257 от 21.06.2024 10:04:02;;;;;;6 950,000;;100,000;6 850,000
Отпуск в отделение 0000-000270 от 01.07.2024 9:53:08;;;;;;6 850,000;;100,000;6 750,000
Отпуск в отделение 0000-000275 от 05.07.2024 10:53:58;;;;;;6 750,000;;50,000;6 700,000
Отпуск в отделение 0000-000276 от 05.07.2024 11:22:28;;;;;;6 700,000;;50,000;6 650,000
Отпуск в отделение 0000-000279 от 08.07.2024 10:11:33;;;;;;6 650,000;;100,000;6 550,000
Отпуск в отделение 0000-000281 от 10.07.2024 10:13:12;;;;;;6 550,000;;100,000;6 450,000
Отпуск в отделение 0000-000293 от 17.07.2024 9:59:13;;;;;;6 450,000;;100,000;6 350,000
Отпуск в отделение 0000-000296 от 17.07.2024 11:41:19;;;;;;6 350,000;;50,000;6 300,000
Отпуск в отделение 0000-000302 от 22.07.2024 13:07:35;;;;;;6 300,000;;100,000;6 200,000
Отпуск в отделение 0000-000303 от 22.07.2024 13:50:37;;;;;;6 200,000;;100,000;6 100,000
Отпуск в отделение 0000-000309 от 29.07.2024 10:50:02;;;;;;6 100,000;;50,000;6 050,000
Отпуск в отделение 0000-000314 от 02.08.2024 14:51:50;;;;;;6 050,000;;50,000;6 000,000
Отпуск в отделение 0000-000316 от 05.08.2024 11:01:37;;;;;;6 000,000;;150,000;5 850,000
Поступление товаров 0000-000068 от 07.08.2024 10:06:19;;;;;;5 850,000;5 000,000;;10 850,000
Отпуск в отделение 0000-000321 от 07.08.2024 11:08:47;;;;;;10 850,000;;100,000;10 750,000
Отпуск в отделение 0000-000323 от 07.08.2024 13:27:34;;;;;;10 750,000;;100,000;10 650,000
Отпуск в отделение 0000-000328 от 12.08.2024 11:39:14;;;;;;10 650,000;;150,000;10 500,000
Отпуск в отделение 0000-000335 от 14.08.2024 10:08:22;;;;;;10 500,000;;50,000;10 450,000
Отпуск в отделение 0000-000344 от 19.08.2024 10:12:36;;;;;;10 450,000;;200,000;10 250,000
Отпуск в отделение 0000-000356 от 28.08.2024 10:51:39;;;;;;10 250,000;;200,000;10 050,000
Отпуск в отделение 0000-000360 от 02.09.2024 9:34:07;;;;;;10 050,000;;100,000;9 950,000
Отпуск в отделение 0000-000365 от 05.09.2024 13:17:07;;;;;;9 950,000;;125,000;9 825,000
Отпуск в отделение 0000-000370 от 09.09.2024 10:15:29;;;;;;9 825,000;;150,000;9 675,000
Отпуск в отделение 0000-000377 от 16.09.2024 10:13:06;;;;;;9 675,000;;100,000;9 575,000
Отпуск в отделение 0000-000382 от 19.09.2024 8:21:45;;;;;;9 575,000;;60,000;9 515,000
Отпуск в отделение 0000-000388 от 23.09.2024 11:04:17;;;;;;9 515,000;;100,000;9 415,000
Отпуск в отделение 0000-000389 от 23.09.2024 11:28:55;;;;;;9 415,000;;100,000;9 315,000
Отпуск в отделение 0000-000392 от 27.09.2024 10:45:06;;;;;;9 315,000;;200,000;9 115,000
Отпуск в отделение 0000-000395 от 01.10.2024 10:34:02;;;;;;9 115,000;;50,000;9 065,000
Отпуск в отделение 0000-000398 от 02.10.2024 10:58:02;;;;;;9 065,000;;100,000;8 965,000
Отпуск в отделение 0000-000402 от 08.10.2024 9:37:04;;;;;;8 965,000;;200,000;8 765,000
Отпуск в отделение 0000-000407 от 10.10.2024 10:54:04;;;;;;8 765,000;;100,000;8 665,000
Отпуск в отделение 0000-000413 от 14.10.2024 11:10:06;;;;;;8 665,000;;100,000;8 565,000
Отпуск в отделение 0000-000420 от 21.10.2024 10:57:24;;;;;;8 565,000;;100,000;8 465,000
Отпуск в отделение 0000-000424 от 23.10.2024 10:24:22;;;;;;8 465,000;;200,000;8 265,000
Отпуск в отделение 0000-000433 от 28.10.2024 10:31:12;;;;;;8 265,000;;100,000;8 165,000
Отпуск в отделение 0000-000444 от 06.11.2024 8:43:10;;;;;;8 165,000;;100,000;8 065,000
Поступление товаров 0000-000091 от 08.11.2024 11:48:58;;;;;;8 065,000;5 000,000;;13 065,000
Отпуск в отделение 0000-000452 от 11.11.2024 10:25:38;;;;;;13 065,000;;50,000;13 015,000
Отпуск в отделение 0000-000465 от 20.11.2024 9:29:48;;;;;;13 015,000;;150,000;12 865,000
Отпуск в отделение 0000-000467 от 20.11.2024 10:53:40;;;;;;12 865,000;;100,000;12 765,000
Отпуск в отделение 0000-000473 от 25.11.2024 9:50:22;;;;;;12 765,000;;100,000;12 665,000
Отпуск в отделение 0000-000483 от 02.12.2024 9:12:54;;;;;;12 665,000;;100,000;12 565,000
Отпуск в отделение 0000-000495 от 06.12.2024 11:07:16;;;;;;12 565,000;;100,000;12 465,000
Отпуск в отделение 0000-000502 от 10.12.2024 11:09:59;;;;;;12 465,000;;100,000;12 365,000
Отпуск в отделение 0000-000507 от 13.12.2024 13:28:27;;;;;;12 365,000;;200,000;12 165,000
Отпуск в отделение 0000-000511 от 17.12.2024 14:38:17;;;;;;12 165,000;;250,000;11 915,000
Отпуск в отделение 0000-000516 от 20.12.2024 11:23:13;;;;;;11 915,000;;50,000;11 865,000
Отпуск в отделение 0000-000518 от 23.12.2024 13:51:58;;;;;;11 865,000;;250,000;11 615,000
Отпуск в отделение 0000-000531 от 27.12.2024 13:33:59;;;;;;11 615,000;;400,000;11 215,000
Тест-полоски к гюкометрам Diacont 04/24;;;;;шт;3 450,000;18 000,000;15 550,000;5 900,000
<серии не учитываются>, <партии не учитываются>;;;;;;3 450,000;18 000,000;15 550,000;5 900,000
Отпуск в отделение 0000-000006 от 09.01.2024 14:00:02;;;;;;3 450,000;;200,000;3 250,000
Отпуск в отделение 0000-000013 от 15.01.2024 11:52:52;;;;;;3 250,000;;300,000;2 950,000
Отпуск в отделение 0000-000018 от 16.01.2024 16:04:21;;;;;;2 950,000;;200,000;2 750,000
Отпуск в отделение 0000-000024 от 22.01.2024 10:24:53;;;;;;2 750,000;;100,000;2 650,000
Отпуск в отделение 0000-000030 от 26.01.2024 11:31:56;;;;;;2 650,000;;100,000;2 550,000
Отпуск в отделение 0000-000038 от 02.02.2024 11:32:13;;;;;;2 550,000;;200,000;2 350,000
Отпуск в отделение 0000-000041 от 05.02.2024 13:36:06;;;;;;2 350,000;;200,000;2 150,000
Отпуск в отделение 0000-000045 от 07.02.2024 11:37:25;;;;;;2 150,000;;200,000;1 950,000
Отпуск в отделение 0000-000054 от 12.02.2024 16:36:56;;;;;;1 950,000;;200,000;1 750,000
Отпуск в отделение 0000-000068 от 21.02.2024 11:05:17;;;;;;1 750,000;;100,000;1 650,000
Отпуск в отделение 0000-000070 от 26.02.2024 9:53:14;;;;;;1 650,000;;300,000;1 350,000
Отпуск в отделение 0000-000080 от 04.03.2024 10:14:04;;;;;;1 350,000;;200,000;1 150,000
Отпуск в отделение 0000-000088 от 06.03.2024 11:24:26;;;;;;1 150,000;;200,000;950,000
Отпуск в отделение 0000-000091 от 11.03.2024 10:47:12;;;;;;950,000;;300,000;650,000
Отпуск в отделение 0000-000093 от 11.03.2024 11:16:47;;;;;;650,000;;200,000;450,000
Отпуск в отделение 0000-000109 от 22.03.2024 10:41:58;;;;;;450,000;;150,000;300,000
Отпуск в отделение 0000-000113 от 22.03.2024 13:53:49;;;;;;300,000;;200,000;100,000
Отпуск в отделение 0000-000118 от 27.03.2024 10:39:35;;;;;;100,000;;100,000;
Поступление товаров 0000-000016 от 04.04.2024 16:19:00;;;;;;;18 000,000;;18 000,000
Отпуск в отделение 0000-000135 от 05.04.2024 15:38:39;;;;;;18 000,000;;200,000;17 800,000
Отпуск в отделение 0000-000138 от 08.04.2024 11:11:51;;;;;;17 800,000;;200,000;17 600,000
Отпуск в отделение 0000-000143 от 11.04.2024 13:50:44;;;;;;17 600,000;;300,000;17 300,000
Отпуск в отделение 0000-000145 от 11.04.2024 14:18:31;;;;;;17 300,000;;200,000;17 100,000
Отпуск в отделение 0000-000158 от 17.04.2024 8:59:05;;;;;;17 100,000;;200,000;16 900,000
Отпуск в отделение 0000-000160 от 17.04.2024 10:08:58;;;;;;16 900,000;;100,000;16 800,000
Отпуск в отделение 0000-000166 от 23.04.2024 10:16:06;;;;;;16 800,000;;200,000;16 600,000
Отпуск в отделение 0000-000176 от 26.04.2024 11:07:57;;;;;;16 600,000;;200,000;16 400,000
Отпуск в отделение 0000-000186 от 06.05.2024 11:37:37;;;;;;16 400,000;;200,000;16 200,000
Отпуск в отделение 0000-000191 от 08.05.2024 10:41:16;;;;;;16 200,000;;200,000;16 000,000
Отпуск в отделение 0000-000195 от 15.05.2024 11:39:36;;;;;;16 000,000;;150,000;15 850,000
Отпуск в отделение 0000-000216 от 24.05.2024 10:01:50;;;;;;15 850,000;;200,000;15 650,000
Отпуск в отделение 0000-000222 от 27.05.2024 13:07:59;;;;;;15 650,000;;300,000;15 350,000
Отпуск в отделение 0000-000226 от 29.05.2024 16:25:47;;;;;;15 350,000;;100,000;15 250,000
Отпуск в отделение 0000-000229 от 03.06.2024 11:46:51;;;;;;15 250,000;;250,000;15 000,000
Отпуск в отделение 0000-000234 от 04.06.2024 14:48:25;;;;;;15 000,000;;150,000;14 850,000
Отпуск в отделение 0000-000236 от 07.06.2024 14:55:49;;;;;;14 850,000;;100,000;14 750,000
Отпуск в отделение 0000-000241 от 10.06.2024 11:01:56;;;;;;14 750,000;;150,000;14 600,000
Отпуск в отделение 0000-000246 от 18.06.2024 13:11:46;;;;;;14 600,000;;100,000;14 500,000
Отпуск в отделение 0000-000253 от 20.06.2024 10:44:25;;;;;;14 500,000;;100,000;14 400,000
Отпуск в отделение 0000-000256 от 21.06.2024 9:57:09;;;;;;14 400,000;;200,000;14 200,000
Отпуск в отделение 0000-000266 от 01.07.2024 9:00:02;;;;;;14 200,000;;200,000;14 000,000
Отпуск в отделение 0000-000274 от 05.07.2024 10:46:09;;;;;;14 000,000;;200,000;13 800,000
Отпуск в отделение 0000-000277 от 05.07.2024 13:30:21;;;;;;13 800,000;;200,000;13 600,000
Отпуск в отделение 0000-000295 от 17.07.2024 11:39:22;;;;;;13 600,000;;300,000;13 300,000
Отпуск в отделение 0000-000297 от 17.07.2024 15:45:02;;;;;;13 300,000;;200,000;13 100,000
Отпуск в отделение 0000-000301 от 22.07.2024 13:03:08;;;;;;13 100,000;;200,000;12 900,000
Отпуск в отделение 0000-000315 от 02.08.2024 16:48:46;;;;;;12 900,000;;200,000;12 700,000
Отпуск в отделение 0000-000319 от 05.08.2024 13:43:28;;;;;;12 700,000;;300,000;12 400,000
Отпуск в отделение 0000-000325 от 09.08.2024 11:01:03;;;;;;12 400,000;;100,000;12 300,000
Отпуск в отделение 0000-000327 от 12.08.2024 11:34:32;;;;;;12 300,000;;200,000;12 100,000
Отпуск в отделение 0000-000347 от 22.08.2024 11:55:08;;;;;;12 100,000;;200,000;11 900,000
Отпуск в отделение 0000-000348 от 23.08.2024 11:09:52;;;;;;11 900,000;;100,000;11 800,000
Отпуск в отделение 0000-000352 от 26.08.2024 10:20:59;;;;;;11 800,000;;200,000;11 600,000
Отпуск в отделение 0000-000362 от 02.09.2024 11:34:19;;;;;;11 600,000;;300,000;11 300,000
Отпуск в отделение 0000-000366 от 05.09.2024 15:31:33;;;;;;11 300,000;;100,000;11 200,000
Отпуск в отделение 0000-000369 от 09.09.2024 10:11:46;;;;;;11 200,000;;300,000;10 900,000
Отпуск в отделение 0000-000374 от 11.09.2024 11:18:03;;;;;;10 900,000;;300,000;10 600,000
Отпуск в отделение 0000-000381 от 19.09.2024 8:02:17;;;;;;10 600,000;;200,000;10 400,000
Отпуск в отделение 0000-000391 от 27.09.2024 10:32:23;;;;;;10 400,000;;300,000;10 100,000
Отпуск в отделение 0000-000399 от 04.10.2024 10:29:22;;;;;;10 100,000;;100,000;10 000,000
Отпуск в отделение 0000-000406 от 09.10.2024 10:42:08;;;;;;10 000,000;;100,000;9 900,000
Отпуск в отделение 0000-000414 от 16.10.2024 9:22:50;;;;;;9 900,000;;100,000;9 800,000
Отпуск в отделение 0000-000416 от 18.10.2024 11:09:16;;;;;;9 800,000;;200,000;9 600,000
Отпуск в отделение 0000-000419 от 21.10.2024 10:25:34;;;;;;9 600,000;;200,000;9 400,000
Отпуск в отделение 0000-000425 от 23.10.2024 10:44:27;;;;;;9 400,000;;150,000;9 250,000
Отпуск в отделение 0000-000432 от 28.10.2024 10:26:41;;;;;;9 250,000;;300,000;8 950,000
Отпуск в отделение 0000-000439 от 02.11.2024 14:28:46;;;;;;8 950,000;;200,000;8 750,000
Отпуск в отделение 0000-000442 от 05.11.2024 11:29:30;;;;;;8 750,000;;150,000;8 600,000
Отпуск в отделение 0000-000446 от 06.11.2024 11:30:40;;;;;;8 600,000;;200,000;8 400,000
Отпуск в отделение 0000-000458 от 15.11.2024 10:55:52;;;;;;8 400,000;;100,000;8 300,000
Отпуск в отделение 0000-000466 от 20.11.2024 10:50:41;;;;;;8 300,000;;100,000;8 200,000
Отпуск в отделение 0000-000468 от 20.11.2024 11:14:34;;;;;;8 200,000;;200,000;8 000,000
Отпуск в отделение 0000-000481 от 28.11.2024 14:14:02;;;;;;8 000,000;;200,000;7 800,000
Отпуск в отделение 0000-000497 от 06.12.2024 14:02:09;;;;;;7 800,000;;200,000;7 600,000
Отпуск в отделение 0000-000501 от 09.12.2024 13:15:38;;;;;;7 600,000;;100,000;7 500,000
Отпуск в отделение 0000-000509 от 16.12.2024 9:44:18;;;;;;7 500,000;;200,000;7 300,000
Отпуск в отделение 0000-000512 от 17.12.2024 15:51:56;;;;;;7 300,000;;100,000;7 200,000
Отпуск в отделение 0000-000514 от 18.12.2024 9:55:17;;;;;;7 200,000;;250,000;6 950,000
Отпуск в отделение 0000-000515 от 20.12.2024 11:21:08;;;;;;6 950,000;;100,000;6 850,000
Отпуск в отделение 0000-000519 от 23.12.2024 15:19:50;;;;;;6 850,000;;300,000;6 550,000
Отпуск в отделение 0000-000524 от 25.12.2024 11:16:41;;;;;;6 550,000;;200,000;6 350,000
Отпуск в отделение 0000-000526 от 25.12.2024 16:38:01;;;;;;6 350,000;;350,000;6 000,000
Отпуск в отделение 0000-000528 от 26.12.2024 16:32:39;;;;;;6 000,000;;100,000;5 900,000
Тиамина хлорид, р-р для в/м введ. 50 мг/мл, 1 мл, N 10 Ереванская ХФФ 12.23;;;;;амп. 1 мл;800,00;1 000,000;900,000;900,000
220524 до 01.06.27, <партии не учитываются>;;;;;;;1 000,000;100,000;900,000
Поступление товаров 0000-000083 от 06.09.2024 15:51:52;;;;;;;1 000,000;;1 000,000
Отпуск в отделение 0000-000531 от 27.12.2024 13:33:59;;;;;;1 000,000;;100,000;900,000
230523 до 01.06.26, <партии не учитываются>;;;;;;800,000;;800,000;
Отпуск в отделение 0000-000126 от 02.04.2024 15:21:09;;;;;;800,000;;50,000;750,000
Отпуск в отделение 0000-000153 от 15.04.2024 9:19:31;;;;;;750,000;;50,000;700,000
Отпуск в отделение 0000-000202 от 20.05.2024 9:36:32;;;;;;700,000;;50,000;650,000
Отпуск в отделение 0000-000213 от 22.05.2024 9:22:30;;;;;;650,000;;100,000;550,000
Отпуск в отделение 0000-000214 от 23.05.2024 13:10:14;;;;;;550,000;;50,000;500,000
Отпуск в отделение 0000-000251 от 20.06.2024 9:03:18;;;;;;500,000;;50,000;450,000
Отпуск в отделение 0000-000259 от 24.06.2024 11:19:16;;;;;;450,000;;50,000;400,000
Отпуск в отделение 0000-000276 от 05.07.2024 11:22:28;;;;;;400,000;;100,000;300,000
Отпуск в отделение 0000-000294 от 17.07.2024 10:55:10;;;;;;300,000;;50,000;250,000
Отпуск в отделение 0000-000316 от 05.08.2024 11:01:37;;;;;;250,000;;50,000;200,000
Отпуск в отделение 0000-000407 от 10.10.2024 10:54:04;;;;;;200,000;;50,000;150,000
Отпуск в отделение 0000-000417 от 18.10.2024 11:13:47;;;;;;150,000;;100,000;50,000
Отпуск в отделение 0000-000522 от 24.12.2024 15:26:22;;;;;;50,000;;50,000;
Трамадол р-р 50 мг/мл, амп. 2 см3 (мл), пач. картон. 5;;;;;амп. 2 см3;250,00;1 100,000;1 350,000;
220923 до 30.09.28, <партии не учитываются>;;;;;;250,000;;250,000;
Отпуск в отделение 0000-000039 от 05.02.2024 10:20:27;;;;;;250,000;;50,000;200,000
Отпуск в отделение 0000-000042 от 07.02.2024 9:45:49;;;;;;200,000;;60,000;140,000
Отпуск в отделение 0000-000059 от 16.02.2024 11:38:34;;;;;;140,000;;50,000;90,000
Отпуск в отделение 0000-000079 от 04.03.2024 10:04:20;;;;;;90,000;;50,000;40,000
Отпуск в отделение 0000-000086 от 06.03.2024 11:12:26;;;;;;40,000;;40,000;
481123 до 30.11.28, <партии не учитываются>;;;;;;;150,000;150,000;
Поступление товаров 0000-000007 от 05.03.2024 14:53:13;;;;;;;150,000;;150,000
Отпуск в отделение 0000-000086 от 06.03.2024 11:12:26;;;;;;150,000;;10,000;140,000
Отпуск в отделение 0000-000137 от 08.04.2024 11:02:57;;;;;;140,000;;10,000;130,000
Отпуск в отделение 0000-000154 от 15.04.2024 10:25:49;;;;;;130,000;;40,000;90,000
Отпуск в отделение 0000-000170 от 24.04.2024 9:54:18;;;;;;90,000;;50,000;40,000
Отпуск в отделение 0000-000172 от 26.04.2024 9:03:50;;;;;;40,000;;20,000;20,000
Отпуск в отделение 0000-000193 от 08.05.2024 12:12:48;;;;;;20,000;;20,000;
511123 до 30.11.28, <партии не учитываются>;;;;;;;100,000;100,000;
Поступление товаров 0000-000014 от 03.04.2024 8:33:08;;;;;;;100,000;;100,000
Отпуск в отделение 0000-000130 от 03.04.2024 9:50:03;;;;;;100,000;;70,000;30,000
Отпуск в отделение 0000-000137 от 08.04.2024 11:02:57;;;;;;30,000;;20,000;10,000
Отпуск в отделение 0000-000154 от 15.04.2024 10:25:49;;;;;;10,000;;10,000;
60124 до 31.01.29, <партии не учитываются>;;;;;;;850,000;850,000;
Поступление товаров 0000-000055 от 15.07.2024 11:56:02;;;;;;;350,000;;350,000
Отпуск в отделение 0000-000289 от 15.07.2024 11:59:31;;;;;;350,000;;50,000;300,000
Отпуск в отделение 0000-000290 от 15.07.2024 12:06:36;;;;;;300,000;;80,000;220,000
Отпуск в отделение 0000-000291 от 16.07.2024 9:02:42;;;;;;220,000;;50,000;170,000
Отпуск в отделение 0000-000294 от 17.07.2024 10:55:10;;;;;;170,000;;50,000;120,000
Отпуск в отделение 0000-000311 от 29.07.2024 11:48:44;;;;;;120,000;;50,000;70,000
Поступление товаров 0000-000061 от 02.08.2024 17:16:46;;;;;;70,000;500,000;;570,000
Отпуск в отделение 0000-000317 от 05.08.2024 13:30:01;;;;;;570,000;;50,000;520,000
Отпуск в отделение 0000-000338 от 16.08.2024 13:28:18;;;;;;520,000;;50,000;470,000
Отпуск в отделение 0000-000350 от 23.08.2024 11:38:39;;;;;;470,000;;50,000;420,000
Отпуск в отделение 0000-000354 от 26.08.2024 10:26:30;;;;;;420,000;;50,000;370,000
Отпуск в отделение 0000-000376 от 16.09.2024 10:05:44;;;;;;370,000;;50,000;320,000
Отпуск в отделение 0000-000382 от 19.09.2024 8:21:45;;;;;;320,000;;50,000;270,000
Отпуск в отделение 0000-000403 от 08.10.2024 10:42:50;;;;;;270,000;;50,000;220,000
Отпуск в отделение 0000-000418 от 18.10.2024 11:36:20;;;;;;220,000;;50,000;170,000
Отпуск в отделение 0000-000433 от 28.10.2024 10:31:12;;;;;;170,000;;30,000;140,000
Отпуск в отделение 0000-000441 от 05.11.2024 11:19:00;;;;;;140,000;;50,000;90,000
Отпуск в отделение 0000-000463 от 18.11.2024 11:15:35;;;;;;90,000;;50,000;40,000
Отпуск в отделение 0000-000500 от 09.12.2024 11:17:18;;;;;;40,000;;30,000;10,000
Отпуск в отделение 0000-000505 от 13.12.2024 9:22:52;;;;;;10,000;;10,000;
Трамадол, р-р д/ин. 50 мг/мл, 2 мл, N 5 Московский эндокринный завод ФГУП;;;;;амп. 2 мл;;350,000;290,000;60,000
90624 до 31.05.29, <партии не учитываются>;;;;;;;350,000;290,000;60,000
Поступление товаров 0000-000081 от 06.09.2024 15:36:12;;;;;;;350,000;;350,000
Отпуск в отделение 0000-000505 от 13.12.2024 9:22:52;;;;;;350,000;;40,000;310,000
Отпуск в отделение 0000-000508 от 16.12.2024 9:25:15;;;;;;310,000;;30,000;280,000
Отпуск в отделение 0000-000518 от 23.12.2024 13:51:58;;;;;;280,000;;50,000;230,000
Отпуск в отделение 0000-000520 от 24.12.2024 10:56:12;;;;;;230,000;;50,000;180,000
Отпуск в отделение 0000-000523 от 25.12.2024 10:47:34;;;;;;180,000;;20,000;160,000
Отпуск в отделение 0000-000532 от 27.12.2024 16:20:37;;;;;;160,000;;100,000;60,000
Тринальгин р-р 500 мг+2 мг+0.02 мг/мл, амп. 5 см3 (мл), пач. картон. 10 01.23;;;;;амп. 5 см3;2350,00;;2 350,000;
30323 до 01.04.25, <партии не учитываются>;;;;;;300,000;;300,000;
Отпуск в отделение 0000-000153 от 15.04.2024 9:19:31;;;;;;300,000;;100,000;200,000
Отпуск в отделение 0000-000159 от 17.04.2024 9:05:57;;;;;;200,000;;100,000;100,000
Отпуск в отделение 0000-000165 от 22.04.2024 10:49:17;;;;;;100,000;;100,000;
40323 до 01.04.25, <партии не учитываются>;;;;;;500,000;;500,000;
Отпуск в отделение 0000-000136 от 08.04.2024 10:40:04;;;;;;500,000;;50,000;450,000
Отпуск в отделение 0000-000175 от 26.04.2024 10:21:39;;;;;;450,000;;50,000;400,000
Отпуск в отделение 0000-000181 от 03.05.2024 13:17:20;;;;;;400,000;;50,000;350,000
Отпуск в отделение 0000-000190 от 07.05.2024 11:06:49;;;;;;350,000;;100,000;250,000
Отпуск в отделение 0000-000202 от 20.05.2024 9:36:32;;;;;;250,000;;100,000;150,000
Отпуск в отделение 0000-000205 от 20.05.2024 13:40:22;;;;;;150,000;;50,000;100,000
Отпуск в отделение 0000-000214 от 23.05.2024 13:10:14;;;;;;100,000;;100,000;
71122 до 01.12.24, <партии не учитываются>;;;;;;1 550,000;;1 550,000;
Отпуск в отделение 0000-000005 от 09.01.2024 11:47:30;;;;;;1 550,000;;100,000;1 450,000
Отпуск в отделение 0000-000017 от 16.01.2024 15:20:56;;;;;;1 450,000;;150,000;1 300,000
Отпуск в отделение 0000-000022 от 22.01.2024 8:59:29;;;;;;1 300,000;;100,000;1 200,000
Отпуск в отделение 0000-000027 от 26.01.2024 9:36:12;;;;;;1 200,000;;300,000;900,000
Отпуск в отделение 0000-000029 от 26.01.2024 11:24:11;;;;;;900,000;;50,000;850,000
Отпуск в отделение 0000-000037 от 02.02.2024 11:11:51;;;;;;850,000;;50,000;800,000
Отпуск в отделение 0000-000044 от 07.02.2024 10:46:01;;;;;;800,000;;100,000;700,000
Отпуск в отделение 0000-000058 от 16.02.2024 10:39:07;;;;;;700,000;;50,000;650,000
Отпуск в отделение 0000-000064 от 21.02.2024 10:11:27;;;;;;650,000;;50,000;600,000
Отпуск в отделение 0000-000071 от 26.02.2024 9:55:59;;;;;;600,000;;50,000;550,000
Отпуск в отделение 0000-000073 от 26.02.2024 10:35:14;;;;;;550,000;;50,000;500,000
Отпуск в отделение 0000-000090 от 11.03.2024 10:39:46;;;;;;500,000;;50,000;450,000
Отпуск в отделение 0000-000103 от 15.03.2024 13:03:19;;;;;;450,000;;50,000;400,000
Отпуск в отделение 0000-000108 от 21.03.2024 8:15:48;;;;;;400,000;;100,000;300,000
Отпуск в отделение 0000-000121 от 01.04.2024 10:10:51;;;;;;300,000;;100,000;200,000
Отпуск в отделение 0000-000128 от 02.04.2024 15:55:36;;;;;;200,000;;150,000;50,000
Отпуск в отделение 0000-000131 от 03.04.2024 10:07:36;;;;;;50,000;;50,000;
Уголь активированный, табл. 250 мг, бл. 10 ФАРМСТАНДАРТ-ЛЕКСРЕДСТВА 04.23;;;;;шт;;3 650,000;3 650,000;
6061023 до 01.11.25, <партии не учитываются>;;;;;;;1 150,000;1 150,000;
Поступление товаров 0000-000020 от 09.04.2024 9:34:19;;;;;;;10,000;;10,000
Поступление товаров 0000-000021 от 09.04.2024 9:41:50;;;;;;10,000;1 140,000;;1 150,000
Отпуск в отделение 0000-000140 от 09.04.2024 11:08:04;;;;;;1 150,000;;100,000;1 050,000
Отпуск в отделение 0000-000142 от 11.04.2024 13:37:08;;;;;;1 050,000;;100,000;950,000
Отпуск в отделение 0000-000144 от 11.04.2024 13:51:53;;;;;;950,000;;200,000;750,000
Отпуск в отделение 0000-000146 от 11.04.2024 14:20:07;;;;;;750,000;;150,000;600,000
Отпуск в отделение 0000-000183 от 06.05.2024 9:17:42;;;;;;600,000;;200,000;400,000
Отпуск в отделение 0000-000190 от 07.05.2024 11:06:49;;;;;;400,000;;200,000;200,000
Отпуск в отделение 0000-000192 от 08.05.2024 10:45:30;;;;;;200,000;;100,000;100,000
Отпуск в отделение 0000-000217 от 24.05.2024 10:03:37;;;;;;100,000;;100,000;
7601223 до 01.01.26, <партии не учитываются>;;;;;;;2 500,000;2 500,000;
Поступление товаров 0000-000021 от 09.04.2024 9:41:50;;;;;;;2 500,000;;2 500,000
Отпуск в отделение 0000-000276 от 05.07.2024 11:22:28;;;;;;2 500,000;;200,000;2 300,000
Отпуск в отделение 0000-000283 от 12.07.2024 10:53:59;;;;;;2 300,000;;100,000;2 200,000
Отпуск в отделение 0000-000288 от 15.07.2024 10:19:45;;;;;;2 200,000;;150,000;2 050,000
Отпуск в отделение 0000-000309 от 29.07.2024 10:50:02;;;;;;2 050,000;;100,000;1 950,000
Отпуск в отделение 0000-000321 от 07.08.2024 11:08:47;;;;;;1 950,000;;100,000;1 850,000
Отпуск в отделение 0000-000335 от 14.08.2024 10:08:22;;;;;;1 850,000;;100,000;1 750,000
Отпуск в отделение 0000-000354 от 26.08.2024 10:26:30;;;;;;1 750,000;;50,000;1 700,000
Отпуск в отделение 0000-000360 от 02.09.2024 9:34:07;;;;;;1 700,000;;100,000;1 600,000
Отпуск в отделение 0000-000365 от 05.09.2024 13:17:07;;;;;;1 600,000;;200,000;1 400,000
Отпуск в отделение 0000-000380 от 18.09.2024 9:46:46;;;;;;1 400,000;;100,000;1 300,000
Отпуск в отделение 0000-000402 от 08.10.2024 9:37:04;;;;;;1 300,000;;100,000;1 200,000
Отпуск в отделение 0000-000420 от 21.10.2024 10:57:24;;;;;;1 200,000;;200,000;1 000,000
Отпуск в отделение 0000-000440 от 05.11.2024 9:29:38;;;;;;1 000,000;;200,000;800,000
Отпуск в отделение 0000-000444 от 06.11.2024 8:43:10;;;;;;800,000;;200,000;600,000
Отпуск в отделение 0000-000448 от 08.11.2024 11:03:12;;;;;;600,000;;50,000;550,000
Отпуск в отделение 0000-000452 от 11.11.2024 10:25:38;;;;;;550,000;;50,000;500,000
Отпуск в отделение 0000-000460 от 18.11.2024 10:02:14;;;;;;500,000;;100,000;400,000
Отпуск в отделение 0000-000507 от 13.12.2024 13:28:27;;;;;;400,000;;100,000;300,000
Отпуск в отделение 0000-000513 от 18.12.2024 9:09:40;;;;;;300,000;;200,000;100,000
Отпуск в отделение 0000-000530 от 27.12.2024 10:31:33;;;;;;100,000;;100,000;
Унитиол-Ферейн, р-р для в/м и п/к введ. 5 %, амп. 5 мл, пач. картон. 10 04.23;;;;;амп. 5 мл;50,00;;50,000;
011222 до 31.12.27, <партии не учитываются>;;;;;;50,000;;50,000;
Отпуск в отделение 0000-000017 от 16.01.2024 15:20:56;;;;;;50,000;;40,000;10,000
Отпуск в отделение 0000-000019 от 17.01.2024 10:01:43;;;;;;10,000;;10,000;
Унитиол, р-р для в/м и п/к введ. 50 мг/мл, амп. 5 мл, кор. 10  Новосиб. 03.25;;;;;амп. 5 мл;;1 000,000;740,000;260,000
11223 до 30.11.27, <партии не учитываются>;;;;;;;1 000,000;740,000;260,000
Поступление товаров 0000-000017 от 09.04.2024 9:13:18;;;;;;;1 000,000;;1 000,000
Отпуск в отделение 0000-000153 от 15.04.2024 9:19:31;;;;;;1 000,000;;50,000;950,000
Отпуск в отделение 0000-000169 от 24.04.2024 9:37:10;;;;;;950,000;;30,000;920,000
Отпуск в отделение 0000-000190 от 07.05.2024 11:06:49;;;;;;920,000;;100,000;820,000
Отпуск в отделение 0000-000243 от 14.06.2024 11:14:03;;;;;;820,000;;10,000;810,000
Отпуск в отделение 0000-000251 от 20.06.2024 9:03:18;;;;;;810,000;;50,000;760,000
Отпуск в отделение 0000-000276 от 05.07.2024 11:22:28;;;;;;760,000;;50,000;710,000
Отпуск в отделение 0000-000285 от 15.07.2024 9:35:52;;;;;;710,000;;30,000;680,000
Отпуск в отделение 0000-000294 от 17.07.2024 10:55:10;;;;;;680,000;;100,000;580,000
Отпуск в отделение 0000-000316 от 05.08.2024 11:01:37;;;;;;580,000;;100,000;480,000
Отпуск в отделение 0000-000354 от 26.08.2024 10:26:30;;;;;;480,000;;10,000;470,000
Отпуск в отделение 0000-000389 от 23.09.2024 11:28:55;;;;;;470,000;;20,000;450,000
Отпуск в отделение 0000-000430 от 25.10.2024 9:45:24;;;;;;450,000;;30,000;420,000
Отпуск в отделение 0000-000507 от 13.12.2024 13:28:27;;;;;;420,000;;30,000;390,000
Отпуск в отделение 0000-000513 от 18.12.2024 9:09:40;;;;;;390,000;;50,000;340,000
Отпуск в отделение 0000-000516 от 20.12.2024 11:23:13;;;;;;340,000;;30,000;310,000
Отпуск в отделение 0000-000531 от 27.12.2024 13:33:59;;;;;;310,000;;50,000;260,000
УРАПИДИЛ Дж, р-р для в/в введ. 5 мг/мл, фл. 5 мл, пач. картон. 5;;;;;фл. 5 мл;3050,00;;3 050,000;
JD2847 до 30.06.24, <партии не учитываются>;;;;;;650,000;;650,000;
Отпуск в отделение 0000-000016 от 16.01.2024 14:55:26;;;;;;650,000;;50,000;600,000
Отпуск в отделение 0000-000019 от 17.01.2024 10:01:43;;;;;;600,000;;50,000;550,000
Отпуск в отделение 0000-000028 от 26.01.2024 9:59:46;;;;;;550,000;;50,000;500,000
Отпуск в отделение 0000-000037 от 02.02.2024 11:11:51;;;;;;500,000;;50,000;450,000
Отпуск в отделение 0000-000043 от 07.02.2024 10:00:03;;;;;;450,000;;50,000;400,000
Отпуск в отделение 0000-000044 от 07.02.2024 10:46:01;;;;;;400,000;;50,000;350,000
Отпуск в отделение 0000-000047 от 07.02.2024 13:06:21;;;;;;350,000;;50,000;300,000
Отпуск в отделение 0000-000058 от 16.02.2024 10:39:07;;;;;;300,000;;50,000;250,000
Отпуск в отделение 0000-000060 от 19.02.2024 11:14:10;;;;;;250,000;;50,000;200,000
Отпуск в отделение 0000-000063 от 21.02.2024 9:44:05;;;;;;200,000;;50,000;150,000
Отпуск в отделение 0000-000071 от 26.02.2024 9:55:59;;;;;;150,000;;50,000;100,000
Отпуск в отделение 0000-000092 от 11.03.2024 10:50:43;;;;;;100,000;;50,000;50,000
Отпуск в отделение 0000-000107 от 20.03.2024 10:25:12;;;;;;50,000;;50,000;
JD2924 до 31.08.24, <партии не учитываются>;;;;;;2 400,000;;2 400,000;
Отпуск в отделение 0000-000108 от 21.03.2024 8:15:48;;;;;;2 400,000;;40,000;2 360,000
Отпуск в отделение 0000-000119 от 27.03.2024 10:43:22;;;;;;2 360,000;;100,000;2 260,000
Отпуск в отделение 0000-000129 от 02.04.2024 16:09:31;;;;;;2 260,000;;40,000;2 220,000
Отпуск в отделение 0000-000131 от 03.04.2024 10:07:36;;;;;;2 220,000;;50,000;2 170,000
Отпуск в отделение 0000-000159 от 17.04.2024 9:05:57;;;;;;2 170,000;;40,000;2 130,000
Отпуск в отделение 0000-000169 от 24.04.2024 9:37:10;;;;;;2 130,000;;50,000;2 080,000
Отпуск в отделение 0000-000175 от 26.04.2024 10:21:39;;;;;;2 080,000;;50,000;2 030,000
Отпуск в отделение 0000-000181 от 03.05.2024 13:17:20;;;;;;2 030,000;;230,000;1 800,000
Отпуск в отделение 0000-000184 от 06.05.2024 10:38:18;;;;;;1 800,000;;50,000;1 750,000
Отпуск в отделение 0000-000188 от 06.05.2024 11:41:10;;;;;;1 750,000;;50,000;1 700,000
Отпуск в отделение 0000-000190 от 07.05.2024 11:06:49;;;;;;1 700,000;;50,000;1 650,000
Отпуск в отделение 0000-000201 от 18.05.2024 9:41:46;;;;;;1 650,000;;100,000;1 550,000
Отпуск в отделение 0000-000213 от 22.05.2024 9:22:30;;;;;;1 550,000;;50,000;1 500,000
Отпуск в отделение 0000-000227 от 03.06.2024 9:38:13;;;;;;1 500,000;;50,000;1 450,000
Отпуск в отделение 0000-000231 от 03.06.2024 13:15:43;;;;;;1 450,000;;150,000;1 300,000
Отпуск в отделение 0000-000233 от 04.06.2024 14:07:33;;;;;;1 300,000;;60,000;1 240,000
Отпуск в отделение 0000-000242 от 10.06.2024 11:05:29;;;;;;1 240,000;;70,000;1 170,000
Отпуск в отделение 0000-000243 от 14.06.2024 11:14:03;;;;;;1 170,000;;50,000;1 120,000
Отпуск в отделение 0000-000248 от 18.06.2024 13:15:26;;;;;;1 120,000;;50,000;1 070,000
Отпуск в отделение 0000-000249 от 19.06.2024 10:24:16;;;;;;1 070,000;;100,000;970,000
Отпуск в отделение 0000-000251 от 20.06.2024 9:03:18;;;;;;970,000;;50,000;920,000
Отпуск в отделение 0000-000257 от 21.06.2024 10:04:02;;;;;;920,000;;50,000;870,000
Отпуск в отделение 0000-000265 от 27.06.2024 10:15:05;;;;;;870,000;;50,000;820,000
Отпуск в отделение 0000-000270 от 01.07.2024 9:53:08;;;;;;820,000;;80,000;740,000
Отпуск в отделение 0000-000275 от 05.07.2024 10:53:58;;;;;;740,000;;50,000;690,000
Отпуск в отделение 0000-000276 от 05.07.2024 11:22:28;;;;;;690,000;;30,000;660,000
Отпуск в отделение 0000-000285 от 15.07.2024 9:35:52;;;;;;660,000;;100,000;560,000
Отпуск в отделение 0000-000296 от 17.07.2024 11:41:19;;;;;;560,000;;150,000;410,000
Отпуск в отделение 0000-000299 от 19.07.2024 11:00:13;;;;;;410,000;;50,000;360,000
Отпуск в отделение 0000-000303 от 22.07.2024 13:50:37;;;;;;360,000;;100,000;260,000
Отпуск в отделение 0000-000304 от 24.07.2024 11:20:51;;;;;;260,000;;50,000;210,000
Отпуск в отделение 0000-000306 от 26.07.2024 9:58:17;;;;;;210,000;;100,000;110,000
Отпуск в отделение 0000-000309 от 29.07.2024 10:50:02;;;;;;110,000;;110,000;
Урапидил-натив, р-р для в/в введ. 5 мг/мл, фл. 5 мл, пач. картон. 5  10.2024;;;;;фл. 5 мл;;5,000;5,000;
040624 до 30.06.26, <партии не учитываются>;;;;;;;5,000;5,000;
Поступление товаров 0000-000086 от 15.10.2024 10:47:52;;;;;;;5,000;;5,000
Отпуск в отделение 0000-000431 от 28.10.2024 9:36:38;;;;;;5,000;;5,000;
Урапресин, р-р для в/в введ. 5 мг/мл, амп. 5 мл, пач. картон. 5;;;;;амп. 5 мл;;2 500,000;1 405,000;1 095,000
020124 до 31.01.27, <партии не учитываются>;;;;;;;2 500,000;1 405,000;1 095,000
Поступление товаров 0000-000066 от 07.08.2024 9:51:08;;;;;;;2 500,000;;2 500,000
Отпуск в отделение 0000-000320 от 07.08.2024 10:54:15;;;;;;2 500,000;;250,000;2 250,000
Отпуск в отделение 0000-000328 от 12.08.2024 11:39:14;;;;;;2 250,000;;50,000;2 200,000
Отпуск в отделение 0000-000331 от 12.08.2024 14:45:46;;;;;;2 200,000;;50,000;2 150,000
Отпуск в отделение 0000-000340 от 19.08.2024 9:06:52;;;;;;2 150,000;;50,000;2 100,000
Отпуск в отделение 0000-000346 от 22.08.2024 11:21:57;;;;;;2 100,000;;25,000;2 075,000
Отпуск в отделение 0000-000364 от 02.09.2024 13:22:32;;;;;;2 075,000;;50,000;2 025,000
Отпуск в отделение 0000-000365 от 05.09.2024 13:17:07;;;;;;2 025,000;;50,000;1 975,000
Отпуск в отделение 0000-000372 от 11.09.2024 10:22:00;;;;;;1 975,000;;50,000;1 925,000
Отпуск в отделение 0000-000382 от 19.09.2024 8:21:45;;;;;;1 925,000;;30,000;1 895,000
Отпуск в отделение 0000-000407 от 10.10.2024 10:54:04;;;;;;1 895,000;;70,000;1 825,000
Отпуск в отделение 0000-000409 от 11.10.2024 11:13:14;;;;;;1 825,000;;100,000;1 725,000
Отпуск в отделение 0000-000420 от 21.10.2024 10:57:24;;;;;;1 725,000;;50,000;1 675,000
Отпуск в отделение 0000-000430 от 25.10.2024 9:45:24;;;;;;1 675,000;;50,000;1 625,000
Отпуск в отделение 0000-000444 от 06.11.2024 8:43:10;;;;;;1 625,000;;30,000;1 595,000
Отпуск в отделение 0000-000445 от 06.11.2024 10:42:12;;;;;;1 595,000;;50,000;1 545,000
Отпуск в отделение 0000-000454 от 11.11.2024 10:54:33;;;;;;1 545,000;;50,000;1 495,000
Отпуск в отделение 0000-000465 от 20.11.2024 9:29:48;;;;;;1 495,000;;150,000;1 345,000
Отпуск в отделение 0000-000495 от 06.12.2024 11:07:16;;;;;;1 345,000;;50,000;1 295,000
Отпуск в отделение 0000-000502 от 10.12.2024 11:09:59;;;;;;1 295,000;;50,000;1 245,000
Отпуск в отделение 0000-000513 от 18.12.2024 9:09:40;;;;;;1 245,000;;50,000;1 195,000
Отпуск в отделение 0000-000520 от 24.12.2024 10:56:12;;;;;;1 195,000;;50,000;1 145,000
Отпуск в отделение 0000-000522 от 24.12.2024 15:26:22;;;;;;1 145,000;;50,000;1 095,000
Фамотидин, лиоф. д/приг. р-ра для в/в введ. 20 мг, фл. 20 мг, пач. картон. 5;;;;;фл. 20 мг;;10,000;10,000;
080224 до 28.02.27, <партии не учитываются>;;;;;;;10,000;10,000;
Поступление товаров 0000-000086 от 15.10.2024 10:47:52;;;;;;;10,000;;10,000
Отпуск в отделение 0000-000431 от 28.10.2024 9:36:38;;;;;;10,000;;10,000;
Фамотидин, табл. п.п.о. 40 мг, бл. 10, пач. картон. 2  10.2024;;;;;шт;;20,000;20,000;
151223 до 30.11.27, <партии не учитываются>;;;;;;;20,000;20,000;
Поступление товаров 0000-000086 от 15.10.2024 10:47:52;;;;;;;20,000;;20,000
Отпуск в отделение 0000-000431 от 28.10.2024 9:36:38;;;;;;20,000;;20,000;
Феназепам, р-р для в/в и в/м введ. 1 мг/мл, амп. 1 мл, пач. картон. 10;;;;;амп. 1 мл;;2 000,000;2 000,000;
130423 до 31.03.25, <партии не учитываются>;;;;;;;1 000,000;1 000,000;
Поступление товаров 0000-000014 от 03.04.2024 8:33:08;;;;;;;1 000,000;;1 000,000
Отпуск в отделение 0000-000130 от 03.04.2024 9:50:03;;;;;;1 000,000;;270,000;730,000
Отпуск в отделение 0000-000173 от 26.04.2024 9:06:38;;;;;;730,000;;50,000;680,000
Отпуск в отделение 0000-000177 от 02.05.2024 13:14:43;;;;;;680,000;;100,000;580,000
Отпуск в отделение 0000-000188 от 06.05.2024 11:41:10;;;;;;580,000;;50,000;530,000
Отпуск в отделение 0000-000193 от 08.05.2024 12:12:48;;;;;;530,000;;50,000;480,000
Отпуск в отделение 0000-000203 от 20.05.2024 11:26:33;;;;;;480,000;;50,000;430,000
Отпуск в отделение 0000-000228 от 03.06.2024 11:35:20;;;;;;430,000;;30,000;400,000
Отпуск в отделение 0000-000238 от 10.06.2024 10:23:57;;;;;;400,000;;50,000;350,000
Отпуск в отделение 0000-000243 от 14.06.2024 11:14:03;;;;;;350,000;;50,000;300,000
Отпуск в отделение 0000-000245 от 18.06.2024 10:51:43;;;;;;300,000;;50,000;250,000
Отпуск в отделение 0000-000252 от 20.06.2024 10:39:30;;;;;;250,000;;30,000;220,000
Отпуск в отделение 0000-000260 от 24.06.2024 11:52:30;;;;;;220,000;;50,000;170,000
Отпуск в отделение 0000-000262 от 27.06.2024 9:51:02;;;;;;170,000;;50,000;120,000
Отпуск в отделение 0000-000268 от 01.07.2024 9:45:05;;;;;;120,000;;50,000;70,000
Отпуск в отделение 0000-000289 от 15.07.2024 11:59:31;;;;;;70,000;;50,000;20,000
Отпуск в отделение 0000-000311 от 29.07.2024 11:48:44;;;;;;20,000;;20,000;
151023 до 30.09.25, <партии не учитываются>;;;;;;;1 000,000;1 000,000;
Поступление товаров 0000-000045 от 05.06.2024 16:05:24;;;;;;;1 000,000;;1 000,000
Отпуск в отделение 0000-000311 от 29.07.2024 11:48:44;;;;;;1 000,000;;30,000;970,000
Отпуск в отделение 0000-000329 от 12.08.2024 14:33:21;;;;;;970,000;;50,000;920,000
Отпуск в отделение 0000-000336 от 14.08.2024 10:30:22;;;;;;920,000;;50,000;870,000
Отпуск в отделение 0000-000341 от 19.08.2024 10:02:10;;;;;;870,000;;50,000;820,000
Отпуск в отделение 0000-000360 от 02.09.2024 9:34:07;;;;;;820,000;;50,000;770,000
Отпуск в отделение 0000-000361 от 02.09.2024 10:35:09;;;;;;770,000;;50,000;720,000
Отпуск в отделение 0000-000373 от 11.09.2024 11:04:02;;;;;;720,000;;50,000;670,000
Отпуск в отделение 0000-000376 от 16.09.2024 10:05:44;;;;;;670,000;;50,000;620,000
Отпуск в отделение 0000-000382 от 19.09.2024 8:21:45;;;;;;620,000;;50,000;570,000
Отпуск в отделение 0000-000388 от 23.09.2024 11:04:17;;;;;;570,000;;50,000;520,000
Отпуск в отделение 0000-000403 от 08.10.2024 10:42:50;;;;;;520,000;;50,000;470,000
Отпуск в отделение 0000-000409 от 11.10.2024 11:13:14;;;;;;470,000;;50,000;420,000
Отпуск в отделение 0000-000420 от 21.10.2024 10:57:24;;;;;;420,000;;50,000;370,000
Отпуск в отделение 0000-000434 от 28.10.2024 11:07:43;;;;;;370,000;;50,000;320,000
Отпуск в отделение 0000-000441 от 05.11.2024 11:19:00;;;;;;320,000;;50,000;270,000
Отпуск в отделение 0000-000454 от 11.11.2024 10:54:33;;;;;;270,000;;50,000;220,000
Отпуск в отделение 0000-000476 от 25.11.2024 10:34:51;;;;;;220,000;;50,000;170,000
Отпуск в отделение 0000-000484 от 02.12.2024 10:11:27;;;;;;170,000;;50,000;120,000
Отпуск в отделение 0000-000500 от 09.12.2024 11:17:18;;;;;;120,000;;50,000;70,000
Отпуск в отделение 0000-000505 от 13.12.2024 9:22:52;;;;;;70,000;;70,000;
Фентанил, р-р для в/в и в/м введ. 50 мкг/мл, 2 мл, N 10 Московский эндокринный завод ФГУП;;;;;амп. 2 мл;20,000;180,000;180,000;20,000
140224 до 29.02.28, <партии не учитываются>;;;;;;;80,000;80,000;
Поступление товаров 0000-000062 от 02.08.2024 17:19:58;;;;;;;40,000;;40,000
Отпуск в отделение 0000-000318 от 05.08.2024 13:33:40;;;;;;40,000;;10,000;30,000
Отпуск в отделение 0000-000350 от 23.08.2024 11:38:39;;;;;;30,000;;10,000;20,000
Отпуск в отделение 0000-000361 от 02.09.2024 10:35:09;;;;;;20,000;;10,000;10,000
Поступление товаров 0000-000080 от 06.09.2024 15:33:10;;;;;;10,000;40,000;;50,000
Отпуск в отделение 0000-000373 от 11.09.2024 11:04:02;;;;;;50,000;;10,000;40,000
Отпуск в отделение 0000-000418 от 18.10.2024 11:36:20;;;;;;40,000;;10,000;30,000
Отпуск в отделение 0000-000448 от 08.11.2024 11:03:12;;;;;;30,000;;10,000;20,000
Отпуск в отделение 0000-000476 от 25.11.2024 10:34:51;;;;;;20,000;;10,000;10,000
Отпуск в отделение 0000-000520 от 24.12.2024 10:56:12;;;;;;10,000;;10,000;
300723 до 30.06.27, <партии не учитываются>;;;;;;20,000;;20,000;
Отпуск в отделение 0000-000086 от 06.03.2024 11:12:26;;;;;;20,000;;10,000;10,000
Отпуск в отделение 0000-000101 от 15.03.2024 11:45:58;;;;;;10,000;;10,000;
490724 до 30.06.28, <партии не учитываются>;;;;;;;60,000;40,000;20,000
Поступление товаров 0000-000103 от 04.12.2024 15:21:14;;;;;;;60,000;;60,000
Отпуск в отделение 0000-000532 от 27.12.2024 16:20:37;;;;;;60,000;;40,000;20,000
551123 до 31.10.27, <партии не учитываются>;;;;;;;40,000;40,000;
Поступление товаров 0000-000006 от 05.03.2024 14:51:15;;;;;;;20,000;;20,000
Поступление товаров 0000-000013 от 03.04.2024 8:30:11;;;;;;20,000;20,000;;40,000
Отпуск в отделение 0000-000174 от 26.04.2024 9:11:24;;;;;;40,000;;10,000;30,000
Отпуск в отделение 0000-000193 от 08.05.2024 12:12:48;;;;;;30,000;;10,000;20,000
Отпуск в отделение 0000-000255 от 21.06.2024 9:46:27;;;;;;20,000;;10,000;10,000
Отпуск в отделение 0000-000263 от 27.06.2024 9:58:41;;;;;;10,000;;10,000;
Фортелизин, лиоф. д/р-ра для в/в введ. 5 мг (745 000 МЕ), фл. 5 мг, пач. картон. 1;;;;;фл. 5 мг;;9,000;9,000;
020324 до 31.03.27, <партии не учитываются>;;;;;;;9,000;9,000;
Поступление товаров 0000-000057 от 18.07.2024 10:12:22;;;;;;;9,000;;9,000
Отпуск в отделение 0000-000300 от 22.07.2024 8:24:55;;;;;;9,000;;9,000;
Фуросемид буфус, р-р для в/в и в/м введ. 10 мг/мл, амп. 2 мл, пач. картон. 10  01.23;;;;;амп. 2 мл;2610,00;;2 610,000;
11222 до 30.11.25, <партии не учитываются>;;;;;;150,000;;150,000;
Отпуск в отделение 0000-000010 от 12.01.2024 13:33:24;;;;;;150,000;;30,000;120,000
Отпуск в отделение 0000-000016 от 16.01.2024 14:55:26;;;;;;120,000;;120,000;
30323 до 28.02.26, <партии не учитываются>;;;;;;1 870,000;;1 870,000;
Отпуск в отделение 0000-000043 от 07.02.2024 10:00:03;;;;;;1 870,000;;40,000;1 830,000
Отпуск в отделение 0000-000044 от 07.02.2024 10:46:01;;;;;;1 830,000;;50,000;1 780,000
Отпуск в отделение 0000-000047 от 07.02.2024 13:06:21;;;;;;1 780,000;;50,000;1 730,000
Отпуск в отделение 0000-000050 от 09.02.2024 10:15:35;;;;;;1 730,000;;100,000;1 630,000
Отпуск в отделение 0000-000052 от 12.02.2024 10:08:46;;;;;;1 630,000;;100,000;1 530,000
Отпуск в отделение 0000-000058 от 16.02.2024 10:39:07;;;;;;1 530,000;;200,000;1 330,000
Отпуск в отделение 0000-000060 от 19.02.2024 11:14:10;;;;;;1 330,000;;200,000;1 130,000
Отпуск в отделение 0000-000062 от 20.02.2024 14:30:18;;;;;;1 130,000;;100,000;1 030,000
Отпуск в отделение 0000-000078 от 04.03.2024 9:12:23;;;;;;1 030,000;;200,000;830,000
Отпуск в отделение 0000-000084 от 06.03.2024 9:46:40;;;;;;830,000;;200,000;630,000
Отпуск в отделение 0000-000085 от 06.03.2024 10:08:58;;;;;;630,000;;100,000;530,000
Отпуск в отделение 0000-000089 от 11.03.2024 10:19:11;;;;;;530,000;;100,000;430,000
Отпуск в отделение 0000-000092 от 11.03.2024 10:50:43;;;;;;430,000;;100,000;330,000
Отпуск в отделение 0000-000103 от 15.03.2024 13:03:19;;;;;;330,000;;100,000;230,000
Отпуск в отделение 0000-000104 от 18.03.2024 8:53:59;;;;;;230,000;;100,000;130,000
Отпуск в отделение 0000-000116 от 25.03.2024 11:39:14;;;;;;130,000;;50,000;80,000
Отпуск в отделение 0000-000119 от 27.03.2024 10:43:22;;;;;;80,000;;80,000;
80323 до 28.02.26, <партии не учитываются>;;;;;;590,000;;590,000;
Отпуск в отделение 0000-000016 от 16.01.2024 14:55:26;;;;;;590,000;;30,000;560,000
Отпуск в отделение 0000-000022 от 22.01.2024 8:59:29;;;;;;560,000;;100,000;460,000
Отпуск в отделение 0000-000025 от 22.01.2024 10:27:48;;;;;;460,000;;50,000;410,000
Отпуск в отделение 0000-000040 от 05.02.2024 10:54:32;;;;;;410,000;;350,000;60,000
Отпуск в отделение 0000-000043 от 07.02.2024 10:00:03;;;;;;60,000;;60,000;
Фуросемид, р-р д/ин. 20 мг/2 мл, амп. 2 мл, пач. картон. 10 БЗМП 04.24;;;;;амп. 2 мл;;2 000,000;2 000,000;
050124 до 31.01.26, <партии не учитываются>;;;;;;;2 000,000;2 000,000;
Поступление товаров 0000-000019 от 09.04.2024 9:25:49;;;;;;;2 000,000;;2 000,000
Отпуск в отделение 0000-000140 от 09.04.2024 11:08:04;;;;;;2 000,000;;200,000;1 800,000
Отпуск в отделение 0000-000142 от 11.04.2024 13:37:08;;;;;;1 800,000;;100,000;1 700,000
Отпуск в отделение 0000-000144 от 11.04.2024 13:51:53;;;;;;1 700,000;;500,000;1 200,000
Отпуск в отделение 0000-000146 от 11.04.2024 14:20:07;;;;;;1 200,000;;100,000;1 100,000
Отпуск в отделение 0000-000150 от 12.04.2024 9:48:40;;;;;;1 100,000;;200,000;900,000
Отпуск в отделение 0000-000163 от 19.04.2024 9:15:21;;;;;;900,000;;100,000;800,000
Отпуск в отделение 0000-000175 от 26.04.2024 10:21:39;;;;;;800,000;;100,000;700,000
Отпуск в отделение 0000-000181 от 03.05.2024 13:17:20;;;;;;700,000;;200,000;500,000
Отпуск в отделение 0000-000183 от 06.05.2024 9:17:42;;;;;;500,000;;300,000;200,000
Отпуск в отделение 0000-000184 от 06.05.2024 10:38:18;;;;;;200,000;;100,000;100,000
Отпуск в отделение 0000-000190 от 07.05.2024 11:06:49;;;;;;100,000;;100,000;
Фуросемид, р-р для в/в и в/м введ. 10 мг/мл, амп. 2 мл, кор. 10 05.24 Дальхим;;;;;амп. 2 мл;;15 000,000;6 760,000;8 240,000
201223 до 31.12.25, <партии не учитываются>;;;;;;;15 000,000;6 760,000;8 240,000
Поступление товаров 0000-000036 от 17.05.2024 11:29:09;;;;;;;15 000,000;;15 000,000
Отпуск в отделение 0000-000202 от 20.05.2024 9:36:32;;;;;;15 000,000;;200,000;14 800,000
Отпуск в отделение 0000-000204 от 20.05.2024 13:23:39;;;;;;14 800,000;;100,000;14 700,000
Отпуск в отделение 0000-000214 от 23.05.2024 13:10:14;;;;;;14 700,000;;80,000;14 620,000
Отпуск в отделение 0000-000220 от 27.05.2024 10:15:42;;;;;;14 620,000;;100,000;14 520,000
Отпуск в отделение 0000-000224 от 29.05.2024 10:48:28;;;;;;14 520,000;;100,000;14 420,000
Отпуск в отделение 0000-000227 от 03.06.2024 9:38:13;;;;;;14 420,000;;100,000;14 320,000
Отпуск в отделение 0000-000231 от 03.06.2024 13:15:43;;;;;;14 320,000;;200,000;14 120,000
Отпуск в отделение 0000-000233 от 04.06.2024 14:07:33;;;;;;14 120,000;;100,000;14 020,000
Отпуск в отделение 0000-000245 от 18.06.2024 10:51:43;;;;;;14 020,000;;300,000;13 720,000
Отпуск в отделение 0000-000257 от 21.06.2024 10:04:02;;;;;;13 720,000;;100,000;13 620,000
Отпуск в отделение 0000-000265 от 27.06.2024 10:15:05;;;;;;13 620,000;;100,000;13 520,000
Отпуск в отделение 0000-000288 от 15.07.2024 10:19:45;;;;;;13 520,000;;200,000;13 320,000
Отпуск в отделение 0000-000293 от 17.07.2024 9:59:13;;;;;;13 320,000;;100,000;13 220,000
Отпуск в отделение 0000-000296 от 17.07.2024 11:41:19;;;;;;13 220,000;;100,000;13 120,000
Отпуск в отделение 0000-000302 от 22.07.2024 13:07:35;;;;;;13 120,000;;100,000;13 020,000
Отпуск в отделение 0000-000309 от 29.07.2024 10:50:02;;;;;;13 020,000;;100,000;12 920,000
Отпуск в отделение 0000-000314 от 02.08.2024 14:51:50;;;;;;12 920,000;;100,000;12 820,000
Отпуск в отделение 0000-000316 от 05.08.2024 11:01:37;;;;;;12 820,000;;200,000;12 620,000
Отпуск в отделение 0000-000328 от 12.08.2024 11:39:14;;;;;;12 620,000;;50,000;12 570,000
Отпуск в отделение 0000-000344 от 19.08.2024 10:12:36;;;;;;12 570,000;;50,000;12 520,000
Отпуск в отделение 0000-000346 от 22.08.2024 11:21:57;;;;;;12 520,000;;20,000;12 500,000
Отпуск в отделение 0000-000351 от 26.08.2024 9:57:40;;;;;;12 500,000;;100,000;12 400,000
Отпуск в отделение 0000-000356 от 28.08.2024 10:51:39;;;;;;12 400,000;;200,000;12 200,000
Отпуск в отделение 0000-000360 от 02.09.2024 9:34:07;;;;;;12 200,000;;200,000;12 000,000
Отпуск в отделение 0000-000365 от 05.09.2024 13:17:07;;;;;;12 000,000;;150,000;11 850,000
Отпуск в отделение 0000-000371 от 09.09.2024 13:51:19;;;;;;11 850,000;;100,000;11 750,000
Отпуск в отделение 0000-000372 от 11.09.2024 10:22:00;;;;;;11 750,000;;200,000;11 550,000
Отпуск в отделение 0000-000402 от 08.10.2024 9:37:04;;;;;;11 550,000;;300,000;11 250,000
Отпуск в отделение 0000-000409 от 11.10.2024 11:13:14;;;;;;11 250,000;;100,000;11 150,000
Отпуск в отделение 0000-000413 от 14.10.2024 11:10:06;;;;;;11 150,000;;100,000;11 050,000
Отпуск в отделение 0000-000415 от 16.10.2024 10:47:19;;;;;;11 050,000;;100,000;10 950,000
Отпуск в отделение 0000-000417 от 18.10.2024 11:13:47;;;;;;10 950,000;;100,000;10 850,000
Отпуск в отделение 0000-000420 от 21.10.2024 10:57:24;;;;;;10 850,000;;200,000;10 650,000
Отпуск в отделение 0000-000436 от 01.11.2024 13:39:05;;;;;;10 650,000;;100,000;10 550,000
Отпуск в отделение 0000-000444 от 06.11.2024 8:43:10;;;;;;10 550,000;;50,000;10 500,000
Отпуск в отделение 0000-000454 от 11.11.2024 10:54:33;;;;;;10 500,000;;100,000;10 400,000
Отпуск в отделение 0000-000456 от 13.11.2024 10:55:45;;;;;;10 400,000;;200,000;10 200,000
Отпуск в отделение 0000-000462 от 18.11.2024 10:23:59;;;;;;10 200,000;;200,000;10 000,000
Отпуск в отделение 0000-000465 от 20.11.2024 9:29:48;;;;;;10 000,000;;60,000;9 940,000
Отпуск в отделение 0000-000479 от 28.11.2024 10:45:08;;;;;;9 940,000;;100,000;9 840,000
Отпуск в отделение 0000-000483 от 02.12.2024 9:12:54;;;;;;9 840,000;;200,000;9 640,000
Отпуск в отделение 0000-000487 от 03.12.2024 11:22:36;;;;;;9 640,000;;100,000;9 540,000
Отпуск в отделение 0000-000492 от 04.12.2024 15:36:06;;;;;;9 540,000;;50,000;9 490,000
Отпуск в отделение 0000-000494 от 05.12.2024 9:11:13;;;;;;9 490,000;;150,000;9 340,000
Отпуск в отделение 0000-000495 от 06.12.2024 11:07:16;;;;;;9 340,000;;50,000;9 290,000
Отпуск в отделение 0000-000502 от 10.12.2024 11:09:59;;;;;;9 290,000;;100,000;9 190,000
Отпуск в отделение 0000-000507 от 13.12.2024 13:28:27;;;;;;9 190,000;;100,000;9 090,000
Отпуск в отделение 0000-000510 от 17.12.2024 14:03:59;;;;;;9 090,000;;100,000;8 990,000
Отпуск в отделение 0000-000511 от 17.12.2024 14:38:17;;;;;;8 990,000;;50,000;8 940,000
Отпуск в отделение 0000-000518 от 23.12.2024 13:51:58;;;;;;8 940,000;;100,000;8 840,000
Отпуск в отделение 0000-000520 от 24.12.2024 10:56:12;;;;;;8 840,000;;100,000;8 740,000
Отпуск в отделение 0000-000522 от 24.12.2024 15:26:22;;;;;;8 740,000;;100,000;8 640,000
Отпуск в отделение 0000-000531 от 27.12.2024 13:33:59;;;;;;8 640,000;;400,000;8 240,000
Хлоргексидина биглюконат, р-р д/местн. и наружн. прим. 0.05 %, 100 мл, N 1 Тульская 01.23;;;;;фл. полимерн. 100 мл;10,000;25,000;35,000;
1440824 до 31.08.26, <партии не учитываются>;;;;;;;20,000;20,000;
Поступление товаров 0000-000086 от 15.10.2024 10:47:52;;;;;;;20,000;;20,000
Отпуск в отделение 0000-000431 от 28.10.2024 9:36:38;;;;;;20,000;;20,000;
550324 до 31.03.26, <партии не учитываются>;;;;;;;5,000;5,000;
Поступление товаров 0000-000086 от 15.10.2024 10:47:52;;;;;;;5,000;;5,000
Отпуск в отделение 0000-000431 от 28.10.2024 9:36:38;;;;;;5,000;;5,000;
860723 до 31.07.25, <партии не учитываются>;;;;;;10,000;;10,000;
Отпуск в отделение 0000-000108 от 21.03.2024 8:15:48;;;;;;10,000;;10,000;
Хлоргексидина биглюконат, р-р д/наружн. прим. 0.05 %, бан. 100 мл Росбио 24;;;;;бан. 100 см3;;480,000;310,000;170,000
30224 до 31.01.26, <партии не учитываются>;;;;;;;480,000;310,000;170,000
Поступление товаров 0000-000037 от 20.05.2024 16:11:44;;;;;;;480,000;;480,000
Отпуск в отделение 0000-000214 от 23.05.2024 13:10:14;;;;;;480,000;;20,000;460,000
Отпуск в отделение 0000-000217 от 24.05.2024 10:03:37;;;;;;460,000;;10,000;450,000
Отпуск в отделение 0000-000220 от 27.05.2024 10:15:42;;;;;;450,000;;20,000;430,000
Отпуск в отделение 0000-000224 от 29.05.2024 10:48:28;;;;;;430,000;;10,000;420,000
Отпуск в отделение 0000-000276 от 05.07.2024 11:22:28;;;;;;420,000;;30,000;390,000
Отпуск в отделение 0000-000285 от 15.07.2024 9:35:52;;;;;;390,000;;10,000;380,000
Отпуск в отделение 0000-000294 от 17.07.2024 10:55:10;;;;;;380,000;;20,000;360,000
Отпуск в отделение 0000-000302 от 22.07.2024 13:07:35;;;;;;360,000;;20,000;340,000
Отпуск в отделение 0000-000316 от 05.08.2024 11:01:37;;;;;;340,000;;20,000;320,000
Отпуск в отделение 0000-000338 от 16.08.2024 13:28:18;;;;;;320,000;;10,000;310,000
Отпуск в отделение 0000-000370 от 09.09.2024 10:15:29;;;;;;310,000;;20,000;290,000
Отпуск в отделение 0000-000411 от 14.10.2024 10:47:19;;;;;;290,000;;10,000;280,000
Отпуск в отделение 0000-000433 от 28.10.2024 10:31:12;;;;;;280,000;;20,000;260,000
Отпуск в отделение 0000-000444 от 06.11.2024 8:43:10;;;;;;260,000;;20,000;240,000
Отпуск в отделение 0000-000452 от 11.11.2024 10:25:38;;;;;;240,000;;10,000;230,000
Отпуск в отделение 0000-000462 от 18.11.2024 10:23:59;;;;;;230,000;;20,000;210,000
Отпуск в отделение 0000-000495 от 06.12.2024 11:07:16;;;;;;210,000;;10,000;200,000
Отпуск в отделение 0000-000522 от 24.12.2024 15:26:22;;;;;;200,000;;20,000;180,000
Отпуск в отделение 0000-000531 от 27.12.2024 13:33:59;;;;;;180,000;;10,000;170,000
Хлоропирамин р-р 20 мг/мл, амп. 1 см3 (мл), пач. картон. 5 12.23;;;;;амп. 1 см3;200,00;;200,000;
20423 до 30.04.28, <партии не учитываются>;;;;;;200,000;;200,000;
Отпуск в отделение 0000-000017 от 16.01.2024 15:20:56;;;;;;200,000;;200,000;
Хлоропирамин, р-р для в/в и в/м введ. 20 мг/мл, амп. 1 мл, пач. картон. 5 Армав.12.23;;;;;амп. 1 мл;2120,00;;2 120,000;
010322 до 01.04.26, <партии не учитываются>;;;;;;790,000;;790,000;
Отпуск в отделение 0000-000002 от 04.01.2024 11:26:34;;;;;;790,000;;200,000;590,000
Отпуск в отделение 0000-000003 от 09.01.2024 10:35:56;;;;;;590,000;;300,000;290,000
Отпуск в отделение 0000-000010 от 12.01.2024 13:33:24;;;;;;290,000;;50,000;240,000
Отпуск в отделение 0000-000015 от 16.01.2024 14:31:19;;;;;;240,000;;240,000;
020522 до 01.06.26, <партии не учитываются>;;;;;;270,000;;270,000;
Отпуск в отделение 0000-000015 от 16.01.2024 14:31:19;;;;;;270,000;;60,000;210,000
Отпуск в отделение 0000-000019 от 17.01.2024 10:01:43;;;;;;210,000;;100,000;110,000
Отпуск в отделение 0000-000025 от 22.01.2024 10:27:48;;;;;;110,000;;50,000;60,000
Отпуск в отделение 0000-000032 от 29.01.2024 10:15:01;;;;;;60,000;;60,000;
040822 до 01.09.26, <партии не учитываются>;;;;;;1 060,000;;1 060,000;
Отпуск в отделение 0000-000032 от 29.01.2024 10:15:01;;;;;;1 060,000;;40,000;1 020,000
Отпуск в отделение 0000-000037 от 02.02.2024 11:11:51;;;;;;1 020,000;;50,000;970,000
Отпуск в отделение 0000-000040 от 05.02.2024 10:54:32;;;;;;970,000;;300,000;670,000
Отпуск в отделение 0000-000043 от 07.02.2024 10:00:03;;;;;;670,000;;150,000;520,000
Отпуск в отделение 0000-000044 от 07.02.2024 10:46:01;;;;;;520,000;;50,000;470,000
Отпуск в отделение 0000-000050 от 09.02.2024 10:15:35;;;;;;470,000;;100,000;370,000
Отпуск в отделение 0000-000052 от 12.02.2024 10:08:46;;;;;;370,000;;100,000;270,000
Отпуск в отделение 0000-000058 от 16.02.2024 10:39:07;;;;;;270,000;;100,000;170,000
Отпуск в отделение 0000-000062 от 20.02.2024 14:30:18;;;;;;170,000;;100,000;70,000
Отпуск в отделение 0000-000073 от 26.02.2024 10:35:14;;;;;;70,000;;70,000;
Цефтриаксон, пор. д/приг. р-ра для в/в и в/м введ. 1 г, фл. 1000 мг, пач. картон. 1;;;;;фл. 1 г;;25,000;25,000;
51130724 до 31.07.27, <партии не учитываются>;;;;;;;25,000;25,000;
Поступление товаров 0000-000086 от 15.10.2024 10:47:52;;;;;;;25,000;;25,000
Отпуск в отделение 0000-000431 от 28.10.2024 9:36:38;;;;;;25,000;;25,000;
Цитофлавин, р-р для в/в введ., амп. 10 мл, пач. картон. 10;;;;;амп. 10 мл;790,00;;650,000;140,000
4240323 до 28.02.25, <партии не учитываются>;;;;;;650,000;;510,000;140,000
Отпуск в отделение 0000-000126 от 02.04.2024 15:21:09;;;;;;650,000;;10,000;640,000
Отпуск в отделение 0000-000192 от 08.05.2024 10:45:30;;;;;;640,000;;50,000;590,000
Отпуск в отделение 0000-000214 от 23.05.2024 13:10:14;;;;;;590,000;;50,000;540,000
Отпуск в отделение 0000-000251 от 20.06.2024 9:03:18;;;;;;540,000;;40,000;500,000
Отпуск в отделение 0000-000257 от 21.06.2024 10:04:02;;;;;;500,000;;50,000;450,000
Отпуск в отделение 0000-000321 от 07.08.2024 11:08:47;;;;;;450,000;;30,000;420,000
Отпуск в отделение 0000-000354 от 26.08.2024 10:26:30;;;;;;420,000;;50,000;370,000
Отпуск в отделение 0000-000444 от 06.11.2024 8:43:10;;;;;;370,000;;80,000;290,000
Отпуск в отделение 0000-000456 от 13.11.2024 10:55:45;;;;;;290,000;;50,000;240,000
Отпуск в отделение 0000-000522 от 24.12.2024 15:26:22;;;;;;240,000;;50,000;190,000
Отпуск в отделение 0000-000530 от 27.12.2024 10:31:33;;;;;;190,000;;50,000;140,000
4920423 до 31.03.25, <партии не учитываются>;;;;;;140,000;;140,000;
Отпуск в отделение 0000-000050 от 09.02.2024 10:15:35;;;;;;140,000;;50,000;90,000
Отпуск в отделение 0000-000107 от 20.03.2024 10:25:12;;;;;;90,000;;50,000;40,000
Отпуск в отделение 0000-000126 от 02.04.2024 15:21:09;;;;;;40,000;;40,000;
Шпатель одноразовый;;;;;шт;15 900,000;;12 400,000;3 500,000
<серии не учитываются>, <партии не учитываются>;;;;;;15 900,000;;12 400,000;3 500,000
Отпуск в отделение 0000-000004 от 09.01.2024 10:49:31;;;;;;15 900,000;;200,000;15 700,000
Отпуск в отделение 0000-000006 от 09.01.2024 14:00:02;;;;;;15 700,000;;200,000;15 500,000
Отпуск в отделение 0000-000013 от 15.01.2024 11:52:52;;;;;;15 500,000;;200,000;15 300,000
Отпуск в отделение 0000-000018 от 16.01.2024 16:04:21;;;;;;15 300,000;;500,000;14 800,000
Отпуск в отделение 0000-000020 от 18.01.2024 16:03:21;;;;;;14 800,000;;300,000;14 500,000
Отпуск в отделение 0000-000024 от 22.01.2024 10:24:53;;;;;;14 500,000;;300,000;14 200,000
Отпуск в отделение 0000-000026 от 22.01.2024 13:50:00;;;;;;14 200,000;;100,000;14 100,000
Отпуск в отделение 0000-000041 от 05.02.2024 13:36:06;;;;;;14 100,000;;300,000;13 800,000
Отпуск в отделение 0000-000045 от 07.02.2024 11:37:25;;;;;;13 800,000;;300,000;13 500,000
Отпуск в отделение 0000-000048 от 07.02.2024 13:21:23;;;;;;13 500,000;;300,000;13 200,000
Отпуск в отделение 0000-000054 от 12.02.2024 16:36:56;;;;;;13 200,000;;200,000;13 000,000
Отпуск в отделение 0000-000061 от 19.02.2024 11:42:48;;;;;;13 000,000;;300,000;12 700,000
Отпуск в отделение 0000-000068 от 21.02.2024 11:05:17;;;;;;12 700,000;;200,000;12 500,000
Отпуск в отделение 0000-000091 от 11.03.2024 10:47:12;;;;;;12 500,000;;200,000;12 300,000
Отпуск в отделение 0000-000093 от 11.03.2024 11:16:47;;;;;;12 300,000;;200,000;12 100,000
Отпуск в отделение 0000-000105 от 18.03.2024 11:18:10;;;;;;12 100,000;;300,000;11 800,000
Отпуск в отделение 0000-000109 от 22.03.2024 10:41:58;;;;;;11 800,000;;300,000;11 500,000
Отпуск в отделение 0000-000118 от 27.03.2024 10:39:35;;;;;;11 500,000;;100,000;11 400,000
Отпуск в отделение 0000-000125 от 01.04.2024 11:38:11;;;;;;11 400,000;;200,000;11 200,000
Отпуск в отделение 0000-000132 от 03.04.2024 11:32:30;;;;;;11 200,000;;300,000;10 900,000
Отпуск в отделение 0000-000152 от 15.04.2024 9:08:21;;;;;;10 900,000;;200,000;10 700,000
Отпуск в отделение 0000-000158 от 17.04.2024 8:59:05;;;;;;10 700,000;;300,000;10 400,000
Отпуск в отделение 0000-000171 от 24.04.2024 11:54:51;;;;;;10 400,000;;200,000;10 200,000
Отпуск в отделение 0000-000186 от 06.05.2024 11:37:37;;;;;;10 200,000;;200,000;10 000,000
Отпуск в отделение 0000-000207 от 20.05.2024 15:30:14;;;;;;10 000,000;;200,000;9 800,000
Отпуск в отделение 0000-000234 от 04.06.2024 14:48:25;;;;;;9 800,000;;100,000;9 700,000
Отпуск в отделение 0000-000246 от 18.06.2024 13:11:46;;;;;;9 700,000;;200,000;9 500,000
Отпуск в отделение 0000-000250 от 19.06.2024 11:22:49;;;;;;9 500,000;;200,000;9 300,000
Отпуск в отделение 0000-000253 от 20.06.2024 10:44:25;;;;;;9 300,000;;200,000;9 100,000
Отпуск в отделение 0000-000258 от 24.06.2024 11:11:48;;;;;;9 100,000;;300,000;8 800,000
Отпуск в отделение 0000-000287 от 15.07.2024 10:08:21;;;;;;8 800,000;;200,000;8 600,000
Отпуск в отделение 0000-000297 от 17.07.2024 15:45:02;;;;;;8 600,000;;200,000;8 400,000
Отпуск в отделение 0000-000298 от 19.07.2024 10:58:05;;;;;;8 400,000;;200,000;8 200,000
Отпуск в отделение 0000-000342 от 19.08.2024 10:09:23;;;;;;8 200,000;;300,000;7 900,000
Отпуск в отделение 0000-000347 от 22.08.2024 11:55:08;;;;;;7 900,000;;200,000;7 700,000
Отпуск в отделение 0000-000352 от 26.08.2024 10:20:59;;;;;;7 700,000;;100,000;7 600,000
Отпуск в отделение 0000-000353 от 26.08.2024 10:23:25;;;;;;7 600,000;;300,000;7 300,000
Отпуск в отделение 0000-000366 от 05.09.2024 15:31:33;;;;;;7 300,000;;100,000;7 200,000
Отпуск в отделение 0000-000381 от 19.09.2024 8:02:17;;;;;;7 200,000;;200,000;7 000,000
Отпуск в отделение 0000-000383 от 19.09.2024 9:21:38;;;;;;7 000,000;;300,000;6 700,000
Отпуск в отделение 0000-000384 от 20.09.2024 11:14:48;;;;;;6 700,000;;200,000;6 500,000
Отпуск в отделение 0000-000387 от 23.09.2024 10:58:19;;;;;;6 500,000;;300,000;6 200,000
Отпуск в отделение 0000-000406 от 09.10.2024 10:42:08;;;;;;6 200,000;;200,000;6 000,000
Отпуск в отделение 0000-000408 от 11.10.2024 11:08:56;;;;;;6 000,000;;200,000;5 800,000
Отпуск в отделение 0000-000419 от 21.10.2024 10:25:34;;;;;;5 800,000;;200,000;5 600,000
Отпуск в отделение 0000-000421 от 21.10.2024 11:40:13;;;;;;5 600,000;;200,000;5 400,000
Отпуск в отделение 0000-000425 от 23.10.2024 10:44:27;;;;;;5 400,000;;100,000;5 300,000
Отпуск в отделение 0000-000446 от 06.11.2024 11:30:40;;;;;;5 300,000;;100,000;5 200,000
Отпуск в отделение 0000-000455 от 11.11.2024 13:26:22;;;;;;5 200,000;;300,000;4 900,000
Отпуск в отделение 0000-000458 от 15.11.2024 10:55:52;;;;;;4 900,000;;100,000;4 800,000
Отпуск в отделение 0000-000464 от 18.11.2024 11:55:07;;;;;;4 800,000;;200,000;4 600,000
Отпуск в отделение 0000-000466 от 20.11.2024 10:50:41;;;;;;4 600,000;;100,000;4 500,000
Отпуск в отделение 0000-000497 от 06.12.2024 14:02:09;;;;;;4 500,000;;200,000;4 300,000
Отпуск в отделение 0000-000509 от 16.12.2024 9:44:18;;;;;;4 300,000;;200,000;4 100,000
Отпуск в отделение 0000-000514 от 18.12.2024 9:55:17;;;;;;4 100,000;;200,000;3 900,000
Отпуск в отделение 0000-000526 от 25.12.2024 16:38:01;;;;;;3 900,000;;200,000;3 700,000
Отпуск в отделение 0000-000528 от 26.12.2024 16:32:39;;;;;;3 700,000;;200,000;3 500,000
Шприц одноразовый 10 мл;;;;;шт;16 600,000;20 000,000;25 930,000;10 670,000
<серии не учитываются>, <партии не учитываются>;;;;;;16 600,000;20 000,000;25 930,000;10 670,000
Отпуск в отделение 0000-000011 от 12.01.2024 14:20:40;;;;;;16 600,000;;500,000;16 100,000
Отпуск в отделение 0000-000024 от 22.01.2024 10:24:53;;;;;;16 100,000;;500,000;15 600,000
Отпуск в отделение 0000-000038 от 02.02.2024 11:32:13;;;;;;15 600,000;;500,000;15 100,000
Отпуск в отделение 0000-000041 от 05.02.2024 13:36:06;;;;;;15 100,000;;500,000;14 600,000
Отпуск в отделение 0000-000045 от 07.02.2024 11:37:25;;;;;;14 600,000;;500,000;14 100,000
Отпуск в отделение 0000-000048 от 07.02.2024 13:21:23;;;;;;14 100,000;;500,000;13 600,000
Отпуск в отделение 0000-000057 от 16.02.2024 10:36:29;;;;;;13 600,000;;500,000;13 100,000
Отпуск в отделение 0000-000068 от 21.02.2024 11:05:17;;;;;;13 100,000;;500,000;12 600,000
Отпуск в отделение 0000-000070 от 26.02.2024 9:53:14;;;;;;12 600,000;;500,000;12 100,000
Отпуск в отделение 0000-000074 от 27.02.2024 15:25:48;;;;;;12 100,000;;500,000;11 600,000
Отпуск в отделение 0000-000077 от 01.03.2024 11:00:47;;;;;;11 600,000;;500,000;11 100,000
Поступление товаров 0000-000005 от 04.03.2024 11:48:17;;;;;;11 100,000;5 000,000;;16 100,000
Отпуск в отделение 0000-000088 от 06.03.2024 11:24:26;;;;;;16 100,000;;500,000;15 600,000
Отпуск в отделение 0000-000106 от 20.03.2024 10:23:27;;;;;;15 600,000;;500,000;15 100,000
Отпуск в отделение 0000-000125 от 01.04.2024 11:38:11;;;;;;15 100,000;;500,000;14 600,000
Отпуск в отделение 0000-000132 от 03.04.2024 11:32:30;;;;;;14 600,000;;500,000;14 100,000
Отпуск в отделение 0000-000135 от 05.04.2024 15:38:39;;;;;;14 100,000;;500,000;13 600,000
Отпуск в отделение 0000-000160 от 17.04.2024 10:08:58;;;;;;13 600,000;;32,000;13 568,000
Отпуск в отделение 0000-000166 от 23.04.2024 10:16:06;;;;;;13 568,000;;500,000;13 068,000
Отпуск в отделение 0000-000176 от 26.04.2024 11:07:57;;;;;;13 068,000;;500,000;12 568,000
Поступление товаров 0000-000033 от 15.05.2024 15:31:57;;;;;;12 568,000;5 000,000;;17 568,000
Отпуск в отделение 0000-000206 от 20.05.2024 15:28:22;;;;;;17 568,000;;532,000;17 036,000
Отпуск в отделение 0000-000207 от 20.05.2024 15:30:14;;;;;;17 036,000;;500,000;16 536,000
Отпуск в отделение 0000-000215 от 23.05.2024 15:23:32;;;;;;16 536,000;;500,000;16 036,000
Отпуск в отделение 0000-000222 от 27.05.2024 13:07:59;;;;;;16 036,000;;500,000;15 536,000
Отпуск в отделение 0000-000226 от 29.05.2024 16:25:47;;;;;;15 536,000;;500,000;15 036,000
Отпуск в отделение 0000-000244 от 14.06.2024 13:28:52;;;;;;15 036,000;;500,000;14 536,000
Отпуск в отделение 0000-000253 от 20.06.2024 10:44:25;;;;;;14 536,000;;500,000;14 036,000
Отпуск в отделение 0000-000258 от 24.06.2024 11:11:48;;;;;;14 036,000;;500,000;13 536,000
Отпуск в отделение 0000-000266 от 01.07.2024 9:00:02;;;;;;13 536,000;;414,000;13 122,000
Отпуск в отделение 0000-000272 от 03.07.2024 9:59:01;;;;;;13 122,000;;414,000;12 708,000
Отпуск в отделение 0000-000277 от 05.07.2024 13:30:21;;;;;;12 708,000;;414,000;12 294,000
Отпуск в отделение 0000-000305 от 24.07.2024 11:27:00;;;;;;12 294,000;;414,000;11 880,000
Отпуск в отделение 0000-000315 от 02.08.2024 16:48:46;;;;;;11 880,000;;414,000;11 466,000
Отпуск в отделение 0000-000319 от 05.08.2024 13:43:28;;;;;;11 466,000;;414,000;11 052,000
Отпуск в отделение 0000-000327 от 12.08.2024 11:34:32;;;;;;11 052,000;;414,000;10 638,000
Поступление товаров 0000-000076 от 13.08.2024 11:00:17;;;;;;10 638,000;5 000,000;;15 638,000
Отпуск в отделение 0000-000337 от 14.08.2024 10:35:45;;;;;;15 638,000;;414,000;15 224,000
Отпуск в отделение 0000-000339 от 16.08.2024 13:43:29;;;;;;15 224,000;;32,000;15 192,000
Отпуск в отделение 0000-000347 от 22.08.2024 11:55:08;;;;;;15 192,000;;414,000;14 778,000
Отпуск в отделение 0000-000357 от 28.08.2024 11:32:54;;;;;;14 778,000;;414,000;14 364,000
Отпуск в отделение 0000-000379 от 16.09.2024 10:36:41;;;;;;14 364,000;;414,000;13 950,000
Отпуск в отделение 0000-000381 от 19.09.2024 8:02:17;;;;;;13 950,000;;414,000;13 536,000
Отпуск в отделение 0000-000394 от 01.10.2024 10:28:39;;;;;;13 536,000;;414,000;13 122,000
Отпуск в отделение 0000-000399 от 04.10.2024 10:29:22;;;;;;13 122,000;;414,000;12 708,000
Отпуск в отделение 0000-000401 от 08.10.2024 9:27:41;;;;;;12 708,000;;414,000;12 294,000
Отпуск в отделение 0000-000406 от 09.10.2024 10:42:08;;;;;;12 294,000;;414,000;11 880,000
Отпуск в отделение 0000-000416 от 18.10.2024 11:09:16;;;;;;11 880,000;;414,000;11 466,000
Отпуск в отделение 0000-000437 от 01.11.2024 15:42:28;;;;;;11 466,000;;414,000;11 052,000
Отпуск в отделение 0000-000450 от 08.11.2024 11:42:08;;;;;;11 052,000;;414,000;10 638,000
Отпуск в отделение 0000-000466 от 20.11.2024 10:50:41;;;;;;10 638,000;;414,000;10 224,000
Отпуск в отделение 0000-000468 от 20.11.2024 11:14:34;;;;;;10 224,000;;414,000;9 810,000
Поступление товаров 0000-000099 от 22.11.2024 10:27:34;;;;;;9 810,000;5 000,000;;14 810,000
Отпуск в отделение 0000-000472 от 25.11.2024 9:48:13;;;;;;14 810,000;;414,000;14 396,000
Отпуск в отделение 0000-000481 от 28.11.2024 14:14:02;;;;;;14 396,000;;414,000;13 982,000
Отпуск в отделение 0000-000485 от 02.12.2024 10:16:42;;;;;;13 982,000;;414,000;13 568,000
Отпуск в отделение 0000-000497 от 06.12.2024 14:02:09;;;;;;13 568,000;;414,000;13 154,000
Отпуск в отделение 0000-000498 от 06.12.2024 14:05:26;;;;;;13 154,000;;414,000;12 740,000
Отпуск в отделение 0000-000515 от 20.12.2024 11:21:08;;;;;;12 740,000;;414,000;12 326,000
Отпуск в отделение 0000-000525 от 25.12.2024 16:33:37;;;;;;12 326,000;;414,000;11 912,000
Отпуск в отделение 0000-000526 от 25.12.2024 16:38:01;;;;;;11 912,000;;828,000;11 084,000
Отпуск в отделение 0000-000528 от 26.12.2024 16:32:39;;;;;;11 084,000;;414,000;10 670,000
Шприц одноразовый 2 мл;;;;;шт;42 000,000;24 000,000;37 500,000;28 500,000
<серии не учитываются>, <партии не учитываются>;;;;;;42 000,000;24 000,000;37 500,000;28 500,000
Отпуск в отделение 0000-000011 от 12.01.2024 14:20:40;;;;;;42 000,000;;1 200,000;40 800,000
Отпуск в отделение 0000-000024 от 22.01.2024 10:24:53;;;;;;40 800,000;;1 200,000;39 600,000
Отпуск в отделение 0000-000045 от 07.02.2024 11:37:25;;;;;;39 600,000;;1 200,000;38 400,000
Отпуск в отделение 0000-000048 от 07.02.2024 13:21:23;;;;;;38 400,000;;1 200,000;37 200,000
Поступление товаров 0000-000005 от 04.03.2024 11:48:17;;;;;;37 200,000;6 000,000;;43 200,000
Отпуск в отделение 0000-000087 от 06.03.2024 11:21:47;;;;;;43 200,000;;1 200,000;42 000,000
Отпуск в отделение 0000-000088 от 06.03.2024 11:24:26;;;;;;42 000,000;;1 200,000;40 800,000
Отпуск в отделение 0000-000118 от 27.03.2024 10:39:35;;;;;;40 800,000;;1 200,000;39 600,000
Отпуск в отделение 0000-000125 от 01.04.2024 11:38:11;;;;;;39 600,000;;1 200,000;38 400,000
Отпуск в отделение 0000-000132 от 03.04.2024 11:32:30;;;;;;38 400,000;;1 200,000;37 200,000
Отпуск в отделение 0000-000138 от 08.04.2024 11:11:51;;;;;;37 200,000;;1 200,000;36 000,000
Отпуск в отделение 0000-000160 от 17.04.2024 10:08:58;;;;;;36 000,000;;600,000;35 400,000
Отпуск в отделение 0000-000176 от 26.04.2024 11:07:57;;;;;;35 400,000;;1 200,000;34 200,000
Поступление товаров 0000-000033 от 15.05.2024 15:31:57;;;;;;34 200,000;6 000,000;;40 200,000
Отпуск в отделение 0000-000206 от 20.05.2024 15:28:22;;;;;;40 200,000;;600,000;39 600,000
Отпуск в отделение 0000-000215 от 23.05.2024 15:23:32;;;;;;39 600,000;;1 200,000;38 400,000
Отпуск в отделение 0000-000229 от 03.06.2024 11:46:51;;;;;;38 400,000;;1 200,000;37 200,000
Отпуск в отделение 0000-000253 от 20.06.2024 10:44:25;;;;;;37 200,000;;1 200,000;36 000,000
Отпуск в отделение 0000-000277 от 05.07.2024 13:30:21;;;;;;36 000,000;;1 200,000;34 800,000
Отпуск в отделение 0000-000284 от 12.07.2024 11:21:40;;;;;;34 800,000;;1 200,000;33 600,000
Отпуск в отделение 0000-000287 от 15.07.2024 10:08:21;;;;;;33 600,000;;1 200,000;32 400,000
Отпуск в отделение 0000-000301 от 22.07.2024 13:03:08;;;;;;32 400,000;;1 200,000;31 200,000
Отпуск в отделение 0000-000319 от 05.08.2024 13:43:28;;;;;;31 200,000;;1 200,000;30 000,000
Поступление товаров 0000-000076 от 13.08.2024 11:00:17;;;;;;30 000,000;6 000,000;;36 000,000
Отпуск в отделение 0000-000337 от 14.08.2024 10:35:45;;;;;;36 000,000;;1 200,000;34 800,000
Отпуск в отделение 0000-000339 от 16.08.2024 13:43:29;;;;;;34 800,000;;600,000;34 200,000
Отпуск в отделение 0000-000362 от 02.09.2024 11:34:19;;;;;;34 200,000;;1 200,000;33 000,000
Отпуск в отделение 0000-000396 от 02.10.2024 9:55:15;;;;;;33 000,000;;1 200,000;31 800,000
Отпуск в отделение 0000-000406 от 09.10.2024 10:42:08;;;;;;31 800,000;;1 200,000;30 600,000
Отпуск в отделение 0000-000419 от 21.10.2024 10:25:34;;;;;;30 600,000;;1 200,000;29 400,000
Отпуск в отделение 0000-000425 от 23.10.2024 10:44:27;;;;;;29 400,000;;1 200,000;28 200,000
Отпуск в отделение 0000-000450 от 08.11.2024 11:42:08;;;;;;28 200,000;;1 200,000;27 000,000
Отпуск в отделение 0000-000455 от 11.11.2024 13:26:22;;;;;;27 000,000;;900,000;26 100,000
Отпуск в отделение 0000-000464 от 18.11.2024 11:55:07;;;;;;26 100,000;;1 200,000;24 900,000
Отпуск в отделение 0000-000466 от 20.11.2024 10:50:41;;;;;;24 900,000;;1 200,000;23 700,000
Поступление товаров 0000-000099 от 22.11.2024 10:27:34;;;;;;23 700,000;6 000,000;;29 700,000
Отпуск в отделение 0000-000526 от 25.12.2024 16:38:01;;;;;;29 700,000;;1 200,000;28 500,000
Шприц одноразовый 20 мл;;;;;шт;19 800,000;30 000,000;35 788,000;14 012,000
<серии не учитываются>, <партии не учитываются>;;;;;;19 800,000;30 000,000;35 788,000;14 012,000
Отпуск в отделение 0000-000006 от 09.01.2024 14:00:02;;;;;;19 800,000;;300,000;19 500,000
Отпуск в отделение 0000-000009 от 12.01.2024 10:47:51;;;;;;19 500,000;;300,000;19 200,000
Отпуск в отделение 0000-000018 от 16.01.2024 16:04:21;;;;;;19 200,000;;300,000;18 900,000
Отпуск в отделение 0000-000021 от 19.01.2024 14:31:55;;;;;;18 900,000;;600,000;18 300,000
Отпуск в отделение 0000-000038 от 02.02.2024 11:32:13;;;;;;18 300,000;;600,000;17 700,000
Отпуск в отделение 0000-000041 от 05.02.2024 13:36:06;;;;;;17 700,000;;300,000;17 400,000
Отпуск в отделение 0000-000045 от 07.02.2024 11:37:25;;;;;;17 400,000;;300,000;17 100,000
Отпуск в отделение 0000-000048 от 07.02.2024 13:21:23;;;;;;17 100,000;;300,000;16 800,000
Отпуск в отделение 0000-000049 от 09.02.2024 10:13:49;;;;;;16 800,000;;300,000;16 500,000
Отпуск в отделение 0000-000054 от 12.02.2024 16:36:56;;;;;;16 500,000;;600,000;15 900,000
Отпуск в отделение 0000-000068 от 21.02.2024 11:05:17;;;;;;15 900,000;;300,000;15 600,000
Отпуск в отделение 0000-000070 от 26.02.2024 9:53:14;;;;;;15 600,000;;600,000;15 000,000
Отпуск в отделение 0000-000074 от 27.02.2024 15:25:48;;;;;;15 000,000;;600,000;14 400,000
Поступление товаров 0000-000005 от 04.03.2024 11:48:17;;;;;;14 400,000;7 500,000;;21 900,000
Отпуск в отделение 0000-000087 от 06.03.2024 11:21:47;;;;;;21 900,000;;300,000;21 600,000
Отпуск в отделение 0000-000088 от 06.03.2024 11:24:26;;;;;;21 600,000;;600,000;21 000,000
Отпуск в отделение 0000-000091 от 11.03.2024 10:47:12;;;;;;21 000,000;;300,000;20 700,000
Отпуск в отделение 0000-000100 от 14.03.2024 15:51:38;;;;;;20 700,000;;600,000;20 100,000
Отпуск в отделение 0000-000105 от 18.03.2024 11:18:10;;;;;;20 100,000;;300,000;19 800,000
Отпуск в отделение 0000-000113 от 22.03.2024 13:53:49;;;;;;19 800,000;;600,000;19 200,000
Отпуск в отделение 0000-000118 от 27.03.2024 10:39:35;;;;;;19 200,000;;600,000;18 600,000
Отпуск в отделение 0000-000125 от 01.04.2024 11:38:11;;;;;;18 600,000;;300,000;18 300,000
Отпуск в отделение 0000-000132 от 03.04.2024 11:32:30;;;;;;18 300,000;;300,000;18 000,000
Отпуск в отделение 0000-000141 от 09.04.2024 11:54:04;;;;;;18 000,000;;600,000;17 400,000
Отпуск в отделение 0000-000152 от 15.04.2024 9:08:21;;;;;;17 400,000;;300,000;17 100,000
Отпуск в отделение 0000-000158 от 17.04.2024 8:59:05;;;;;;17 100,000;;300,000;16 800,000
Отпуск в отделение 0000-000164 от 22.04.2024 10:44:01;;;;;;16 800,000;;300,000;16 500,000
Отпуск в отделение 0000-000166 от 23.04.2024 10:16:06;;;;;;16 500,000;;300,000;16 200,000
Отпуск в отделение 0000-000176 от 26.04.2024 11:07:57;;;;;;16 200,000;;600,000;15 600,000
Отпуск в отделение 0000-000178 от 02.05.2024 14:32:27;;;;;;15 600,000;;300,000;15 300,000
Отпуск в отделение 0000-000185 от 06.05.2024 11:28:59;;;;;;15 300,000;;300,000;15 000,000
Отпуск в отделение 0000-000186 от 06.05.2024 11:37:37;;;;;;15 000,000;;300,000;14 700,000
Отпуск в отделение 0000-000195 от 15.05.2024 11:39:36;;;;;;14 700,000;;300,000;14 400,000
Поступление товаров 0000-000033 от 15.05.2024 15:31:57;;;;;;14 400,000;7 500,000;;21 900,000
Отпуск в отделение 0000-000199 от 17.05.2024 9:56:43;;;;;;21 900,000;;100,000;21 800,000
Отпуск в отделение 0000-000206 от 20.05.2024 15:28:22;;;;;;21 800,000;;400,000;21 400,000
Отпуск в отделение 0000-000208 от 20.05.2024 15:32:03;;;;;;21 400,000;;600,000;20 800,000
Отпуск в отделение 0000-000215 от 23.05.2024 15:23:32;;;;;;20 800,000;;300,000;20 500,000
Отпуск в отделение 0000-000226 от 29.05.2024 16:25:47;;;;;;20 500,000;;600,000;19 900,000
Отпуск в отделение 0000-000229 от 03.06.2024 11:46:51;;;;;;19 900,000;;300,000;19 600,000
Отпуск в отделение 0000-000234 от 04.06.2024 14:48:25;;;;;;19 600,000;;300,000;19 300,000
Отпуск в отделение 0000-000241 от 10.06.2024 11:01:56;;;;;;19 300,000;;300,000;19 000,000
Отпуск в отделение 0000-000246 от 18.06.2024 13:11:46;;;;;;19 000,000;;600,000;18 400,000
Отпуск в отделение 0000-000250 от 19.06.2024 11:22:49;;;;;;18 400,000;;600,000;17 800,000
Отпуск в отделение 0000-000253 от 20.06.2024 10:44:25;;;;;;17 800,000;;300,000;17 500,000
Отпуск в отделение 0000-000258 от 24.06.2024 11:11:48;;;;;;17 500,000;;600,000;16 900,000
Отпуск в отделение 0000-000274 от 05.07.2024 10:46:09;;;;;;16 900,000;;600,000;16 300,000
Отпуск в отделение 0000-000277 от 05.07.2024 13:30:21;;;;;;16 300,000;;300,000;16 000,000
Отпуск в отделение 0000-000287 от 15.07.2024 10:08:21;;;;;;16 000,000;;296,000;15 704,000
Отпуск в отделение 0000-000295 от 17.07.2024 11:39:22;;;;;;15 704,000;;296,000;15 408,000
Отпуск в отделение 0000-000310 от 29.07.2024 11:47:29;;;;;;15 408,000;;296,000;15 112,000
Отпуск в отделение 0000-000315 от 02.08.2024 16:48:46;;;;;;15 112,000;;296,000;14 816,000
Отпуск в отделение 0000-000319 от 05.08.2024 13:43:28;;;;;;14 816,000;;592,000;14 224,000
Отпуск в отделение 0000-000322 от 07.08.2024 13:24:49;;;;;;14 224,000;;296,000;13 928,000
Отпуск в отделение 0000-000327 от 12.08.2024 11:34:32;;;;;;13 928,000;;600,000;13 328,000
Отпуск в отделение 0000-000330 от 12.08.2024 14:40:56;;;;;;13 328,000;;296,000;13 032,000
Поступление товаров 0000-000076 от 13.08.2024 11:00:17;;;;;;13 032,000;7 500,000;;20 532,000
Отпуск в отделение 0000-000337 от 14.08.2024 10:35:45;;;;;;20 532,000;;296,000;20 236,000
Отпуск в отделение 0000-000339 от 16.08.2024 13:43:29;;;;;;20 236,000;;100,000;20 136,000
Отпуск в отделение 0000-000342 от 19.08.2024 10:09:23;;;;;;20 136,000;;592,000;19 544,000
Отпуск в отделение 0000-000347 от 22.08.2024 11:55:08;;;;;;19 544,000;;296,000;19 248,000
Отпуск в отделение 0000-000357 от 28.08.2024 11:32:54;;;;;;19 248,000;;592,000;18 656,000
Отпуск в отделение 0000-000366 от 05.09.2024 15:31:33;;;;;;18 656,000;;296,000;18 360,000
Отпуск в отделение 0000-000369 от 09.09.2024 10:11:46;;;;;;18 360,000;;296,000;18 064,000
Отпуск в отделение 0000-000374 от 11.09.2024 11:18:03;;;;;;18 064,000;;888,000;17 176,000
Отпуск в отделение 0000-000381 от 19.09.2024 8:02:17;;;;;;17 176,000;;296,000;16 880,000
Отпуск в отделение 0000-000387 от 23.09.2024 10:58:19;;;;;;16 880,000;;296,000;16 584,000
Отпуск в отделение 0000-000391 от 27.09.2024 10:32:23;;;;;;16 584,000;;296,000;16 288,000
Отпуск в отделение 0000-000399 от 04.10.2024 10:29:22;;;;;;16 288,000;;296,000;15 992,000
Отпуск в отделение 0000-000401 от 08.10.2024 9:27:41;;;;;;15 992,000;;296,000;15 696,000
Отпуск в отделение 0000-000406 от 09.10.2024 10:42:08;;;;;;15 696,000;;296,000;15 400,000
Отпуск в отделение 0000-000408 от 11.10.2024 11:08:56;;;;;;15 400,000;;296,000;15 104,000
Отпуск в отделение 0000-000416 от 18.10.2024 11:09:16;;;;;;15 104,000;;592,000;14 512,000
Отпуск в отделение 0000-000419 от 21.10.2024 10:25:34;;;;;;14 512,000;;596,000;13 916,000
Отпуск в отделение 0000-000423 от 23.10.2024 10:21:22;;;;;;13 916,000;;292,000;13 624,000
Отпуск в отделение 0000-000425 от 23.10.2024 10:44:27;;;;;;13 624,000;;296,000;13 328,000
Отпуск в отделение 0000-000432 от 28.10.2024 10:26:41;;;;;;13 328,000;;296,000;13 032,000
Отпуск в отделение 0000-000446 от 06.11.2024 11:30:40;;;;;;13 032,000;;296,000;12 736,000
Отпуск в отделение 0000-000447 от 06.11.2024 11:33:57;;;;;;12 736,000;;296,000;12 440,000
Отпуск в отделение 0000-000458 от 15.11.2024 10:55:52;;;;;;12 440,000;;592,000;11 848,000
Отпуск в отделение 0000-000464 от 18.11.2024 11:55:07;;;;;;11 848,000;;296,000;11 552,000
Отпуск в отделение 0000-000466 от 20.11.2024 10:50:41;;;;;;11 552,000;;296,000;11 256,000
Поступление товаров 0000-000099 от 22.11.2024 10:27:34;;;;;;11 256,000;7 500,000;;18 756,000
Отпуск в отделение 0000-000470 от 22.11.2024 10:28:47;;;;;;18 756,000;;296,000;18 460,000
Отпуск в отделение 0000-000472 от 25.11.2024 9:48:13;;;;;;18 460,000;;296,000;18 164,000
Отпуск в отделение 0000-000481 от 28.11.2024 14:14:02;;;;;;18 164,000;;296,000;17 868,000
Отпуск в отделение 0000-000485 от 02.12.2024 10:16:42;;;;;;17 868,000;;296,000;17 572,000
Отпуск в отделение 0000-000497 от 06.12.2024 14:02:09;;;;;;17 572,000;;296,000;17 276,000
Отпуск в отделение 0000-000498 от 06.12.2024 14:05:26;;;;;;17 276,000;;296,000;16 980,000
Отпуск в отделение 0000-000501 от 09.12.2024 13:15:38;;;;;;16 980,000;;296,000;16 684,000
Отпуск в отделение 0000-000504 от 10.12.2024 14:11:47;;;;;;16 684,000;;296,000;16 388,000
Отпуск в отделение 0000-000509 от 16.12.2024 9:44:18;;;;;;16 388,000;;592,000;15 796,000
Отпуск в отделение 0000-000515 от 20.12.2024 11:21:08;;;;;;15 796,000;;296,000;15 500,000
Отпуск в отделение 0000-000524 от 25.12.2024 11:16:41;;;;;;15 500,000;;592,000;14 908,000
Отпуск в отделение 0000-000525 от 25.12.2024 16:33:37;;;;;;14 908,000;;296,000;14 612,000
Отпуск в отделение 0000-000526 от 25.12.2024 16:38:01;;;;;;14 612,000;;304,000;14 308,000
Отпуск в отделение 0000-000528 от 26.12.2024 16:32:39;;;;;;14 308,000;;296,000;14 012,000
Шприц одноразовый 5 мл;;;;;шт;;92 000,000;75 120,000;16 880,000
<серии не учитываются>, <партии не учитываются>;;;;;;;92 000,000;75 120,000;16 880,000
Поступление товаров 0000-000005 от 04.03.2024 11:48:17;;;;;;;23 000,000;;23 000,000
Отпуск в отделение 0000-000083 от 05.03.2024 16:22:02;;;;;;23 000,000;;560,000;22 440,000
Отпуск в отделение 0000-000087 от 06.03.2024 11:21:47;;;;;;22 440,000;;1 360,000;21 080,000
Отпуск в отделение 0000-000088 от 06.03.2024 11:24:26;;;;;;21 080,000;;680,000;20 400,000
Отпуск в отделение 0000-000091 от 11.03.2024 10:47:12;;;;;;20 400,000;;1 360,000;19 040,000
Отпуск в отделение 0000-000096 от 13.03.2024 9:46:08;;;;;;19 040,000;;680,000;18 360,000
Отпуск в отделение 0000-000100 от 14.03.2024 15:51:38;;;;;;18 360,000;;1 360,000;17 000,000
Отпуск в отделение 0000-000105 от 18.03.2024 11:18:10;;;;;;17 000,000;;680,000;16 320,000
Отпуск в отделение 0000-000106 от 20.03.2024 10:23:27;;;;;;16 320,000;;680,000;15 640,000
Отпуск в отделение 0000-000109 от 22.03.2024 10:41:58;;;;;;15 640,000;;680,000;14 960,000
Отпуск в отделение 0000-000113 от 22.03.2024 13:53:49;;;;;;14 960,000;;680,000;14 280,000
Отпуск в отделение 0000-000117 от 26.03.2024 14:46:02;;;;;;14 280,000;;680,000;13 600,000
Отпуск в отделение 0000-000118 от 27.03.2024 10:39:35;;;;;;13 600,000;;680,000;12 920,000
Отпуск в отделение 0000-000125 от 01.04.2024 11:38:11;;;;;;12 920,000;;680,000;12 240,000
Отпуск в отделение 0000-000132 от 03.04.2024 11:32:30;;;;;;12 240,000;;680,000;11 560,000
Отпуск в отделение 0000-000138 от 08.04.2024 11:11:51;;;;;;11 560,000;;680,000;10 880,000
Отпуск в отделение 0000-000141 от 09.04.2024 11:54:04;;;;;;10 880,000;;680,000;10 200,000
Отпуск в отделение 0000-000152 от 15.04.2024 9:08:21;;;;;;10 200,000;;680,000;9 520,000
Отпуск в отделение 0000-000158 от 17.04.2024 8:59:05;;;;;;9 520,000;;680,000;8 840,000
Отпуск в отделение 0000-000160 от 17.04.2024 10:08:58;;;;;;8 840,000;;680,000;8 160,000
Отпуск в отделение 0000-000164 от 22.04.2024 10:44:01;;;;;;8 160,000;;1 360,000;6 800,000
Отпуск в отделение 0000-000166 от 23.04.2024 10:16:06;;;;;;6 800,000;;680,000;6 120,000
Отпуск в отделение 0000-000176 от 26.04.2024 11:07:57;;;;;;6 120,000;;680,000;5 440,000
Отпуск в отделение 0000-000185 от 06.05.2024 11:28:59;;;;;;5 440,000;;680,000;4 760,000
Отпуск в отделение 0000-000186 от 06.05.2024 11:37:37;;;;;;4 760,000;;1 360,000;3 400,000
Отпуск в отделение 0000-000195 от 15.05.2024 11:39:36;;;;;;3 400,000;;680,000;2 720,000
Поступление товаров 0000-000033 от 15.05.2024 15:31:57;;;;;;2 720,000;23 000,000;;25 720,000
Отпуск в отделение 0000-000206 от 20.05.2024 15:28:22;;;;;;25 720,000;;560,000;25 160,000
Отпуск в отделение 0000-000207 от 20.05.2024 15:30:14;;;;;;25 160,000;;1 360,000;23 800,000
Отпуск в отделение 0000-000215 от 23.05.2024 15:23:32;;;;;;23 800,000;;680,000;23 120,000
Отпуск в отделение 0000-000222 от 27.05.2024 13:07:59;;;;;;23 120,000;;680,000;22 440,000
Отпуск в отделение 0000-000223 от 27.05.2024 13:09:11;;;;;;22 440,000;;680,000;21 760,000
Отпуск в отделение 0000-000226 от 29.05.2024 16:25:47;;;;;;21 760,000;;680,000;21 080,000
Отпуск в отделение 0000-000229 от 03.06.2024 11:46:51;;;;;;21 080,000;;1 360,000;19 720,000
Отпуск в отделение 0000-000239 от 10.06.2024 10:41:53;;;;;;19 720,000;;680,000;19 040,000
Отпуск в отделение 0000-000241 от 10.06.2024 11:01:56;;;;;;19 040,000;;680,000;18 360,000
Отпуск в отделение 0000-000253 от 20.06.2024 10:44:25;;;;;;18 360,000;;680,000;17 680,000
Отпуск в отделение 0000-000256 от 21.06.2024 9:57:09;;;;;;17 680,000;;1 360,000;16 320,000
Отпуск в отделение 0000-000258 от 24.06.2024 11:11:48;;;;;;16 320,000;;680,000;15 640,000
Отпуск в отделение 0000-000266 от 01.07.2024 9:00:02;;;;;;15 640,000;;680,000;14 960,000
Отпуск в отделение 0000-000269 от 01.07.2024 9:49:29;;;;;;14 960,000;;680,000;14 280,000
Отпуск в отделение 0000-000278 от 08.07.2024 10:06:57;;;;;;14 280,000;;680,000;13 600,000
Отпуск в отделение 0000-000284 от 12.07.2024 11:21:40;;;;;;13 600,000;;680,000;12 920,000
Отпуск в отделение 0000-000287 от 15.07.2024 10:08:21;;;;;;12 920,000;;680,000;12 240,000
Отпуск в отделение 0000-000295 от 17.07.2024 11:39:22;;;;;;12 240,000;;680,000;11 560,000
Отпуск в отделение 0000-000297 от 17.07.2024 15:45:02;;;;;;11 560,000;;680,000;10 880,000
Отпуск в отделение 0000-000301 от 22.07.2024 13:03:08;;;;;;10 880,000;;680,000;10 200,000
Отпуск в отделение 0000-000310 от 29.07.2024 11:47:29;;;;;;10 200,000;;680,000;9 520,000
Отпуск в отделение 0000-000315 от 02.08.2024 16:48:46;;;;;;9 520,000;;680,000;8 840,000
Отпуск в отделение 0000-000319 от 05.08.2024 13:43:28;;;;;;8 840,000;;1 360,000;7 480,000
Отпуск в отделение 0000-000322 от 07.08.2024 13:24:49;;;;;;7 480,000;;680,000;6 800,000
Отпуск в отделение 0000-000327 от 12.08.2024 11:34:32;;;;;;6 800,000;;680,000;6 120,000
Отпуск в отделение 0000-000330 от 12.08.2024 14:40:56;;;;;;6 120,000;;680,000;5 440,000
Поступление товаров 0000-000076 от 13.08.2024 11:00:17;;;;;;5 440,000;23 000,000;;28 440,000
Отпуск в отделение 0000-000337 от 14.08.2024 10:35:45;;;;;;28 440,000;;680,000;27 760,000
Отпуск в отделение 0000-000339 от 16.08.2024 13:43:29;;;;;;27 760,000;;560,000;27 200,000
Отпуск в отделение 0000-000342 от 19.08.2024 10:09:23;;;;;;27 200,000;;1 360,000;25 840,000
Отпуск в отделение 0000-000353 от 26.08.2024 10:23:25;;;;;;25 840,000;;680,000;25 160,000
Отпуск в отделение 0000-000357 от 28.08.2024 11:32:54;;;;;;25 160,000;;1 360,000;23 800,000
Отпуск в отделение 0000-000362 от 02.09.2024 11:34:19;;;;;;23 800,000;;1 360,000;22 440,000
Отпуск в отделение 0000-000366 от 05.09.2024 15:31:33;;;;;;22 440,000;;680,000;21 760,000
Отпуск в отделение 0000-000369 от 09.09.2024 10:11:46;;;;;;21 760,000;;680,000;21 080,000
Отпуск в отделение 0000-000374 от 11.09.2024 11:18:03;;;;;;21 080,000;;2 040,000;19 040,000
Отпуск в отделение 0000-000378 от 16.09.2024 10:35:31;;;;;;19 040,000;;680,000;18 360,000
Отпуск в отделение 0000-000381 от 19.09.2024 8:02:17;;;;;;18 360,000;;680,000;17 680,000
Отпуск в отделение 0000-000387 от 23.09.2024 10:58:19;;;;;;17 680,000;;680,000;17 000,000
Отпуск в отделение 0000-000391 от 27.09.2024 10:32:23;;;;;;17 000,000;;680,000;16 320,000
Отпуск в отделение 0000-000401 от 08.10.2024 9:27:41;;;;;;16 320,000;;1 360,000;14 960,000
Отпуск в отделение 0000-000406 от 09.10.2024 10:42:08;;;;;;14 960,000;;680,000;14 280,000
Отпуск в отделение 0000-000408 от 11.10.2024 11:08:56;;;;;;14 280,000;;680,000;13 600,000
Отпуск в отделение 0000-000416 от 18.10.2024 11:09:16;;;;;;13 600,000;;680,000;12 920,000
Отпуск в отделение 0000-000419 от 21.10.2024 10:25:34;;;;;;12 920,000;;1 360,000;11 560,000
Отпуск в отделение 0000-000425 от 23.10.2024 10:44:27;;;;;;11 560,000;;680,000;10 880,000
Отпуск в отделение 0000-000429 от 25.10.2024 9:39:33;;;;;;10 880,000;;680,000;10 200,000
Отпуск в отделение 0000-000432 от 28.10.2024 10:26:41;;;;;;10 200,000;;680,000;9 520,000
Отпуск в отделение 0000-000437 от 01.11.2024 15:42:28;;;;;;9 520,000;;680,000;8 840,000
Отпуск в отделение 0000-000447 от 06.11.2024 11:33:57;;;;;;8 840,000;;680,000;8 160,000
Отпуск в отделение 0000-000455 от 11.11.2024 13:26:22;;;;;;8 160,000;;680,000;7 480,000
Отпуск в отделение 0000-000458 от 15.11.2024 10:55:52;;;;;;7 480,000;;680,000;6 800,000
Отпуск в отделение 0000-000464 от 18.11.2024 11:55:07;;;;;;6 800,000;;680,000;6 120,000
Отпуск в отделение 0000-000466 от 20.11.2024 10:50:41;;;;;;6 120,000;;680,000;5 440,000
Поступление товаров 0000-000099 от 22.11.2024 10:27:34;;;;;;5 440,000;23 000,000;;28 440,000
Отпуск в отделение 0000-000470 от 22.11.2024 10:28:47;;;;;;28 440,000;;680,000;27 760,000
Отпуск в отделение 0000-000472 от 25.11.2024 9:48:13;;;;;;27 760,000;;680,000;27 080,000
Отпуск в отделение 0000-000485 от 02.12.2024 10:16:42;;;;;;27 080,000;;680,000;26 400,000
Отпуск в отделение 0000-000497 от 06.12.2024 14:02:09;;;;;;26 400,000;;680,000;25 720,000
Отпуск в отделение 0000-000498 от 06.12.2024 14:05:26;;;;;;25 720,000;;680,000;25 040,000
Отпуск в отделение 0000-000501 от 09.12.2024 13:15:38;;;;;;25 040,000;;680,000;24 360,000
Отпуск в отделение 0000-000504 от 10.12.2024 14:11:47;;;;;;24 360,000;;680,000;23 680,000
Отпуск в отделение 0000-000509 от 16.12.2024 9:44:18;;;;;;23 680,000;;1 360,000;22 320,000
Отпуск в отделение 0000-000512 от 17.12.2024 15:51:56;;;;;;22 320,000;;680,000;21 640,000
Отпуск в отделение 0000-000519 от 23.12.2024 15:19:50;;;;;;21 640,000;;680,000;20 960,000
Отпуск в отделение 0000-000524 от 25.12.2024 11:16:41;;;;;;20 960,000;;680,000;20 280,000
Отпуск в отделение 0000-000525 от 25.12.2024 16:33:37;;;;;;20 280,000;;680,000;19 600,000
Отпуск в отделение 0000-000526 от 25.12.2024 16:38:01;;;;;;19 600,000;;1 360,000;18 240,000
Отпуск в отделение 0000-000528 от 26.12.2024 16:32:39;;;;;;18 240,000;;1 360,000;16 880,000
Элзепам, р-р для в/в и в/м введ. 1 мг/мл, с нож. амп., 1 мл, N 10 Эллара ООО;;;;;амп. 1 мл;310,00;1 000,000;570,000;740,000
070323 до 31.03.26, <партии не учитываются>;;;;;;310,000;;310,000;
Отпуск в отделение 0000-000001 от 04.01.2024 11:06:55;;;;;;310,000;;50,000;260,000
Отпуск в отделение 0000-000005 от 09.01.2024 11:47:30;;;;;;260,000;;30,000;230,000
Отпуск в отделение 0000-000023 от 22.01.2024 10:17:24;;;;;;230,000;;50,000;180,000
Отпуск в отделение 0000-000039 от 05.02.2024 10:20:27;;;;;;180,000;;50,000;130,000
Отпуск в отделение 0000-000042 от 07.02.2024 9:45:49;;;;;;130,000;;60,000;70,000
Отпуск в отделение 0000-000053 от 12.02.2024 11:39:17;;;;;;70,000;;50,000;20,000
Отпуск в отделение 0000-000072 от 26.02.2024 10:28:26;;;;;;20,000;;20,000;
160923 до 30.09.26, <партии не учитываются>;;;;;;;1 000,000;260,000;740,000
Поступление товаров 0000-000092 от 08.11.2024 15:36:04;;;;;;;1 000,000;;1 000,000
Отпуск в отделение 0000-000508 от 16.12.2024 9:25:15;;;;;;1 000,000;;50,000;950,000
Отпуск в отделение 0000-000518 от 23.12.2024 13:51:58;;;;;;950,000;;50,000;900,000
Отпуск в отделение 0000-000523 от 25.12.2024 10:47:34;;;;;;900,000;;30,000;870,000
Отпуск в отделение 0000-000527 от 26.12.2024 8:58:42;;;;;;870,000;;30,000;840,000
Отпуск в отделение 0000-000532 от 27.12.2024 16:20:37;;;;;;840,000;;100,000;740,000
Энап Р, р-р для в/в введ. 1.25 мг/мл, амп. 1 мл, пач. картон. 5;;;;;амп. 1 мл;;500,000;500,000;
A82229 до 30.06.26, <партии не учитываются>;;;;;;;500,000;500,000;
Поступление товаров 0000-000082 от 06.09.2024 15:40:13;;;;;;;500,000;;500,000
Отпуск в отделение 0000-000372 от 11.09.2024 10:22:00;;;;;;500,000;;50,000;450,000
Отпуск в отделение 0000-000382 от 19.09.2024 8:21:45;;;;;;450,000;;80,000;370,000
Отпуск в отделение 0000-000409 от 11.10.2024 11:13:14;;;;;;370,000;;50,000;320,000
Отпуск в отделение 0000-000438 от 02.11.2024 14:01:12;;;;;;320,000;;50,000;270,000
Отпуск в отделение 0000-000465 от 20.11.2024 9:29:48;;;;;;270,000;;30,000;240,000
Отпуск в отделение 0000-000467 от 20.11.2024 10:53:40;;;;;;240,000;;50,000;190,000
Отпуск в отделение 0000-000495 от 06.12.2024 11:07:16;;;;;;190,000;;50,000;140,000
Отпуск в отделение 0000-000502 от 10.12.2024 11:09:59;;;;;;140,000;;50,000;90,000
Отпуск в отделение 0000-000513 от 18.12.2024 9:09:40;;;;;;90,000;;25,000;65,000
Отпуск в отделение 0000-000522 от 24.12.2024 15:26:22;;;;;;65,000;;50,000;15,000
Отпуск в отделение 0000-000531 от 27.12.2024 13:33:59;;;;;;15,000;;15,000;
Этамзилат, р-р д/ин. 125 мг/мл, амп. 2 мл, пач. картон. 10 Новосиб 02,25;;;;;амп. 2 мл;2690,00;;2 170,000;520,000
210923 до 31.08.26, <партии не учитываются>;;;;;;2 690,000;;2 170,000;520,000
Отпуск в отделение 0000-000019 от 17.01.2024 10:01:43;;;;;;2 690,000;;50,000;2 640,000
Отпуск в отделение 0000-000032 от 29.01.2024 10:15:01;;;;;;2 640,000;;50,000;2 590,000
Отпуск в отделение 0000-000044 от 07.02.2024 10:46:01;;;;;;2 590,000;;30,000;2 560,000
Отпуск в отделение 0000-000071 от 26.02.2024 9:55:59;;;;;;2 560,000;;50,000;2 510,000
Отпуск в отделение 0000-000073 от 26.02.2024 10:35:14;;;;;;2 510,000;;30,000;2 480,000
Отпуск в отделение 0000-000085 от 06.03.2024 10:08:58;;;;;;2 480,000;;50,000;2 430,000
Отпуск в отделение 0000-000114 от 25.03.2024 11:21:13;;;;;;2 430,000;;30,000;2 400,000
Отпуск в отделение 0000-000121 от 01.04.2024 10:10:51;;;;;;2 400,000;;50,000;2 350,000
Отпуск в отделение 0000-000126 от 02.04.2024 15:21:09;;;;;;2 350,000;;100,000;2 250,000
Отпуск в отделение 0000-000131 от 03.04.2024 10:07:36;;;;;;2 250,000;;50,000;2 200,000
Отпуск в отделение 0000-000136 от 08.04.2024 10:40:04;;;;;;2 200,000;;20,000;2 180,000
Отпуск в отделение 0000-000153 от 15.04.2024 9:19:31;;;;;;2 180,000;;50,000;2 130,000
Отпуск в отделение 0000-000175 от 26.04.2024 10:21:39;;;;;;2 130,000;;50,000;2 080,000
Отпуск в отделение 0000-000205 от 20.05.2024 13:40:22;;;;;;2 080,000;;50,000;2 030,000
Отпуск в отделение 0000-000220 от 27.05.2024 10:15:42;;;;;;2 030,000;;30,000;2 000,000
Отпуск в отделение 0000-000235 от 07.06.2024 14:26:49;;;;;;2 000,000;;50,000;1 950,000
Отпуск в отделение 0000-000251 от 20.06.2024 9:03:18;;;;;;1 950,000;;100,000;1 850,000
Отпуск в отделение 0000-000259 от 24.06.2024 11:19:16;;;;;;1 850,000;;30,000;1 820,000
Отпуск в отделение 0000-000265 от 27.06.2024 10:15:05;;;;;;1 820,000;;50,000;1 770,000
Отпуск в отделение 0000-000285 от 15.07.2024 9:35:52;;;;;;1 770,000;;50,000;1 720,000
Отпуск в отделение 0000-000288 от 15.07.2024 10:19:45;;;;;;1 720,000;;50,000;1 670,000
Отпуск в отделение 0000-000293 от 17.07.2024 9:59:13;;;;;;1 670,000;;50,000;1 620,000
Отпуск в отделение 0000-000316 от 05.08.2024 11:01:37;;;;;;1 620,000;;100,000;1 520,000
Отпуск в отделение 0000-000321 от 07.08.2024 11:08:47;;;;;;1 520,000;;30,000;1 490,000
Отпуск в отделение 0000-000326 от 09.08.2024 11:03:19;;;;;;1 490,000;;50,000;1 440,000
Отпуск в отделение 0000-000328 от 12.08.2024 11:39:14;;;;;;1 440,000;;50,000;1 390,000
Отпуск в отделение 0000-000345 от 20.08.2024 8:27:18;;;;;;1 390,000;;20,000;1 370,000
Отпуск в отделение 0000-000372 от 11.09.2024 10:22:00;;;;;;1 370,000;;50,000;1 320,000
Отпуск в отделение 0000-000377 от 16.09.2024 10:13:06;;;;;;1 320,000;;50,000;1 270,000
Отпуск в отделение 0000-000382 от 19.09.2024 8:21:45;;;;;;1 270,000;;50,000;1 220,000
Отпуск в отделение 0000-000397 от 02.10.2024 9:56:50;;;;;;1 220,000;;50,000;1 170,000
Отпуск в отделение 0000-000409 от 11.10.2024 11:13:14;;;;;;1 170,000;;30,000;1 140,000
Отпуск в отделение 0000-000436 от 01.11.2024 13:39:05;;;;;;1 140,000;;50,000;1 090,000
Отпуск в отделение 0000-000444 от 06.11.2024 8:43:10;;;;;;1 090,000;;50,000;1 040,000
Отпуск в отделение 0000-000448 от 08.11.2024 11:03:12;;;;;;1 040,000;;40,000;1 000,000
Отпуск в отделение 0000-000454 от 11.11.2024 10:54:33;;;;;;1 000,000;;100,000;900,000
Отпуск в отделение 0000-000462 от 18.11.2024 10:23:59;;;;;;900,000;;50,000;850,000
Отпуск в отделение 0000-000479 от 28.11.2024 10:45:08;;;;;;850,000;;30,000;820,000
Отпуск в отделение 0000-000502 от 10.12.2024 11:09:59;;;;;;820,000;;50,000;770,000
Отпуск в отделение 0000-000520 от 24.12.2024 10:56:12;;;;;;770,000;;50,000;720,000
Отпуск в отделение 0000-000522 от 24.12.2024 15:26:22;;;;;;720,000;;50,000;670,000
Отпуск в отделение 0000-000527 от 26.12.2024 8:58:42;;;;;;670,000;;50,000;620,000
Отпуск в отделение 0000-000531 от 27.12.2024 13:33:59;;;;;;620,000;;100,000;520,000
Эуфиллин, р-р для в/в введ. 24 мг/мл, амп. 10 мл, пач. картон. 10 Новосиб 01.23;;;;;амп. 10 мл;3820,00;3 000,000;5 480,000;1 340,000
100324 до 28.02.27, <партии не учитываются>;;;;;;;160,000;160,000;
Поступление товаров 0000-000083 от 06.09.2024 15:51:52;;;;;;;160,000;;160,000
Отпуск в отделение 0000-000402 от 08.10.2024 9:37:04;;;;;;160,000;;160,000;
140123 до 31.01.26, <партии не учитываются>;;;;;;950,000;;950,000;
Отпуск в отделение 0000-000198 от 16.05.2024 10:10:32;;;;;;950,000;;120,000;830,000
Отпуск в отделение 0000-000205 от 20.05.2024 13:40:22;;;;;;830,000;;50,000;780,000
Отпуск в отделение 0000-000214 от 23.05.2024 13:10:14;;;;;;780,000;;40,000;740,000
Отпуск в отделение 0000-000224 от 29.05.2024 10:48:28;;;;;;740,000;;100,000;640,000
Отпуск в отделение 0000-000233 от 04.06.2024 14:07:33;;;;;;640,000;;20,000;620,000
Отпуск в отделение 0000-000243 от 14.06.2024 11:14:03;;;;;;620,000;;50,000;570,000
Отпуск в отделение 0000-000245 от 18.06.2024 10:51:43;;;;;;570,000;;300,000;270,000
Отпуск в отделение 0000-000251 от 20.06.2024 9:03:18;;;;;;270,000;;60,000;210,000
Отпуск в отделение 0000-000276 от 05.07.2024 11:22:28;;;;;;210,000;;100,000;110,000
Отпуск в отделение 0000-000293 от 17.07.2024 9:59:13;;;;;;110,000;;50,000;60,000
Отпуск в отделение 0000-000316 от 05.08.2024 11:01:37;;;;;;60,000;;60,000;
340723 до 30.06.26, <партии не учитываются>;;;;;;1 050,000;;1 050,000;
Отпуск в отделение 0000-000249 от 19.06.2024 10:24:16;;;;;;1 050,000;;100,000;950,000
Отпуск в отделение 0000-000285 от 15.07.2024 9:35:52;;;;;;950,000;;100,000;850,000
Отпуск в отделение 0000-000288 от 15.07.2024 10:19:45;;;;;;850,000;;150,000;700,000
Отпуск в отделение 0000-000302 от 22.07.2024 13:07:35;;;;;;700,000;;100,000;600,000
Отпуск в отделение 0000-000309 от 29.07.2024 10:50:02;;;;;;600,000;;100,000;500,000
Отпуск в отделение 0000-000316 от 05.08.2024 11:01:37;;;;;;500,000;;40,000;460,000
Отпуск в отделение 0000-000331 от 12.08.2024 14:45:46;;;;;;460,000;;50,000;410,000
Отпуск в отделение 0000-000349 от 23.08.2024 11:12:30;;;;;;410,000;;100,000;310,000
Отпуск в отделение 0000-000365 от 05.09.2024 13:17:07;;;;;;310,000;;50,000;260,000
Отпуск в отделение 0000-000372 от 11.09.2024 10:22:00;;;;;;260,000;;100,000;160,000
Отпуск в отделение 0000-000388 от 23.09.2024 11:04:17;;;;;;160,000;;50,000;110,000
Отпуск в отделение 0000-000395 от 01.10.2024 10:34:02;;;;;;110,000;;100,000;10,000
Отпуск в отделение 0000-000452 от 11.11.2024 10:25:38;;;;;;10,000;;10,000;
340821 до 31.08.24, <партии не учитываются>;;;;;;1 520,000;;1 520,000;
Отпуск в отделение 0000-000022 от 22.01.2024 8:59:29;;;;;;1 520,000;;60,000;1 460,000
Отпуск в отделение 0000-000044 от 07.02.2024 10:46:01;;;;;;1 460,000;;50,000;1 410,000
Отпуск в отделение 0000-000063 от 21.02.2024 9:44:05;;;;;;1 410,000;;50,000;1 360,000
Отпуск в отделение 0000-000082 от 04.03.2024 10:17:59;;;;;;1 360,000;;100,000;1 260,000
Отпуск в отделение 0000-000097 от 13.03.2024 9:48:46;;;;;;1 260,000;;50,000;1 210,000
Отпуск в отделение 0000-000104 от 18.03.2024 8:53:59;;;;;;1 210,000;;200,000;1 010,000
Отпуск в отделение 0000-000108 от 21.03.2024 8:15:48;;;;;;1 010,000;;100,000;910,000
Отпуск в отделение 0000-000112 от 22.03.2024 13:16:04;;;;;;910,000;;100,000;810,000
Отпуск в отделение 0000-000114 от 25.03.2024 11:21:13;;;;;;810,000;;50,000;760,000
Отпуск в отделение 0000-000116 от 25.03.2024 11:39:14;;;;;;760,000;;100,000;660,000
Отпуск в отделение 0000-000121 от 01.04.2024 10:10:51;;;;;;660,000;;50,000;610,000
Отпуск в отделение 0000-000129 от 02.04.2024 16:09:31;;;;;;610,000;;50,000;560,000
Отпуск в отделение 0000-000140 от 09.04.2024 11:08:04;;;;;;560,000;;100,000;460,000
Отпуск в отделение 0000-000153 от 15.04.2024 9:19:31;;;;;;460,000;;100,000;360,000
Отпуск в отделение 0000-000159 от 17.04.2024 9:05:57;;;;;;360,000;;50,000;310,000
Отпуск в отделение 0000-000175 от 26.04.2024 10:21:39;;;;;;310,000;;100,000;210,000
Отпуск в отделение 0000-000183 от 06.05.2024 9:17:42;;;;;;210,000;;100,000;110,000
Отпуск в отделение 0000-000190 от 07.05.2024 11:06:49;;;;;;110,000;;30,000;80,000
Отпуск в отделение 0000-000192 от 08.05.2024 10:45:30;;;;;;80,000;;50,000;30,000
Отпуск в отделение 0000-000198 от 16.05.2024 10:10:32;;;;;;30,000;;30,000;
370821 до 31.08.24, <партии не учитываются>;;;;;;300,000;;300,000;
Отпуск в отделение 0000-000005 от 09.01.2024 11:47:30;;;;;;300,000;;100,000;200,000
Отпуск в отделение 0000-000016 от 16.01.2024 14:55:26;;;;;;200,000;;60,000;140,000
Отпуск в отделение 0000-000022 от 22.01.2024 8:59:29;;;;;;140,000;;140,000;
90324 до 28.02.27, <партии не учитываются>;;;;;;;2 840,000;1 500,000;1 340,000
Поступление товаров 0000-000083 от 06.09.2024 15:51:52;;;;;;;2 840,000;;2 840,000
Отпуск в отделение 0000-000402 от 08.10.2024 9:37:04;;;;;;2 840,000;;90,000;2 750,000
Отпуск в отделение 0000-000407 от 10.10.2024 10:54:04;;;;;;2 750,000;;100,000;2 650,000
Отпуск в отделение 0000-000417 от 18.10.2024 11:13:47;;;;;;2 650,000;;100,000;2 550,000
Отпуск в отделение 0000-000420 от 21.10.2024 10:57:24;;;;;;2 550,000;;100,000;2 450,000
Отпуск в отделение 0000-000452 от 11.11.2024 10:25:38;;;;;;2 450,000;;40,000;2 410,000
Отпуск в отделение 0000-000454 от 11.11.2024 10:54:33;;;;;;2 410,000;;100,000;2 310,000
Отпуск в отделение 0000-000457 от 15.11.2024 10:16:51;;;;;;2 310,000;;100,000;2 210,000
Отпуск в отделение 0000-000465 от 20.11.2024 9:29:48;;;;;;2 210,000;;60,000;2 150,000
Отпуск в отделение 0000-000483 от 02.12.2024 9:12:54;;;;;;2 150,000;;200,000;1 950,000
Отпуск в отделение 0000-000495 от 06.12.2024 11:07:16;;;;;;1 950,000;;50,000;1 900,000
Отпуск в отделение 0000-000502 от 10.12.2024 11:09:59;;;;;;1 900,000;;100,000;1 800,000
Отпуск в отделение 0000-000513 от 18.12.2024 9:09:40;;;;;;1 800,000;;60,000;1 740,000
Отпуск в отделение 0000-000518 от 23.12.2024 13:51:58;;;;;;1 740,000;;100,000;1 640,000
Отпуск в отделение 0000-000522 от 24.12.2024 15:26:22;;;;;;1 640,000;;100,000;1 540,000
Отпуск в отделение 0000-000531 от 27.12.2024 13:33:59;;;;;;1 540,000;;200,000;1 340,000
Склад ЦМК (9);;;;;;;477,000;477,000;
Альбумин человеческий, р-р д/инф. 20 %, фл. 50 мл, пач. картон. 1 склад 08.24;;;;;фл. 50 см3;;27,000;27,000;
A1X202AA до 28.02.25, <партии не учитываются>;;;;;;;7,000;7,000;
Поступление товаров 0000-000073 от 12.08.2024 16:14:48;;;;;;;7,000;;7,000
Отпуск в отделение 0000-000332 от 13.08.2024 15:04:19;;;;;;7,000;;7,000;
A1X243AA до 28.02.25, <партии не учитываются>;;;;;;;20,000;20,000;
Поступление товаров 0000-000073 от 12.08.2024 16:14:48;;;;;;;15,000;;15,000
Поступление товаров 0000-000075 от 13.08.2024 10:11:07;;;;;;15,000;5,000;;20,000
Отпуск в отделение 0000-000332 от 13.08.2024 15:04:19;;;;;;20,000;;20,000;
НАДРОПАРИН КАЛЬЦИЯ ВЕЛФАРМ, р-р для п/к введ. 9500 анти-Ха МЕ/мл, амп. 0,3 мл, пач. картон. 10;;;;;амп. 0.3 см3;;300,000;300,000;
30624 до 01.06.26, <партии не учитываются>;;;;;;;300,000;300,000;
Поступление товаров 0000-000101 от 03.12.2024 10:45:02;;;;;;;300,000;;300,000
Отпуск в отделение 0000-000490 от 03.12.2024 15:58:49;;;;;;300,000;;300,000;
ЭНОКСАПАРИН НАТРИЯ ВЕЛФАРМ, р-р д/ин. 10000 анти-Xa МЕ/мл, амп. 0,4 мл, пач. картон. 10;;;;;амп. 0.4 см3;;150,000;150,000;
431124 до 31.10.26, <партии не учитываются>;;;;;;;150,000;150,000;
Поступление товаров 0000-000101 от 03.12.2024 10:45:02;;;;;;;150,000;;150,000
Отпуск в отделение 0000-000490 от 03.12.2024 15:58:49;;;;;;150,000;;150,000;
Субсидии (5);;;;;;10 500,000;;10 500,000;
Шприц одноразовый 5 мл;;;;;шт;10 500,000;;10 500,000;